ANONYMOUS_PERSON_ID,DATE  - MONTH,SEMESTER,MONTH,COUNTRY,MENTOR' S NAME - ANONYMIZED,MENTOR ID - HASHED,COHORT,SCHOLAR'NAME - ANONYMIZED,UNIVERSITY,SESSION,DATE OF THE SESSION - MONTH,Modalidad del espacio,¿Tiene riesgo de permanencia?,ACADEMIC STATUS,ACADEMIC CAUSE,¿Qué situación específica está presentando el becario? (seleccione  máx 2 con más impacto en la permanencia),Número de asignaturas/cursos aprobados,Número de asignaturas/cursos en riesgo de no aprobar (o no aprobados),PSYCHOSOCIAL STATUS,PSYCHOSOCIAL CAUSE,¿Qué situación específica está presentando el becario? (seleccione  máx 2 con más impacto en la permanencia),GLOBAL STATUS,Tiempo estimado del acompañamiento,Tutorías individuales,Tutorías grupales,Mentorías individuales,Mentorías grupales,Talleres grupales,¿Participó en actividades?,¿Qué mes reportas?,Submission ID - HASHED
SCHOLAR-A1BC51921E85,2026-02,2026-1,MES 1,COLOMBIA,Mentor-F14A1035,HASH-7938F9C4972C,Cohorte 2026 COL,Scholar-A1BC5192,Universidad EIA,Mentoría 1,2026-02,Virtual,No,Sin alertas,,SIN ALERTA,0,0,Sin alertas,,SIN ALERTA,SIN RIESGO,Sin alertas: Seguimiento mensual,,,,,,No,,HASH-10C5269EB9E6
SCHOLAR-AA8CAAF5BF76,2026-02,2026-1,MES 1,COLOMBIA,Mentor-F14A1035,HASH-7938F9C4972C,Cohorte 2025 COL,Scholar-AA8CAAF5,Universidad EIA,Mentoría 1,2026-02,Virtual,No,Sin alertas,,SIN ALERTA,0,0,Sin alertas,,SIN ALERTA,SIN RIESGO,Sin alertas: Seguimiento mensual,,,,,,No,,HASH-3F0D6AFA2693
SCHOLAR-1126FFD5623F,2026-02,2026-1,MES 1,COLOMBIA,Mentor-E8A42252,HASH-6398EC59B9C3,Cohorte 2025 COL,Scholar-1126FFD5,Universidad del Norte,Mentoría 1,2026-02,Virtual,No,Medio,,MEDIO: Está teniendo dificultades para entender más de 1 asignatura.,0,0,Sin alertas,,SIN ALERTA,RIESGO MEDIO,Medio: 4-8 semanas,,,,,,No,,HASH-D1FCFE80D554
SCHOLAR-E97EA82B3ECD,2026-02,2026-1,MES 1,COLOMBIA,Mentor-2ADFAAC3,HASH-E1DE72098FF3,Cohorte 2025 COL,Scholar-E97EA82B,Universidad Pontificia Bolivariana,Mentoría 1,2026-02,Virtual,Sí,Alto,,ALTO: En riesgo de no obtener el promedio requerido (programa).,16,2,Bajo,,BAJO: Duda ocasional sobre sus capacidades académicas.,RIESGO ALTO,Alto: 8-10 semanas,,,,,,No,,HASH-3C85693744D9
SCHOLAR-AB90B7B0CD4A,2026-02,2026-1,MES 1,COLOMBIA,Mentor-2ADFAAC3,HASH-E1DE72098FF3,Cohorte 2025 COL,Scholar-AB90B7B0,Universidad de los Andes,Mentoría 1,2026-02,Virtual,No,Bajo,,BAJO: Presenta 1 parcial o examen con nota desaprobatoria.,7,1,Bajo,,"BAJO: Se ha sentido triste, ansioso/a o desmotivado/a en los últimos días.",RIESGO BAJO,Bajo: 4 semanas,,,,,,No,,HASH-06529B4F7598
SCHOLAR-DD3F9E1C0B52,2026-02,2026-1,MES 1,COLOMBIA,Mentor-2ADFAAC3,HASH-E1DE72098FF3,Cohorte 2026 COL,Scholar-DD3F9E1C,Universidad de los Andes,Mentoría 1,2026-02,Virtual,No,Sin alertas,,SIN ALERTA,6,0,Sin alertas,,SIN ALERTA,SIN RIESGO,Sin alertas: Seguimiento mensual,,,,,,No,,HASH-5FAFAF6F2649
SCHOLAR-639D5029D4A0,2026-02,2026-1,MES 1,COLOMBIA,Mentor-2ADFAAC3,HASH-E1DE72098FF3,Cohorte 2026 COL,Scholar-639D5029,Universidad de los Andes,Mentoría 1,2026-02,Virtual,No,Sin alertas,,SIN ALERTA,7,0,Bajo,,BAJO: Estrés académico ocasional.,RIESGO BAJO,Bajo: 4 semanas,,,,,,No,,HASH-28B3C7A2034A
SCHOLAR-E510C6B0F74D,2026-02,2026-1,MES 1,COLOMBIA,Mentor-F14A1035,HASH-7938F9C4972C,Cohorte 2026 COL,Scholar-E510C6B0,Universidad EIA,Mentoría 1,2026-02,Virtual,No,Sin alertas,,SIN ALERTA,0,0,Sin alertas,,SIN ALERTA,SIN RIESGO,Sin alertas: Seguimiento mensual,,,,,,No,,HASH-C9EA4900A3D3
SCHOLAR-876BAC4113E0,2026-02,2026-1,MES 1,COLOMBIA,Mentor-2ADFAAC3,HASH-E1DE72098FF3,Cohorte 2026 COL,Scholar-876BAC41,Universidad de los Andes,Mentoría 1,2026-02,Virtual,No,Sin alertas,,SIN ALERTA,7,0,Sin alertas,,SIN ALERTA,SIN RIESGO,Sin alertas: Seguimiento mensual,,,,,,No,,HASH-77E25FA9B776
SCHOLAR-8FE0F88AA594,2026-02,2026-1,MES 1,COLOMBIA,Mentor-F14A1035,HASH-7938F9C4972C,Cohorte 2025 COL,Scholar-8FE0F88A,Pontificia Universidad Javeriana,Mentoría 1,2026-02,Virtual,No,Sin alertas,,SIN ALERTA,0,0,Sin alertas,,SIN ALERTA,SIN RIESGO,Sin alertas: Seguimiento mensual,,,,,,No,,HASH-50200DD45133
SCHOLAR-9C5C835978AA,2026-02,2026-1,MES 1,COLOMBIA,Mentor-2ADFAAC3,HASH-E1DE72098FF3,Cohorte 2026 COL,Scholar-9C5C8359,Universidad de los Andes,Mentoría 1,2026-02,Virtual,Sí,Medio,,MEDIO: Perdió parciales cruciales en dos o más materias.,6,2,Bajo,,BAJO: Estrés académico ocasional.,RIESGO MEDIO,Medio: 4-8 semanas,,,,,,No,,HASH-40D279FF2D9D
SCHOLAR-9181E5AB3D08,2026-02,2026-1,MES 1,COLOMBIA,Mentor-2ADFAAC3,HASH-E1DE72098FF3,Cohorte 2025 COL,Scholar-9181E5AB,Universidad de los Andes,Mentoría 1,2026-02,Virtual,No,Bajo,,"BAJO: Presenta 1 parcial o examen con nota desaprobatoria.
BAJO: Está teniendo dificultades para entender 1 asignaturas.",7,1,Medio,,MEDIO: Dificultades económicas que generan preocupación constante (afecta su desempeño).,RIESGO MEDIO,Medio: 4-8 semanas,,,,,,No,,HASH-0C9D673BBC63
SCHOLAR-12A9656BFEFA,2026-02,2026-1,MES 1,COLOMBIA,Mentor-2ADFAAC3,HASH-E1DE72098FF3,Cohorte 2025 COL,Scholar-12A9656B,Universidad del Norte,Mentoría 1,2026-02,Virtual,No,Sin alertas,,SIN ALERTA,6,0,Sin alertas,,SIN ALERTA,SIN RIESGO,Sin alertas: Seguimiento mensual,,,,,,No,,HASH-B6E34CC04BD6
SCHOLAR-99E4E94D43D4,2026-02,2026-1,MES 1,COLOMBIA,Mentor-2ADFAAC3,HASH-E1DE72098FF3,Cohorte 2026 COL,Scholar-99E4E94D,Universidad de los Andes,Mentoría 1,2026-02,Virtual,No,Sin alertas,,SIN ALERTA,6,0,Sin alertas,,SIN ALERTA,SIN RIESGO,Sin alertas: Seguimiento mensual,,,,,,No,,HASH-8E223ABD5314
SCHOLAR-18067FF02D47,2026-02,2026-1,MES 1,COLOMBIA,Mentor-2ADFAAC3,HASH-E1DE72098FF3,Cohorte 2026 COL,Scholar-18067FF0,Universidad de los Andes,Mentoría 1,2026-02,Virtual,No,Bajo,,BAJO: Presenta 1 parcial o examen con nota desaprobatoria.,6,0,Bajo,,"BAJO: Se ha sentido triste, ansioso/a o desmotivado/a en los últimos días.",RIESGO BAJO,Bajo: 4 semanas,,,,,,No,,HASH-9DDC27F87F77
SCHOLAR-5C11522B98B9,2026-02,2026-1,MES 1,COLOMBIA,Mentor-2ADFAAC3,HASH-E1DE72098FF3,Cohorte 2026 COL,Scholar-5C11522B,Universidad de los Andes,Mentoría 1,2026-02,Virtual,No,Medio,,MEDIO: Perdió parciales cruciales en dos o más materias.,7,6,Sin alertas,,SIN ALERTA,RIESGO MEDIO,Medio: 4-8 semanas,,,,,,No,,HASH-28F72521F0BD
SCHOLAR-87962DECDE3F,2026-02,2026-1,MES 1,COLOMBIA,Mentor-F14A1035,HASH-7938F9C4972C,Cohorte 2026 COL,Scholar-87962DEC,Universidad EIA,Mentoría 1,2026-02,Virtual,Sí,Bajo,,"BAJO: Presenta 1 parcial o examen con nota desaprobatoria.
BAJO: Está teniendo dificultades para entender 1 asignaturas.",0,0,Sin alertas,,SIN ALERTA,RIESGO BAJO,Bajo: 4 semanas,,,,,,No,,HASH-8B0C70082644
SCHOLAR-34F8AC22115C,2026-02,2026-1,MES 1,COLOMBIA,Mentor-2ADFAAC3,HASH-E1DE72098FF3,Cohorte 2026 COL,Scholar-34F8AC22,Universidad del Norte,Mentoría 1,2026-02,Virtual,No,Sin alertas,,SIN ALERTA,6,0,Sin alertas,,SIN ALERTA,SIN RIESGO,Sin alertas: Seguimiento mensual,,,,,,No,,HASH-FCC2EA519CB4
SCHOLAR-7FB0C90CD637,2026-02,2026-1,MES 1,COLOMBIA,Mentor-2ADFAAC3,HASH-E1DE72098FF3,Cohorte 2026 COL,Scholar-7FB0C90C,Universidad de los Andes,Mentoría 1,2026-02,Virtual,No,Sin alertas,,SIN ALERTA,7,0,Sin alertas,,SIN ALERTA,SIN RIESGO,Sin alertas: Seguimiento mensual,,,,,,No,,HASH-ECA86F44118E
SCHOLAR-51D494705753,2026-02,2026-1,MES 1,COLOMBIA,Mentor-2ADFAAC3,HASH-E1DE72098FF3,Cohorte 2026 COL,Scholar-51D49470,Universidad del Norte,Mentoría 1,2026-02,Virtual,No,Sin alertas,,SIN ALERTA,6,0,Bajo,,"BAJO: Se ha sentido triste, ansioso/a o desmotivado/a en los últimos días.",RIESGO BAJO,Bajo: 4 semanas,,,,,,No,,HASH-1FA8E88C5780
SCHOLAR-C3DEB10FF62A,2026-02,2026-1,MES 1,COLOMBIA,Mentor-E8A42252,HASH-6398EC59B9C3,Cohorte 2026 COL,Scholar-C3DEB10F,Universidad Icesi,Mentoría 1,2026-02,Virtual,No,Sin alertas,,SIN ALERTA,0,0,Sin alertas,,SIN ALERTA,SIN RIESGO,Sin alertas: Seguimiento mensual,,,,,,No,,HASH-A4A0D4C2ADE4
SCHOLAR-EE18E73205BF,2026-02,2026-1,MES 1,COLOMBIA,Mentor-E8A42252,HASH-6398EC59B9C3,Cohorte 2026 COL,Scholar-EE18E732,Universidad Icesi,Mentoría 1,2026-02,Virtual,No,Sin alertas,,SIN ALERTA,0,0,Bajo,,"BAJO: Duda ocasional sobre sus capacidades académicas.
BAJO: Estrés académico ocasional.",RIESGO BAJO,Bajo: 4 semanas,,,,,,No,,HASH-0CECB0C8068B
SCHOLAR-035BE8FB1094,2026-02,2026-1,MES 1,COLOMBIA,Mentor-E8A42252,HASH-6398EC59B9C3,Cohorte 2025 COL,Scholar-035BE8FB,Universidad del Norte,Mentoría 1,2026-02,Virtual,No,Sin alertas,,SIN ALERTA,0,0,Sin alertas,,SIN ALERTA,SIN RIESGO,Sin alertas: Seguimiento mensual,,,,,,No,,HASH-D5EA0581FFAB
SCHOLAR-CD1699E4A59C,2026-02,2026-1,MES 1,COLOMBIA,Mentor-E8A42252,HASH-6398EC59B9C3,Cohorte 2026 COL,Scholar-CD1699E4,Universidad EAFIT,Mentoría 1,2026-02,Virtual,No,Bajo,,"BAJO: Presenta 1 parcial o examen con nota desaprobatoria.
BAJO: Tiene dificultades en hábitos y métodos de estudio.",0,0,Sin alertas,,SIN ALERTA,RIESGO BAJO,Bajo: 4 semanas,,,,,,No,,HASH-DF2E19C5298E
SCHOLAR-4CB2C0B08DA7,2026-02,2026-1,MES 1,COLOMBIA,Mentor-E8A42252,HASH-6398EC59B9C3,Cohorte 2026 COL,Scholar-4CB2C0B0,Universidad EAFIT,Mentoría 1,2026-02,Virtual,No,Sin alertas,,SIN ALERTA,0,0,Sin alertas,,SIN ALERTA,SIN RIESGO,Sin alertas: Seguimiento mensual,,,,,,No,,HASH-8F64A30CE850
SCHOLAR-713CFFDDCB1A,2026-02,2026-1,MES 1,COLOMBIA,Mentor-E8A42252,HASH-6398EC59B9C3,Cohorte 2026 COL,Scholar-713CFFDD,Universidad EAFIT,Mentoría 1,2026-02,Virtual,No,Bajo,,"BAJO: Presenta 1 parcial o examen con nota desaprobatoria.
BAJO: Está teniendo dificultades para entender 1 asignaturas.",0,0,Sin alertas,,SIN ALERTA,RIESGO BAJO,Bajo: 4 semanas,,,,,,No,,HASH-039A3FEAF83A
SCHOLAR-C85E5875C68B,2026-02,2026-1,MES 1,COLOMBIA,Mentor-E8A42252,HASH-6398EC59B9C3,Cohorte 2026 COL,Scholar-C85E5875,Universidad EAFIT,Mentoría 1,2026-02,Virtual,No,Sin alertas,,SIN ALERTA,0,0,Sin alertas,,SIN ALERTA,SIN RIESGO,Sin alertas: Seguimiento mensual,,,,,,No,,HASH-A51D39D251E7
SCHOLAR-ED7DED95D0D9,2026-02,2026-1,MES 1,COLOMBIA,Mentor-E8A42252,HASH-6398EC59B9C3,Cohorte 2025 COL,Scholar-ED7DED95,Universidad del Norte,Mentoría 1,2026-02,Virtual,No,Sin alertas,,SIN ALERTA,0,0,Sin alertas,,SIN ALERTA,SIN RIESGO,Sin alertas: Seguimiento mensual,,,,,,No,,HASH-762129E9AA36
SCHOLAR-48F5D11A53E6,2026-02,2026-1,MES 1,COLOMBIA,Mentor-E8A42252,HASH-6398EC59B9C3,Cohorte 2026 COL,Scholar-48F5D11A,Universidad EAFIT,Mentoría 1,2026-02,Virtual,No,Sin alertas,,SIN ALERTA,0,0,Sin alertas,,SIN ALERTA,SIN RIESGO,Sin alertas: Seguimiento mensual,,,,,,No,,HASH-96B2EF722994
SCHOLAR-F41C6536F6FC,2026-02,2026-1,MES 1,COLOMBIA,Mentor-E8A42252,HASH-6398EC59B9C3,Cohorte 2026 COL,Scholar-F41C6536,Universidad EAFIT,Mentoría 1,2026-02,Virtual,No,Sin alertas,,SIN ALERTA,0,0,Sin alertas,,SIN ALERTA,SIN RIESGO,Sin alertas: Seguimiento mensual,,,,,,No,,HASH-874C64B7C78F
SCHOLAR-A1B24F19188A,2026-03,2026-1,MES 1,COLOMBIA,Mentor-2ADFAAC3,HASH-E1DE72098FF3,Cohorte 2026 COL,Scholar-A1B24F19,Universidad de los Andes,Mentoría 1,2026-02,Virtual,No,Sin alertas,,SIN ALERTA,6,0,Sin alertas,,SIN ALERTA,SIN RIESGO,Sin alertas: Seguimiento mensual,,,,,,No,,HASH-9EFAC9144E08
SCHOLAR-7FB4327269A2,2026-03,2026-1,MES 1,COLOMBIA,Mentor-2ADFAAC3,HASH-E1DE72098FF3,Cohorte 2026 COL,Scholar-7FB43272,Universidad de los Andes,Mentoría 1,2026-02,Virtual,No,Bajo,,BAJO: Presenta 1 parcial o examen con nota desaprobatoria.,7,1,Sin alertas,,SIN ALERTA,RIESGO BAJO,Bajo: 4 semanas,,,,,,No,,HASH-1B747AA7F60E
SCHOLAR-7CF2E2274BFA,2026-03,2026-1,MES 1,COLOMBIA,Mentor-2ADFAAC3,HASH-E1DE72098FF3,Cohorte 2026 COL,Scholar-7CF2E227,Universidad de los Andes,Mentoría 1,2026-02,Virtual,No,Bajo,,BAJO: Presenta 1 parcial o examen con nota desaprobatoria.,5,0,Sin alertas,,SIN ALERTA,RIESGO BAJO,Bajo: 4 semanas,,,,,,No,,HASH-0D115A7CAC73
SCHOLAR-3F3C2B416ADA,2026-03,2026-1,MES 1,COLOMBIA,Mentor-2ADFAAC3,HASH-E1DE72098FF3,Cohorte 2026 COL,Scholar-3F3C2B41,Universidad de los Andes,Mentoría 1,2026-03,Virtual,No,Bajo,,BAJO: Presenta 1 parcial o examen con nota desaprobatoria.,6,1,Sin alertas,,SIN ALERTA,RIESGO BAJO,Bajo: 4 semanas,,,,,,No,,HASH-E2F2BDE0DCDF
SCHOLAR-94B2ADB70651,2026-03,2026-1,MES 1,COLOMBIA,Mentor-2ADFAAC3,HASH-E1DE72098FF3,Cohorte 2026 COL,Scholar-94B2ADB7,Universidad del Norte,Mentoría 1,2026-03,Virtual,No,Sin alertas,,SIN ALERTA,6,0,Sin alertas,,SIN ALERTA,SIN RIESGO,Sin alertas: Seguimiento mensual,,,,,,No,,HASH-872A70AE1831
SCHOLAR-E2B30DD26CD8,2026-03,2026-1,MES 1,COLOMBIA,Mentor-2ADFAAC3,HASH-E1DE72098FF3,Cohorte 2026 COL,Scholar-E2B30DD2,Universidad del Norte,Mentoría 1,2026-03,Virtual,No,Sin alertas,,SIN ALERTA,5,0,Sin alertas,,SIN ALERTA,SIN RIESGO,Sin alertas: Seguimiento mensual,,,,,,No,,HASH-1BC3823E86FB
SCHOLAR-35BA28D82AF3,2026-03,2026-1,MES 1,COLOMBIA,Mentor-E8A42252,HASH-6398EC59B9C3,Cohorte 2026 COL,Scholar-35BA28D8,Universidad EAFIT,Mentoría 1,2026-03,Virtual,No,Sin alertas,,SIN ALERTA,0,0,Sin alertas,,SIN ALERTA,SIN RIESGO,Sin alertas: Seguimiento mensual,,,,,,No,,HASH-D80943FA640B
SCHOLAR-224953FA49FC,2026-03,2026-1,MES 1,COLOMBIA,Mentor-2ADFAAC3,HASH-E1DE72098FF3,Cohorte 2026 COL,Scholar-224953FA,Universidad de los Andes,Mentoría 1,2026-03,Virtual,No,Sin alertas,,SIN ALERTA,6,0,Sin alertas,,SIN ALERTA,SIN RIESGO,Sin alertas: Seguimiento mensual,,,,,,No,,HASH-83A2080D67D5
SCHOLAR-96AF29D30254,2026-03,2026-1,MES 1,COLOMBIA,Mentor-2ADFAAC3,HASH-E1DE72098FF3,Cohorte 2026 COL,Scholar-96AF29D3,Universidad de los Andes,Mentoría 1,2026-03,Virtual,No,Bajo,,BAJO: Presenta 1 parcial o examen con nota desaprobatoria.,7,1,Sin alertas,,SIN ALERTA,RIESGO BAJO,Bajo: 4 semanas,,,,,,No,,HASH-5548FDD35E24
SCHOLAR-75A78E27DD3F,2026-03,2026-1,MES 1,COLOMBIA,Mentor-F14A1035,HASH-7938F9C4972C,Cohorte 2025 COL,Scholar-75A78E27,Pontificia Universidad Javeriana,Mentoría 1,2026-02,Virtual,No,Sin alertas,,SIN ALERTA,0,0,Sin alertas,,SIN ALERTA,SIN RIESGO,Sin alertas: Seguimiento mensual,,,,,,No,,HASH-2C45021D0448
SCHOLAR-F8B14591F744,2026-03,2026-1,MES 1,COLOMBIA,Mentor-F14A1035,HASH-7938F9C4972C,Cohorte 2026 COL,Scholar-F8B14591,Pontificia Universidad Javeriana,Mentoría 1,2026-02,Virtual,Sí,Bajo,,"BAJO: Está teniendo dificultades para entender 1 asignaturas.
BAJO: Tiene dificultades en hábitos y métodos de estudio.",0,0,Bajo,,"BAJO: Se ha sentido triste, ansioso/a o desmotivado/a en los últimos días.
BAJO: Estrés académico ocasional.",RIESGO BAJO,Bajo: 4 semanas,,,,,,No,,HASH-C28B65817529
SCHOLAR-7C41AB6CAB6D,2026-03,2026-1,MES 1,COLOMBIA,Mentor-F14A1035,HASH-7938F9C4972C,Cohorte 2025 COL,Scholar-7C41AB6C,Pontificia Universidad Javeriana,Mentoría 1,2026-02,Virtual,No,Sin alertas,,SIN ALERTA,0,0,Sin alertas,,SIN ALERTA,SIN RIESGO,Sin alertas: Seguimiento mensual,,,,,,No,,HASH-BA74ACFC6D25
SCHOLAR-0277D43B2D10,2026-03,2026-1,MES 1,COLOMBIA,Mentor-F14A1035,HASH-7938F9C4972C,Cohorte 2026 COL,Scholar-0277D43B,Universidad EIA,Mentoría 1,2026-02,Virtual,Sí,Bajo,,"BAJO: Presenta 1 parcial o examen con nota desaprobatoria.
BAJO: Está teniendo dificultades para entender 1 asignaturas.",0,0,Sin alertas,,SIN ALERTA,RIESGO BAJO,Bajo: 4 semanas,,,,,,No,,HASH-AA87483A233B
SCHOLAR-7ACB94937FDF,2026-03,2026-1,MES 1,COLOMBIA,Mentor-F14A1035,HASH-7938F9C4972C,Cohorte 2026 COL,Scholar-7ACB9493,Universidad EIA,Mentoría 1,2026-02,Virtual,No,Sin alertas,,SIN ALERTA,0,0,Sin alertas,,SIN ALERTA,SIN RIESGO,Sin alertas: Seguimiento mensual,,,,,,No,,HASH-8257B63FC7DD
SCHOLAR-A985B6B52274,2026-03,2026-1,MES 1,COLOMBIA,Mentor-F14A1035,HASH-7938F9C4972C,Cohorte 2025 COL,Scholar-A985B6B5,Universidad EIA,Mentoría 1,2026-02,Virtual,Sí,Medio,,"BAJO: Tiene dificultades en hábitos y métodos de estudio.
MEDIO: Está teniendo dificultades para entender más de 1 asignatura.",0,0,Alto,,ALTO: Ha dejado de realizar actividades sociales o familiares.,RIESGO ALTO,Alto: 8-10 semanas,,,,,,No,,HASH-E663D5CBB3D4
SCHOLAR-5E1800A7C7BD,2026-03,2026-1,MES 1,COLOMBIA,Mentor-F14A1035,HASH-7938F9C4972C,Cohorte 2026 COL,Scholar-5E1800A7,Universidad EIA,Mentoría 1,2026-02,Virtual,No,Sin alertas,,SIN ALERTA,0,0,Sin alertas,,SIN ALERTA,SIN RIESGO,Sin alertas: Seguimiento mensual,,,,,,No,,HASH-9D9BAC6178E0
SCHOLAR-501E11345DBD,2026-03,2026-1,MES 1,COLOMBIA,Mentor-F14A1035,HASH-7938F9C4972C,Cohorte 2026 COL,Scholar-501E1134,Universidad EIA,Mentoría 1,2026-03,Virtual,Sí,Bajo,,"BAJO: Está teniendo dificultades para entender 1 asignaturas.
BAJO: Tiene dificultades en hábitos y métodos de estudio.",0,0,Bajo,,"BAJO: Duda ocasional sobre sus capacidades académicas.
BAJO: Estrés académico ocasional.",RIESGO BAJO,Bajo: 4 semanas,,,,,,No,,HASH-71ED3C9C4E29
SCHOLAR-C8AF78F68638,2026-03,2026-1,MES 1,COLOMBIA,Mentor-F14A1035,HASH-7938F9C4972C,Cohorte 2026 COL,Scholar-C8AF78F6,Universidad EIA,Mentoría 1,2026-03,Virtual,Sí,Bajo,,"BAJO: Presenta 1 parcial o examen con nota desaprobatoria.
BAJO: Está teniendo dificultades para entender 1 asignaturas.",0,0,Bajo,,"BAJO: Se ha sentido triste, ansioso/a o desmotivado/a en los últimos días.
BAJO: Estrés académico ocasional.",RIESGO BAJO,Bajo: 4 semanas,,,,,,No,,HASH-F0E1A8BF48F2
SCHOLAR-AAB139ED070D,2026-03,2026-1,MES 1,COLOMBIA,Mentor-F14A1035,HASH-7938F9C4972C,Cohorte 2025 COL,Scholar-AAB139ED,Universidad EIA,Mentoría 1,2026-04,Virtual,Sí,Medio,,"BAJO: Está teniendo dificultades para entender 1 asignaturas.
MEDIO: Reprobó 1 o 2 asignaturas de cálculo/math el semestre anterior.",0,0,Sin alertas,,SIN ALERTA,RIESGO MEDIO,Medio: 4-8 semanas,,,,,,No,,HASH-3D63BB528EF1
SCHOLAR-54EE3F1A634F,2026-03,2026-1,MES 1,COLOMBIA,Mentor-F14A1035,HASH-7938F9C4972C,Cohorte 2026 COL,Scholar-54EE3F1A,Universidad EIA,Mentoría 1,2026-04,Virtual,No,Sin alertas,,SIN ALERTA,0,0,Sin alertas,,SIN ALERTA,SIN RIESGO,Sin alertas: Seguimiento mensual,,,,,,No,,HASH-62C8C48E8955
SCHOLAR-0D4426F66090,2026-03,2026-1,MES 1,COLOMBIA,Mentor-2ADFAAC3,HASH-E1DE72098FF3,Cohorte 2026 COL,Scholar-0D4426F6,Universidad de los Andes,Mentoría 1,2026-04,Virtual,Sí,Alto,,ALTO: En riesgo de no obtener el promedio requerido (programa).,6,2,Bajo,,BAJO: Duda ocasional sobre sus capacidades académicas.,RIESGO ALTO,Alto: 8-10 semanas,,,,,,No,,HASH-6B30081097E0
SCHOLAR-EA2C0BD7FF58,2026-03,2026-1,MES 1,COLOMBIA,Mentor-2ADFAAC3,HASH-E1DE72098FF3,Cohorte 2026 COL,Scholar-EA2C0BD7,Universidad de los Andes,Mentoría 1,2026-05,Virtual,No,Sin alertas,,SIN ALERTA,7,0,Sin alertas,,SIN ALERTA,SIN RIESGO,Sin alertas: Seguimiento mensual,,,,,,No,,HASH-B5250703A971
SCHOLAR-41CE2FD24B22,2026-03,2026-1,MES 1,COLOMBIA,Mentor-2ADFAAC3,HASH-E1DE72098FF3,Cohorte 2026 COL,Scholar-41CE2FD2,Universidad del Norte,Mentoría 1,2026-05,Virtual,No,Sin alertas,,SIN ALERTA,5,0,Sin alertas,,SIN ALERTA,SIN RIESGO,Sin alertas: Seguimiento mensual,,,,,,No,,HASH-2C47C28B73CF
SCHOLAR-8D31FE4A3A67,2026-03,2026-1,MES 1,COLOMBIA,Mentor-2ADFAAC3,HASH-E1DE72098FF3,Cohorte 2026 COL,Scholar-8D31FE4A,Universidad del Norte,Mentoría 1,2026-06,Virtual,No,Sin alertas,,SIN ALERTA,6,0,Sin alertas,,SIN ALERTA,SIN RIESGO,Sin alertas: Seguimiento mensual,,,,,,No,,HASH-E670D33D90D0
SCHOLAR-A7AD4C0B1060,2026-03,2026-1,MES 1,COLOMBIA,Mentor-2ADFAAC3,HASH-E1DE72098FF3,Cohorte 2026 COL,Scholar-A7AD4C0B,Universidad del Norte,Mentoría 1,2026-06,Virtual,No,Sin alertas,,SIN ALERTA,6,0,Sin alertas,,SIN ALERTA,SIN RIESGO,Sin alertas: Seguimiento mensual,,,,,,No,,HASH-570E710092FE
SCHOLAR-A6A522BA2A3D,2026-03,2026-1,MES 1,COLOMBIA,Mentor-2ADFAAC3,HASH-E1DE72098FF3,Cohorte 2026 COL,Scholar-A6A522BA,Universidad de los Andes,Mentoría 1,2026-06,Virtual,No,Bajo,,BAJO: Presenta 1 parcial o examen con nota desaprobatoria.,6,1,Bajo,,"BAJO: Se ha sentido triste, ansioso/a o desmotivado/a en los últimos días.",RIESGO BAJO,Bajo: 4 semanas,,,,,,No,,HASH-B91FBE719E13
SCHOLAR-577E2CB6585B,2026-03,2026-1,MES 1,COLOMBIA,Mentor-2ADFAAC3,HASH-E1DE72098FF3,Cohorte 2026 COL,Scholar-577E2CB6,Universidad del Norte,Mentoría 1,2026-06,Virtual,No,Sin alertas,,SIN ALERTA,6,0,Bajo,,"BAJO: Se ha sentido triste, ansioso/a o desmotivado/a en los últimos días.",RIESGO BAJO,Bajo: 4 semanas,,,,,,No,,HASH-80B0F535F9EE
SCHOLAR-64485B0DF3E3,2026-03,2026-1,MES 1,COLOMBIA,Mentor-2ADFAAC3,HASH-E1DE72098FF3,Cohorte 2026 COL,Scholar-64485B0D,Universidad del Norte,Mentoría 1,2026-06,Virtual,No,Sin alertas,,SIN ALERTA,6,0,Bajo,,"BAJO: Se ha sentido triste, ansioso/a o desmotivado/a en los últimos días.",RIESGO BAJO,Bajo: 4 semanas,,,,,,No,,HASH-68BEBD102542
SCHOLAR-323746906800,2026-03,2026-1,MES 1,COLOMBIA,Mentor-2ADFAAC3,HASH-E1DE72098FF3,Cohorte 2026 COL,Scholar-32374690,Universidad del Norte,Mentoría 1,2026-06,Virtual,No,Sin alertas,,SIN ALERTA,6,0,Sin alertas,,SIN ALERTA,SIN RIESGO,Sin alertas: Seguimiento mensual,,,,,,No,,HASH-9255367DBCCB
SCHOLAR-E48E6AEED740,2026-03,2026-1,MES 1,COLOMBIA,Mentor-2ADFAAC3,HASH-E1DE72098FF3,Cohorte 2026 COL,Scholar-E48E6AEE,Universidad del Norte,Mentoría 1,2026-06,Virtual,No,Sin alertas,,SIN ALERTA,6,0,Sin alertas,,SIN ALERTA,SIN RIESGO,Sin alertas: Seguimiento mensual,,,,,,No,,HASH-E6A52B90CE4D
SCHOLAR-DD8B04764A25,2026-03,2026-1,MES 1,COLOMBIA,Mentor-2ADFAAC3,HASH-E1DE72098FF3,Cohorte 2026 COL,Scholar-DD8B0476,Universidad del Norte,Mentoría 1,2026-06,Virtual,No,Sin alertas,,SIN ALERTA,6,0,Bajo,,BAJO: Duda ocasional sobre sus capacidades académicas.,RIESGO BAJO,Bajo: 4 semanas,,,,,,No,,HASH-63FCB8C81BE0
SCHOLAR-914BBA8604F4,2026-03,2026-1,MES 1,COLOMBIA,Mentor-2ADFAAC3,HASH-E1DE72098FF3,Cohorte 2026 COL,Scholar-914BBA86,Universidad del Norte,Mentoría 1,2026-06,Virtual,No,Sin alertas,,SIN ALERTA,6,0,Sin alertas,,SIN ALERTA,SIN RIESGO,Sin alertas: Seguimiento mensual,,,,,,No,,HASH-E060A238217F
SCHOLAR-FBBF21827D3C,2026-03,2026-1,MES 1,COLOMBIA,Mentor-7C4B3EAC,HASH-A4B52B5B9CB9,Cohorte 2025 COL,Scholar-FBBF2182,Universidad Icesi,Mentoría 1,2026-02,Virtual,Sí,Bajo,,"BAJO: Está teniendo dificultades para entender 1 asignaturas.
BAJO: Tiene dificultades en hábitos y métodos de estudio.",0,0,Sin alertas,,SIN ALERTA,RIESGO BAJO,Bajo: 4 semanas,,,,,,No,,HASH-5CF79F96D6BE
SCHOLAR-3EFB2F5BBE8A,2026-03,2026-1,MES 1,COLOMBIA,Mentor-7C4B3EAC,HASH-A4B52B5B9CB9,Cohorte 2025 COL,Scholar-3EFB2F5B,Universidad EAFIT,Mentoría 1,2026-02,Virtual,No,Sin alertas,,SIN ALERTA,0,0,Sin alertas,,SIN ALERTA,SIN RIESGO,Sin alertas: Seguimiento mensual,,,,,,No,,HASH-A10D9D2BD621
SCHOLAR-BBFDC8E9E653,2026-03,2026-1,MES 1,COLOMBIA,Mentor-7C4B3EAC,HASH-A4B52B5B9CB9,Cohorte 2025 COL,Scholar-BBFDC8E9,Universidad EAFIT,Mentoría 1,2026-02,Virtual,No,Sin alertas,,SIN ALERTA,0,0,Sin alertas,,SIN ALERTA,SIN RIESGO,Sin alertas: Seguimiento mensual,,,,,,No,,HASH-273815EEA6D5
SCHOLAR-A89AABB342E6,2026-03,2026-1,MES 1,COLOMBIA,Mentor-7C4B3EAC,HASH-A4B52B5B9CB9,Cohorte 2025 COL,Scholar-A89AABB3,Universidad Icesi,Mentoría 1,2026-02,Virtual,No,Sin alertas,,SIN ALERTA,0,0,Sin alertas,,SIN ALERTA,SIN RIESGO,Sin alertas: Seguimiento mensual,,,,,,No,,HASH-BC06F23A3CB1
SCHOLAR-CE2D5F2BFC89,2026-03,2026-1,MES 1,COLOMBIA,Mentor-7C4B3EAC,HASH-A4B52B5B9CB9,Cohorte 2025 COL,Scholar-CE2D5F2B,Universidad Icesi,Mentoría 1,2026-02,Virtual,No,Sin alertas,,SIN ALERTA,0,0,Sin alertas,,SIN ALERTA,SIN RIESGO,Sin alertas: Seguimiento mensual,,,,,,No,,HASH-3281CCEFEB4F
SCHOLAR-5E23D2806BAF,2026-03,2026-1,MES 1,COLOMBIA,Mentor-7C4B3EAC,HASH-A4B52B5B9CB9,Cohorte 2025 COL,Scholar-5E23D280,Universidad Pontificia Bolivariana,Mentoría 1,2026-02,Virtual,No,Sin alertas,,SIN ALERTA,6,0,Sin alertas,,SIN ALERTA,SIN RIESGO,Sin alertas: Seguimiento mensual,,,,,,No,,HASH-595FD3B16422
SCHOLAR-D393B98CCAEB,2026-03,2026-1,MES 1,COLOMBIA,Mentor-7C4B3EAC,HASH-A4B52B5B9CB9,Cohorte 2025 COL,Scholar-D393B98C,Universidad Pontificia Bolivariana,Mentoría 1,2026-02,Virtual,No,Sin alertas,,SIN ALERTA,6,0,Sin alertas,,SIN ALERTA,SIN RIESGO,Sin alertas: Seguimiento mensual,,,,,,No,,HASH-7F3A83658861
SCHOLAR-0C2D48E37C8A,2026-03,2026-1,MES 1,COLOMBIA,Mentor-7C4B3EAC,HASH-A4B52B5B9CB9,Cohorte 2025 COL,Scholar-0C2D48E3,Universidad Pontificia Bolivariana,Mentoría 1,2026-02,Virtual,No,Bajo,,BAJO: Presenta 1 parcial o examen con nota desaprobatoria.,6,1,Sin alertas,,SIN ALERTA,RIESGO BAJO,Bajo: 4 semanas,,,,,,No,,HASH-C8370F8BBD9F
SCHOLAR-3F49A50AF900,2026-03,2026-1,MES 1,COLOMBIA,Mentor-2ADFAAC3,HASH-E1DE72098FF3,Cohorte 2025 COL,Scholar-3F49A50A,Universidad de los Andes,Mentoría 1,2026-09,Virtual,No,Medio,,MEDIO: Está perdiendiendo más de 1 asignatura/curso.,6,1,Sin alertas,,SIN ALERTA,RIESGO MEDIO,Medio: 4-8 semanas,,,,,,No,,HASH-8C165271809F
SCHOLAR-67D28FC32E1A,2026-03,2026-1,MES 1,COLOMBIA,Mentor-2ADFAAC3,HASH-E1DE72098FF3,Cohorte 2026 COL,Scholar-67D28FC3,Universidad del Norte,Mentoría 1,2026-09,Virtual,No,Sin alertas,,SIN ALERTA,6,0,Sin alertas,,SIN ALERTA,SIN RIESGO,Sin alertas: Seguimiento mensual,,,,,,No,,HASH-25AD48369613
SCHOLAR-57E907B58FB0,2026-03,2026-1,MES 1,COLOMBIA,Mentor-F14A1035,HASH-7938F9C4972C,Cohorte 2026 COL,Scholar-57E907B5,Pontificia Universidad Javeriana,Mentoría 1,2026-06,Virtual,No,Sin alertas,,SIN ALERTA,0,0,Sin alertas,,SIN ALERTA,SIN RIESGO,Sin alertas: Seguimiento mensual,,,,,,No,,HASH-9197B3AF0D3B
SCHOLAR-844B6D5B430E,2026-03,2026-1,MES 1,COLOMBIA,Mentor-F14A1035,HASH-7938F9C4972C,Cohorte 2026 COL,Scholar-844B6D5B,Universidad EIA,Mentoría 1,2026-06,Virtual,Sí,Bajo,,"BAJO: Presenta 1 parcial o examen con nota desaprobatoria.
BAJO: Está teniendo dificultades para entender 1 asignaturas.",0,0,Bajo,,"BAJO: Se ha sentido triste, ansioso/a o desmotivado/a en los últimos días.
BAJO: Estrés académico ocasional.",RIESGO BAJO,Bajo: 4 semanas,,,,,,No,,HASH-CE4EA9E6876C
SCHOLAR-3FDB0A1C29B7,2026-03,2026-1,MES 1,COLOMBIA,Mentor-F14A1035,HASH-7938F9C4972C,Cohorte 2025 COL,Scholar-3FDB0A1C,Universidad EIA,Mentoría 1,2026-06,Virtual,Sí,Bajo,,"BAJO: Presenta 1 parcial o examen con nota desaprobatoria.
BAJO: Está teniendo dificultades para entender 1 asignaturas.",0,1,Sin alertas,,SIN ALERTA,RIESGO BAJO,Bajo: 4 semanas,,,,,,No,,HASH-CAD3995A5E09
SCHOLAR-66DEAE450C0B,2026-03,2026-1,MES 1,COLOMBIA,Mentor-F14A1035,HASH-7938F9C4972C,Cohorte 2026 COL,Scholar-66DEAE45,Universidad EIA,Mentoría 1,2026-06,Virtual,Sí,Bajo,,"BAJO: Presenta 1 parcial o examen con nota desaprobatoria.
BAJO: Está teniendo dificultades para entender 1 asignaturas.",0,1,Sin alertas,,SIN ALERTA,RIESGO BAJO,Bajo: 4 semanas,,,,,,No,,HASH-C455C24063E9
SCHOLAR-3991A7E653FD,2026-03,2026-1,MES 1,COLOMBIA,Mentor-F14A1035,HASH-7938F9C4972C,Cohorte 2026 COL,Scholar-3991A7E6,Pontificia Universidad Javeriana,Mentoría 1,2026-04,Virtual,Sí,Bajo,,"BAJO: Presenta 1 parcial o examen con nota desaprobatoria.
BAJO: Está teniendo dificultades para entender 1 asignaturas.",0,0,Sin alertas,,SIN ALERTA,RIESGO BAJO,Bajo: 4 semanas,,,,,,No,,HASH-3C5E60AC7E24
SCHOLAR-F92E37E1006A,2026-03,2026-1,MES 1,COLOMBIA,Mentor-F14A1035,HASH-7938F9C4972C,Cohorte 2026 COL,Scholar-F92E37E1,Universidad EIA,Mentoría 1,2026-09,Virtual,Sí,Bajo,,"BAJO: Está teniendo dificultades para entender 1 asignaturas.
BAJO: Tiene dificultades en hábitos y métodos de estudio.",0,0,Bajo,,"BAJO: Duda ocasional sobre sus capacidades académicas.
BAJO: Se ha sentido triste, ansioso/a o desmotivado/a en los últimos días.",RIESGO BAJO,Bajo: 4 semanas,,,,,,No,,HASH-6EA049D7388B
SCHOLAR-C8AF78F68638,2026-03,2026-1,MES 1,COLOMBIA,Mentor-F14A1035,HASH-7938F9C4972C,Cohorte 2026 COL,Scholar-C8AF78F6,Universidad EIA,Mentoría 2,2026-04,Virtual,Sí,Bajo,,"BAJO: Está teniendo dificultades para entender 1 asignaturas.
BAJO: Tiene dificultades en hábitos y métodos de estudio.",0,0,Alto,,ALTO: Crisis emocional que afecta directamente el desempeño académico.,RIESGO ALTO,Alto: 8-10 semanas,,,,,,No,,HASH-C0C2F5E8405B
SCHOLAR-A2CBF9493F1C,2026-03,2026-1,MES 1,COLOMBIA,Mentor-2ADFAAC3,HASH-E1DE72098FF3,Cohorte 2026 COL,Scholar-A2CBF949,Universidad de los Andes,Mentoría 1,2026-10,Virtual,No,Sin alertas,,SIN ALERTA,6,0,Sin alertas,,SIN ALERTA,SIN RIESGO,Sin alertas: Seguimiento mensual,,,,,,No,,HASH-794CDBBDC195
SCHOLAR-7E642909A62F,2026-03,2026-1,MES 1,COLOMBIA,Mentor-E8A42252,HASH-6398EC59B9C3,Cohorte 2026 COL,Scholar-7E642909,Universidad EAFIT,Mentoría 1,2026-04,Virtual,No,Sin alertas,,SIN ALERTA,0,0,Sin alertas,,SIN ALERTA,SIN RIESGO,Sin alertas: Seguimiento mensual,,,,,,No,,HASH-9EB73444272D
SCHOLAR-F631CFB1AC12,2026-03,2026-1,MES 1,COLOMBIA,Mentor-E8A42252,HASH-6398EC59B9C3,Cohorte 2026 COL,Scholar-F631CFB1,Universidad EAFIT,Mentoría 1,2026-04,Virtual,No,Bajo,,"BAJO: Presenta 1 parcial o examen con nota desaprobatoria.
BAJO: Tiene dificultades en hábitos y métodos de estudio.",0,0,Sin alertas,,SIN ALERTA,RIESGO BAJO,Bajo: 4 semanas,,,,,,No,,HASH-B46E9639CDFB
SCHOLAR-852A6B5608A1,2026-03,2026-1,MES 1,COLOMBIA,Mentor-E8A42252,HASH-6398EC59B9C3,Cohorte 2026 COL,Scholar-852A6B56,Universidad EAFIT,Mentoría 1,2026-04,Virtual,No,Bajo,,"BAJO: Presenta 1 parcial o examen con nota desaprobatoria.
BAJO: Está teniendo dificultades para entender 1 asignaturas.",0,0,Bajo,,"BAJO: Duda ocasional sobre sus capacidades académicas.
BAJO: Estrés académico ocasional.",RIESGO BAJO,Bajo: 4 semanas,,,,,,No,,HASH-50E28D5CB2F1
SCHOLAR-B63727EC03E0,2026-03,2026-1,MES 1,COLOMBIA,Mentor-E8A42252,HASH-6398EC59B9C3,Cohorte 2026 COL,Scholar-B63727EC,Universidad EAFIT,Mentoría 1,2026-04,Virtual,No,Sin alertas,,SIN ALERTA,0,0,Sin alertas,,SIN ALERTA,SIN RIESGO,Sin alertas: Seguimiento mensual,,,,,,No,,HASH-84CB209A09F4
SCHOLAR-3BDF365D0B88,2026-03,2026-1,MES 1,COLOMBIA,Mentor-E8A42252,HASH-6398EC59B9C3,Cohorte 2026 COL,Scholar-3BDF365D,Universidad EAFIT,Mentoría 1,2026-05,Virtual,No,Sin alertas,,SIN ALERTA,0,0,Bajo,,"BAJO: Duda ocasional sobre sus capacidades académicas.
BAJO: Estrés académico ocasional.",RIESGO BAJO,Bajo: 4 semanas,,,,,,No,,HASH-831841B8E022
SCHOLAR-9DBD7F81E9E0,2026-03,2026-1,MES 1,COLOMBIA,Mentor-E8A42252,HASH-6398EC59B9C3,Cohorte 2026 COL,Scholar-9DBD7F81,Universidad EAFIT,Mentoría 1,2026-05,Virtual,No,Sin alertas,,SIN ALERTA,0,0,Sin alertas,,SIN ALERTA,SIN RIESGO,Sin alertas: Seguimiento mensual,,,,,,No,,HASH-87EEB6F0F81A
SCHOLAR-A9BA1B505585,2026-03,2026-1,MES 1,COLOMBIA,Mentor-E8A42252,HASH-6398EC59B9C3,Cohorte 2026 COL,Scholar-A9BA1B50,Universidad Icesi,Mentoría 1,2026-06,Virtual,No,Sin alertas,,SIN ALERTA,0,0,Sin alertas,,SIN ALERTA,SIN RIESGO,Sin alertas: Seguimiento mensual,,,,,,No,,HASH-A3021F604180
SCHOLAR-B209F529DDE6,2026-03,2026-1,MES 1,COLOMBIA,Mentor-E8A42252,HASH-6398EC59B9C3,Cohorte 2026 COL,Scholar-B209F529,Universidad Icesi,Mentoría 1,2026-06,Virtual,No,Sin alertas,,SIN ALERTA,0,0,Sin alertas,,SIN ALERTA,SIN RIESGO,Sin alertas: Seguimiento mensual,,,,,,No,,HASH-A6E1E80430BD
SCHOLAR-74E999B26884,2026-03,2026-1,MES 1,COLOMBIA,Mentor-E8A42252,HASH-6398EC59B9C3,Cohorte 2026 COL,Scholar-74E999B2,Universidad EAFIT,Mentoría 1,2026-09,Virtual,No,Sin alertas,,SIN ALERTA,0,0,Sin alertas,,SIN ALERTA,SIN RIESGO,Sin alertas: Seguimiento mensual,,,,,,No,,HASH-EABF766F2E8B
SCHOLAR-AFEF377642F4,2026-03,2026-1,MES 1,COLOMBIA,Mentor-E8A42252,HASH-6398EC59B9C3,Cohorte 2026 COL,Scholar-AFEF3776,Universidad EAFIT,Mentoría 1,2026-09,Virtual,No,Bajo,,"BAJO: Presenta 1 parcial o examen con nota desaprobatoria.
BAJO: Está teniendo dificultades para entender 1 asignaturas.",0,0,Sin alertas,,SIN ALERTA,RIESGO BAJO,Bajo: 4 semanas,,,,,,No,,HASH-3C5044DD0CF1
SCHOLAR-8D4E5E832303,2026-03,2026-1,MES 1,COLOMBIA,Mentor-E8A42252,HASH-6398EC59B9C3,Cohorte 2026 COL,Scholar-8D4E5E83,Universidad EAFIT,Mentoría 1,2026-09,Virtual,No,Bajo,,"BAJO: Presenta 1 parcial o examen con nota desaprobatoria.
BAJO: Está teniendo dificultades para entender 1 asignaturas.",0,0,Sin alertas,,SIN ALERTA,RIESGO BAJO,Bajo: 4 semanas,,,,,,No,,HASH-EB3EF545C47F
SCHOLAR-623FCC700280,2026-03,2026-1,MES 1,COLOMBIA,Mentor-E8A42252,HASH-6398EC59B9C3,Cohorte 2025 COL,Scholar-623FCC70,Universidad del Norte,Mentoría 1,2026-11,Virtual,No,Sin alertas,,SIN ALERTA,0,0,Sin alertas,,SIN ALERTA,SIN RIESGO,Sin alertas: Seguimiento mensual,,,,,,No,,HASH-CB9E35100BC3
SCHOLAR-F9436D1DB0F0,2026-03,2026-1,MES 1,COLOMBIA,Mentor-E8A42252,HASH-6398EC59B9C3,Cohorte 2026 COL,Scholar-F9436D1D,Universidad EAFIT,Mentoría 1,2026-11,Virtual,No,Bajo,,"BAJO: Presenta 1 parcial o examen con nota desaprobatoria.
BAJO: Está teniendo dificultades para entender 1 asignaturas.",0,0,Sin alertas,,SIN ALERTA,RIESGO BAJO,Bajo: 4 semanas,,,,,,No,,HASH-11536057B628
SCHOLAR-962748838F6E,2026-03,2026-1,MES 1,COLOMBIA,Mentor-F14A1035,HASH-7938F9C4972C,Cohorte 2025 COL,Scholar-96274883,Universidad EIA,Mentoría 1,2026-06,Virtual,No,Sin alertas,,SIN ALERTA,0,0,Sin alertas,,SIN ALERTA,SIN RIESGO,Sin alertas: Seguimiento mensual,,,,,,No,,HASH-9BDB702B66BC
SCHOLAR-AEC807607E11,2026-03,2026-1,MES 1,COLOMBIA,Mentor-7C4B3EAC,HASH-A4B52B5B9CB9,Cohorte 2025 COL,Scholar-AEC80760,Universidad Icesi,Mentoría 1,2026-07,Virtual,No,Sin alertas,,SIN ALERTA,0,0,Sin alertas,,SIN ALERTA,SIN RIESGO,Sin alertas: Seguimiento mensual,,,,,,No,,HASH-7B6E5DD6805C
SCHOLAR-9118ABFE9626,2026-03,2026-1,MES 1,COLOMBIA,Mentor-7C4B3EAC,HASH-A4B52B5B9CB9,Cohorte 2025 COL,Scholar-9118ABFE,Universidad Icesi,Mentoría 1,2026-07,Virtual,No,Sin alertas,,SIN ALERTA,0,0,Sin alertas,,SIN ALERTA,SIN RIESGO,Sin alertas: Seguimiento mensual,,,,,,No,,HASH-D924B42CB46B
SCHOLAR-A08285CB8D93,2026-03,2026-1,MES 1,COLOMBIA,Mentor-F14A1035,HASH-7938F9C4972C,Cohorte 2026 COL,Scholar-A08285CB,Universidad EIA,Mentoría 1,2026-02,Virtual,No,Medio,,"MEDIO: Está perdiendo una asignatura/curso.
MEDIO: No tiene buenos métodos ni hábitos de estudio.",0,1,Medio,,MEDIO: Desorganización persistente o procrastinación que afecta el rendimiento.,RIESGO MEDIO,Medio: 4-8 semanas,,,,,,No,,HASH-3251AA2E504B
SCHOLAR-D26DE19C0D86,2026-03,2026-1,MES 1,COLOMBIA,Mentor-F14A1035,HASH-7938F9C4972C,Cohorte 2026 COL,Scholar-D26DE19C,Universidad EIA,Mentoría 1,2026-02,Virtual,Sí,Bajo,,"BAJO: Presenta 1 parcial o examen con nota desaprobatoria.
BAJO: Está teniendo dificultades para entender 1 asignaturas.",0,0,Bajo,,BAJO: Estrés académico ocasional.,RIESGO BAJO,Bajo: 4 semanas,,,,,,No,,HASH-0029FB7CE6DE
SCHOLAR-EA029A0964AA,2026-03,2026-1,MES 1,COLOMBIA,Mentor-F14A1035,HASH-7938F9C4972C,Cohorte 2026 COL,Scholar-EA029A09,Universidad EIA,Mentoría 1,2026-02,Virtual,Sí,Bajo,,BAJO: Tiene dificultades en hábitos y métodos de estudio.,0,0,Sin alertas,,SIN ALERTA,RIESGO BAJO,Bajo: 4 semanas,,,,,,No,,HASH-917048473816
SCHOLAR-56360FF40931,2026-03,2026-1,MES 1,COLOMBIA,Mentor-F14A1035,HASH-7938F9C4972C,Cohorte 2026 COL,Scholar-56360FF4,Pontificia Universidad Javeriana,Mentoría 1,2026-02,Virtual,No,Bajo,,BAJO: Está teniendo dificultades para entender 1 asignaturas.,0,0,Sin alertas,,SIN ALERTA,RIESGO BAJO,Bajo: 4 semanas,,,,,,No,,HASH-96E82A2B76E1
SCHOLAR-545212696F0D,2026-03,2026-1,MES 1,COLOMBIA,Mentor-F14A1035,HASH-7938F9C4972C,Cohorte 2026 COL,Scholar-54521269,Universidad EIA,Mentoría 1,2026-02,Virtual,Sí,Medio,,MEDIO: Está teniendo dificultades para entender más de 1 asignatura.,0,0,Bajo,,"BAJO: Duda ocasional sobre sus capacidades académicas.
BAJO: Estrés académico ocasional.",RIESGO MEDIO,Medio: 4-8 semanas,,,,,,No,,HASH-DE736F9F1846
SCHOLAR-D9BF6BEB4089,2026-03,2026-1,MES 1,COLOMBIA,Mentor-F14A1035,HASH-7938F9C4972C,Cohorte 2026 COL,Scholar-D9BF6BEB,Universidad EIA,Mentoría 1,2026-02,Virtual,Sí,Bajo,,"BAJO: Presenta 1 parcial o examen con nota desaprobatoria.
BAJO: Está teniendo dificultades para entender 1 asignaturas.",0,0,Sin alertas,,SIN ALERTA,RIESGO BAJO,Bajo: 4 semanas,,,,,,No,,HASH-6BA1089D1A46
SCHOLAR-8FB2F1AF6F77,2026-03,2026-1,MES 1,COLOMBIA,Mentor-F14A1035,HASH-7938F9C4972C,Cohorte 2025 COL,Scholar-8FB2F1AF,Universidad EIA,Mentoría 1,2026-02,Virtual,No,Bajo,,BAJO: Está teniendo dificultades para entender 1 asignaturas.,0,0,Sin alertas,,SIN ALERTA,RIESGO BAJO,Bajo: 4 semanas,,,,,,No,,HASH-527761C101F6
SCHOLAR-16532EDAC529,2026-03,2026-1,MES 1,COLOMBIA,Mentor-F14A1035,HASH-EED80F453B18,Cohorte 2026 COL,Scholar-16532EDA,Universidad EIA,Mentoría 1,2026-04,Virtual,No,Bajo,,BAJO: Está teniendo dificultades para entender 1 asignaturas.,0,0,Sin alertas,,SIN ALERTA,RIESGO BAJO,Bajo: 4 semanas,,,,,,No,,HASH-EDBA345B31F1
SCHOLAR-07A88DB490DF,2026-03,2026-1,MES 1,COLOMBIA,Mentor-F14A1035,HASH-7938F9C4972C,Cohorte 2025 COL,Scholar-07A88DB4,Pontificia Universidad Javeriana,Mentoría 1,2026-12,Virtual,No,Bajo,,BAJO: Está teniendo dificultades para entender 1 asignaturas.,0,0,Sin alertas,,SIN ALERTA,RIESGO BAJO,Bajo: 4 semanas,,,,,,No,,HASH-26D92F5C49BC
SCHOLAR-4C71BB8143A0,2026-03,2026-1,MES 1,COLOMBIA,Mentor-F14A1035,HASH-7938F9C4972C,Cohorte 2026 COL,Scholar-4C71BB81,Pontificia Universidad Javeriana,Mentoría 1,2026-06,Virtual,No,Bajo,,BAJO: Está teniendo dificultades para entender 1 asignaturas.,0,0,Sin alertas,,SIN ALERTA,RIESGO BAJO,Bajo: 4 semanas,,,,,,No,,HASH-B839B043E582
SCHOLAR-7166D56308E7,2026-03,2026-1,MES 1,COLOMBIA,Mentor-CF89343C,HASH-1D9F62249B9D,Cohorte 2025 COL,Scholar-7166D563,Universidad de los Andes,Mentoría 1,2026-04,Virtual,No,Sin alertas,,SIN ALERTA,0,0,Sin alertas,,SIN ALERTA,SIN RIESGO,Sin alertas: Seguimiento mensual,,,,,,No,,HASH-DACB1963AF0D
SCHOLAR-B1E5AA88DC49,2026-03,2026-1,MES 1,COLOMBIA,Mentor-CF89343C,HASH-1D9F62249B9D,Cohorte 2025 COL,Scholar-B1E5AA88,Universidad de los Andes,Mentoría 1,2026-06,Virtual,Sí,Bajo,,"BAJO: Presenta 1 parcial o examen con nota desaprobatoria.
BAJO: Está teniendo dificultades para entender 1 asignaturas.",0,0,Bajo,,BAJO: Estrés académico ocasional.,RIESGO BAJO,Bajo: 4 semanas,,,,,,No,,HASH-26E580B79CB8
SCHOLAR-95C53E17DDE8,2026-03,2026-1,MES 1,COLOMBIA,Mentor-CF89343C,HASH-1D9F62249B9D,Cohorte 2025 COL,Scholar-95C53E17,Universidad de los Andes,Mentoría 1,2026-06,Virtual,Sí,Bajo,,"BAJO: Presenta 1 parcial o examen con nota desaprobatoria.
BAJO: Está teniendo dificultades para entender 1 asignaturas.",0,0,Bajo,,BAJO: Estrés académico ocasional.,RIESGO BAJO,Bajo: 4 semanas,,,,,,No,,HASH-F0D03B543752
SCHOLAR-632CD8060404,2026-03,2026-1,MES 1,COLOMBIA,Mentor-CF89343C,HASH-1D9F62249B9D,Cohorte 2025 COL,Scholar-632CD806,Universidad de los Andes,Mentoría 1,2026-03,Virtual,Sí,Medio,,"MEDIO: Perdió parciales cruciales en dos o más materias.
MEDIO: Está teniendo dificultades para entender más de 1 asignatura.",0,0,Bajo,,BAJO: Estrés académico ocasional.,RIESGO MEDIO,Medio: 4-8 semanas,,,,,,No,,HASH-16098A1F6950
SCHOLAR-35CB49B303C3,2026-03,2026-1,MES 1,COLOMBIA,Mentor-E8A42252,HASH-6398EC59B9C3,Cohorte 2026 COL,Scholar-35CB49B3,Universidad Icesi,Mentoría 1,2026-02,Virtual,No,Bajo,,BAJO: Está teniendo dificultades para entender 1 asignaturas.,0,0,Sin alertas,,SIN ALERTA,RIESGO BAJO,Bajo: 4 semanas,,,,,,No,,HASH-EE383FC8089E
SCHOLAR-3A3947A230E8,2026-03,2026-1,MES 1,COLOMBIA,Mentor-E8A42252,HASH-6398EC59B9C3,Cohorte 2026 COL,Scholar-3A3947A2,Universidad EAFIT,Mentoría 1,2026-02,Virtual,No,Bajo,,"BAJO: Presenta 1 parcial o examen con nota desaprobatoria.
BAJO: Está teniendo dificultades para entender 1 asignaturas.",0,0,Sin alertas,,SIN ALERTA,RIESGO BAJO,Bajo: 4 semanas,,,,,,No,,HASH-AFA8835ED3A0
SCHOLAR-1EACD63EC9DA,2026-03,2026-1,MES 1,COLOMBIA,Mentor-E8A42252,HASH-6398EC59B9C3,Cohorte 2025 COL,Scholar-1EACD63E,Universidad del Norte,Mentoría 1,2026-02,Virtual,No,Bajo,,BAJO: Tiene dificultades en hábitos y métodos de estudio.,0,0,Sin alertas,,SIN ALERTA,RIESGO BAJO,Bajo: 4 semanas,,,,,,No,,HASH-FDCB22F65676
SCHOLAR-36594A0DFBD9,2026-03,2026-1,MES 1,COLOMBIA,Mentor-E8A42252,HASH-6398EC59B9C3,Cohorte 2025 COL,Scholar-36594A0D,Universidad del Norte,Mentoría 1,2026-02,Virtual,No,Sin alertas,,SIN ALERTA,0,0,Bajo,,BAJO: Estrés académico ocasional.,RIESGO BAJO,Bajo: 4 semanas,,,,,,No,,HASH-D78B5061A705
SCHOLAR-2F2E3AC1ABEC,2026-03,2026-1,MES 1,COLOMBIA,Mentor-E8A42252,HASH-6398EC59B9C3,Cohorte 2026 COL,Scholar-2F2E3AC1,Universidad EAFIT,Mentoría 1,2026-02,Virtual,No,Bajo,,"BAJO: Está teniendo dificultades para entender 1 asignaturas.
BAJO: Tiene dificultades en hábitos y métodos de estudio.",0,0,Bajo,,BAJO: Duda ocasional sobre sus capacidades académicas.,RIESGO BAJO,Bajo: 4 semanas,,,,,,No,,HASH-388115EDF1FD
SCHOLAR-44DB46232F6D,2026-03,2026-1,MES 1,COLOMBIA,Mentor-E8A42252,HASH-6398EC59B9C3,Cohorte 2026 COL,Scholar-44DB4623,Universidad Icesi,Mentoría 1,2026-02,Virtual,No,Sin alertas,,SIN ALERTA,0,0,Bajo,,BAJO: Duda ocasional sobre sus capacidades académicas.,RIESGO BAJO,Bajo: 4 semanas,,,,,,No,,HASH-BA6B4DA20390
SCHOLAR-77B48154224E,2026-03,2026-1,MES 1,COLOMBIA,Mentor-E8A42252,HASH-6398EC59B9C3,Cohorte 2026 COL,Scholar-77B48154,Universidad Icesi,Mentoría 1,2026-02,Virtual,No,Bajo,,BAJO: Está teniendo dificultades para entender 1 asignaturas.,0,0,Sin alertas,,SIN ALERTA,RIESGO BAJO,Bajo: 4 semanas,,,0,0,0,No,,HASH-77ABE49132C0
SCHOLAR-EBD0405280A9,2026-03,2026-1,MES 1,COLOMBIA,Mentor-E8A42252,HASH-6398EC59B9C3,Cohorte 2026 COL,Scholar-EBD04052,Universidad Icesi,Mentoría 1,2026-02,Virtual,No,Bajo,,BAJO: Está teniendo dificultades para entender 1 asignaturas.,0,0,Sin alertas,,SIN ALERTA,RIESGO BAJO,Bajo: 4 semanas,,,,,,No,,HASH-701953B279BA
SCHOLAR-7E8CEF09E3A7,2026-03,2026-1,MES 1,COLOMBIA,Mentor-E8A42252,HASH-6398EC59B9C3,Cohorte 2026 COL,Scholar-7E8CEF09,Universidad EAFIT,Mentoría 1,2026-02,Virtual,No,Bajo,,BAJO: Está teniendo dificultades para entender 1 asignaturas.,0,0,Sin alertas,,SIN ALERTA,RIESGO BAJO,Bajo: 4 semanas,,,,,,No,,HASH-2C146799E49C
SCHOLAR-EA39FA32C972,2026-03,2026-1,MES 1,COLOMBIA,Mentor-E8A42252,HASH-6398EC59B9C3,Cohorte 2026 COL,Scholar-EA39FA32,Universidad EAFIT,Mentoría 1,2026-04,Virtual,No,Bajo,,BAJO: Está teniendo dificultades para entender 1 asignaturas.,0,0,Bajo,,"BAJO: Duda ocasional sobre sus capacidades académicas.
BAJO: Estrés académico ocasional.",RIESGO BAJO,Bajo: 4 semanas,,,,,,No,,HASH-2763648B62BE
SCHOLAR-1DE2D45B06F0,2026-03,2026-1,MES 1,COLOMBIA,Mentor-E8A42252,HASH-6398EC59B9C3,Cohorte 2026 COL,Scholar-1DE2D45B,Universidad EAFIT,Mentoría 1,2026-04,Virtual,No,Bajo,,BAJO: Tiene dificultades en hábitos y métodos de estudio.,0,0,Sin alertas,,SIN ALERTA,RIESGO BAJO,Bajo: 4 semanas,,,,,,No,,HASH-24190350B0EA
SCHOLAR-9247E829DBD8,2026-03,2026-1,MES 1,COLOMBIA,Mentor-E8A42252,HASH-6398EC59B9C3,Cohorte 2025 COL,Scholar-9247E829,Universidad del Norte,Mentoría 1,2026-04,Virtual,No,Sin alertas,,SIN ALERTA,0,0,Bajo,,BAJO: Estrés académico ocasional.,RIESGO BAJO,Bajo: 4 semanas,,,,,,No,,HASH-ED0211F12338
SCHOLAR-FF206785C6DB,2026-03,2026-1,MES 1,COLOMBIA,Mentor-7C4B3EAC,HASH-A4B52B5B9CB9,Cohorte 2025 COL,Scholar-FF206785,Universidad EAFIT,Mentoría 1,2026-02,Virtual,No,Bajo,,BAJO: Está teniendo dificultades para entender 1 asignaturas.,0,0,Sin alertas,,SIN ALERTA,RIESGO BAJO,Bajo: 4 semanas,,,,,,No,,HASH-B40D85D7F8EB
SCHOLAR-CA521EB9252F,2026-03,2026-1,MES 1,COLOMBIA,Mentor-E8A42252,HASH-6398EC59B9C3,Cohorte 2026 COL,Scholar-CA521EB9,Universidad EAFIT,Mentoría 1,2026-06,Virtual,No,Bajo,,BAJO: Tiene dificultades en hábitos y métodos de estudio.,0,0,Sin alertas,,SIN ALERTA,RIESGO BAJO,Bajo: 4 semanas,,,,,,No,,HASH-09273ECBEA80
SCHOLAR-A06C29C33558,2026-03,2026-1,MES 1,COLOMBIA,Mentor-E8A42252,HASH-6398EC59B9C3,Cohorte 2025 COL,Scholar-A06C29C3,Universidad del Norte,Mentoría 1,2026-07,Virtual,No,Bajo,,BAJO: Tiene dificultades en hábitos y métodos de estudio.,0,0,Bajo,,BAJO: Estrés académico ocasional.,RIESGO BAJO,Bajo: 4 semanas,,,,,,No,,HASH-47B756682F9E
SCHOLAR-3E9AE4C9F04D,2026-03,2026-1,MES 1,COLOMBIA,Mentor-7C4B3EAC,HASH-A4B52B5B9CB9,Cohorte 2025 COL,Scholar-3E9AE4C9,Universidad EAFIT,Mentoría 1,2026-02,Virtual,No,Bajo,,BAJO: Está teniendo dificultades para entender 1 asignaturas.,0,0,Sin alertas,,SIN ALERTA,RIESGO BAJO,Bajo: 4 semanas,,,,,,No,,HASH-EC78D3644444
SCHOLAR-AFCF329DC4EE,2026-03,2026-1,MES 1,COLOMBIA,Mentor-E8A42252,HASH-6398EC59B9C3,Cohorte 2025 COL,Scholar-AFCF329D,Universidad del Norte,Mentoría 1,2026-07,Virtual,No,Sin alertas,,SIN ALERTA,0,0,Bajo,,BAJO: Estrés académico ocasional.,RIESGO BAJO,Bajo: 4 semanas,,,,,,No,,HASH-F5464D1928BE
SCHOLAR-9BEDD5E2F7AA,2026-03,2026-1,MES 1,COLOMBIA,Mentor-E8A42252,HASH-6398EC59B9C3,Cohorte 2026 COL,Scholar-9BEDD5E2,Universidad EAFIT,Mentoría 1,2026-10,Virtual,No,Bajo,,BAJO: Tiene dificultades en hábitos y métodos de estudio.,0,0,Bajo,,BAJO: Estrés académico ocasional.,RIESGO BAJO,Bajo: 4 semanas,,,,,,No,,HASH-EC1F385ABBF6
SCHOLAR-101CA44EA4D5,2026-03,2026-1,MES 1,COLOMBIA,Mentor-7C4B3EAC,HASH-A4B52B5B9CB9,Cohorte 2025 COL,Scholar-101CA44E,Universidad EAFIT,Mentoría 1,2026-02,Virtual,No,Bajo,,"BAJO: Está teniendo dificultades para entender 1 asignaturas.
BAJO: Tiene dificultades en hábitos y métodos de estudio.",0,0,Sin alertas,,SIN ALERTA,RIESGO BAJO,Bajo: 4 semanas,,,,,,No,,HASH-767A998E9506
SCHOLAR-161B62FDC4B8,2026-03,2026-1,MES 1,COLOMBIA,Mentor-E8A42252,HASH-6398EC59B9C3,Cohorte 2026 COL,Scholar-161B62FD,Universidad EAFIT,Mentoría 1,2026-10,Virtual,Sí,Medio,,"BAJO: Tiene dificultades en hábitos y métodos de estudio.
MEDIO: Calificaciones parciales bajas que lo ponen en riesgo de reprobar.",0,0,Bajo,,BAJO: Estrés académico ocasional.,RIESGO MEDIO,Medio: 4-8 semanas,,,,,,No,,HASH-8B500AE24C31
SCHOLAR-DE142D5A00D0,2026-03,2026-1,MES 1,COLOMBIA,Mentor-E8A42252,HASH-6398EC59B9C3,Cohorte 2026 COL,Scholar-DE142D5A,Universidad EAFIT,Mentoría 1,2026-12,Virtual,No,Bajo,,BAJO: Presenta 1 parcial o examen con nota desaprobatoria.,0,0,Sin alertas,,SIN ALERTA,RIESGO BAJO,Bajo: 4 semanas,,,,,,No,,HASH-DAFF394B8A1C
SCHOLAR-A1291D8078A8,2026-03,2026-1,MES 1,COLOMBIA,Mentor-7C4B3EAC,HASH-A4B52B5B9CB9,Cohorte 2025 COL,Scholar-A1291D80,Universidad EAFIT,Mentoría 1,2026-02,Virtual,No,Bajo,,BAJO: Está teniendo dificultades para entender 1 asignaturas.,0,0,Sin alertas,,SIN ALERTA,RIESGO BAJO,Bajo: 4 semanas,,,,,,No,,HASH-8240DCEC064C
SCHOLAR-FDD0C2DA3EC1,2026-03,2026-1,MES 1,COLOMBIA,Mentor-2ADFAAC3,HASH-E1DE72098FF3,Cohorte 2026 COL,Scholar-FDD0C2DA,Universidad de los Andes,Mentoría 1,2026-02,Virtual,No,Bajo,,BAJO: Presenta 1 parcial o examen con nota desaprobatoria.,0,0,Sin alertas,,SIN ALERTA,RIESGO BAJO,Bajo: 4 semanas,,,,,,No,,HASH-88834D10D798
SCHOLAR-AFDBEB2164D1,2026-03,2026-1,MES 1,COLOMBIA,Mentor-2ADFAAC3,HASH-E1DE72098FF3,Cohorte 2026 COL,Scholar-AFDBEB21,Universidad de los Andes,Mentoría 1,2026-02,Virtual,No,Bajo,,"BAJO: Presenta 1 parcial o examen con nota desaprobatoria.
BAJO: Está teniendo dificultades para entender 1 asignaturas.",0,0,Sin alertas,,SIN ALERTA,RIESGO BAJO,Bajo: 4 semanas,,,,,,No,,HASH-C5C55ECA7AF7
SCHOLAR-3A4016B24520,2026-03,2026-1,MES 1,COLOMBIA,Mentor-2ADFAAC3,HASH-E1DE72098FF3,Cohorte 2026 COL,Scholar-3A4016B2,Universidad de los Andes,Mentoría 1,2026-02,Virtual,No,Bajo,,BAJO: Presenta 1 parcial o examen con nota desaprobatoria.,0,0,Sin alertas,,SIN ALERTA,RIESGO BAJO,Bajo: 4 semanas,,,,,,No,,HASH-E6D1FA3FC49A
SCHOLAR-A127344ED21F,2026-03,2026-1,MES 1,COLOMBIA,Mentor-2ADFAAC3,HASH-E1DE72098FF3,Cohorte 2026 COL,Scholar-A127344E,Universidad de los Andes,Mentoría 1,2026-02,Virtual,No,Bajo,,BAJO: Presenta 1 parcial o examen con nota desaprobatoria.,0,0,Sin alertas,,SIN ALERTA,RIESGO BAJO,Bajo: 4 semanas,,,,,,No,,HASH-C3F0AFF7A464
SCHOLAR-7C2E4C8F7F1F,2026-03,2026-1,MES 1,COLOMBIA,Mentor-2ADFAAC3,HASH-E1DE72098FF3,Cohorte 2026 COL,Scholar-7C2E4C8F,Universidad de los Andes,Mentoría 1,2026-02,Virtual,No,Bajo,,BAJO: Presenta 1 parcial o examen con nota desaprobatoria.,0,0,Sin alertas,,SIN ALERTA,RIESGO BAJO,Bajo: 4 semanas,,,,,,No,,HASH-43C21F70BF46
SCHOLAR-CFFD2DCD7EE5,2026-03,2026-1,MES 1,COLOMBIA,Mentor-2ADFAAC3,HASH-E1DE72098FF3,Cohorte 2026 COL,Scholar-CFFD2DCD,Universidad de los Andes,Mentoría 1,2026-02,Virtual,No,Bajo,,BAJO: Presenta 1 parcial o examen con nota desaprobatoria.,0,0,Sin alertas,,SIN ALERTA,RIESGO BAJO,Bajo: 4 semanas,,,,,,No,,HASH-28AECC507F41
SCHOLAR-DFE263079799,2026-03,2026-1,MES 1,COLOMBIA,Mentor-2ADFAAC3,HASH-E1DE72098FF3,Cohorte 2026 COL,Scholar-DFE26307,Universidad de los Andes,Mentoría 1,2026-02,Virtual,Sí,Bajo,,"BAJO: Presenta 1 parcial o examen con nota desaprobatoria.
BAJO: Tiene dificultades en hábitos y métodos de estudio.",0,0,Sin alertas,,SIN ALERTA,RIESGO BAJO,Bajo: 4 semanas,,,,,,No,,HASH-AA28EC6AF813
SCHOLAR-C4B43670F064,2026-03,2026-1,MES 1,COLOMBIA,Mentor-2ADFAAC3,HASH-E1DE72098FF3,Cohorte 2026 COL,Scholar-C4B43670,Universidad de los Andes,Mentoría 1,2026-03,Virtual,No,Bajo,,BAJO: Presenta 1 parcial o examen con nota desaprobatoria.,0,0,Sin alertas,,SIN ALERTA,RIESGO BAJO,Bajo: 4 semanas,,,,,,No,,HASH-8D9988038EE0
SCHOLAR-332B4019EF9D,2026-03,2026-1,MES 1,COLOMBIA,Mentor-CF89343C,HASH-1D9F62249B9D,Cohorte 2026 COL,Scholar-332B4019,Universidad EIA,Mentoría 1,2026-02,Virtual,No,Sin alertas,,SIN ALERTA,0,0,Sin alertas,,SIN ALERTA,SIN RIESGO,Sin alertas: Seguimiento mensual,,,,,,No,,HASH-F29882D14F49
SCHOLAR-45C567D56777,2026-03,2026-1,MES 1,COLOMBIA,Mentor-2ADFAAC3,HASH-E1DE72098FF3,Cohorte 2026 COL,Scholar-45C567D5,Universidad de los Andes,Mentoría 1,2026-05,Virtual,No,Bajo,,BAJO: Presenta 1 parcial o examen con nota desaprobatoria.,6,1,Bajo,,"BAJO: Se ha sentido triste, ansioso/a o desmotivado/a en los últimos días.",RIESGO BAJO,Bajo: 4 semanas,,,,,,No,,HASH-B755CA9DF3FE
SCHOLAR-E97EA82B3ECD,2026-03,2026-1,MES 1,COLOMBIA,Mentor-7C4B3EAC,HASH-A4B52B5B9CB9,Cohorte 2025 COL,Scholar-E97EA82B,Universidad Pontificia Bolivariana,Mentoría 2,2026-03,Virtual,Sí,Alto,,ALTO: Pierde dos o más materias/cursos.,6,3,Bajo,,"BAJO: Se ha sentido triste, ansioso/a o desmotivado/a en los últimos días.
BAJO: Estrés académico ocasional.",RIESGO ALTO,Alto: 8-10 semanas,,,,,,No,,HASH-897BFCDA3FF7
SCHOLAR-82AF52B0C1EA,2026-04,2026-1,MES 1,PERÚ,Mentor-9F97E727,HASH-F858B8D51425,Cohorte 2025 PER,Scholar-82AF52B0,UTEC,Mentoría grupal 1,2026-03,Virtual,No,Alto,,ALTO: En riesgo de no obtener el promedio requerido (programa).,0,1,Sin alertas,,SIN ALERTA,RIESGO ALTO,Alto: 8-10 semanas,,,,,,No,,HASH-0D4932878066
SCHOLAR-64485B0DF3E3,2026-04,2026-1,MES 2,COLOMBIA,Mentor-2ADFAAC3,HASH-E1DE72098FF3,Cohorte 2026 COL,Scholar-64485B0D,Universidad del Norte,Mentoría 2,2026-03,Virtual,No,Bajo,,BAJO: Presenta 1 parcial o examen con nota desaprobatoria.,6,1,Sin alertas,,SIN ALERTA,RIESGO BAJO,Sin alertas: Seguimiento mensual,1,0,1,0,0,No,,HASH-AC2D466D2005
SCHOLAR-96AF29D30254,2026-04,2026-1,MES 2,COLOMBIA,Mentor-2ADFAAC3,HASH-E1DE72098FF3,Cohorte 2026 COL,Scholar-96AF29D3,Universidad de los Andes,Mentoría 2,2026-10,Virtual,No,Bajo,,BAJO: Presenta 1 parcial o examen con nota desaprobatoria.,6,1,Bajo,,BAJO: Duda ocasional sobre sus capacidades académicas.,RIESGO BAJO,Bajo: 4 semanas,0,1,1,0,0,No,,HASH-1F1DF8FC4BB5
SCHOLAR-12A9656BFEFA,2026-04,2026-1,MES 2,COLOMBIA,Mentor-2ADFAAC3,HASH-E1DE72098FF3,Cohorte 2026 COL,Scholar-12A9656B,Universidad del Norte,Mentoría 2,2026-03,Virtual,No,Sin alertas,,SIN ALERTA,6,0,Sin alertas,,SIN ALERTA,SIN RIESGO,Sin alertas: Seguimiento mensual,0,1,1,0,0,No,,HASH-F1E8C2268822
SCHOLAR-876BAC4113E0,2026-04,2026-1,MES 2,COLOMBIA,Mentor-2ADFAAC3,HASH-E1DE72098FF3,Cohorte 2026 COL,Scholar-876BAC41,Universidad de los Andes,Mentoría 2,2026-03,Virtual,No,Sin alertas,,SIN ALERTA,7,0,Sin alertas,,SIN ALERTA,SIN RIESGO,Sin alertas: Seguimiento mensual,0,0,1,0,0,No,,HASH-E9168C843E5C
SCHOLAR-FDD0C2DA3EC1,2026-04,2026-1,MES 2,COLOMBIA,Mentor-2ADFAAC3,HASH-E1DE72098FF3,Cohorte 2026 COL,Scholar-FDD0C2DA,Universidad de los Andes,Mentoría 2,2026-03,Virtual,No,Bajo,,BAJO: Presenta 1 parcial o examen con nota desaprobatoria.,6,1,Sin alertas,,SIN ALERTA,RIESGO BAJO,Bajo: 4 semanas,0,1,1,0,0,No,,HASH-7C6141401A2D
SCHOLAR-18067FF02D47,2026-04,2026-1,MES 2,COLOMBIA,Mentor-2ADFAAC3,HASH-E1DE72098FF3,Cohorte 2026 COL,Scholar-18067FF0,Universidad de los Andes,Mentoría 2,2026-03,Virtual,No,Sin alertas,,SIN ALERTA,6,0,Sin alertas,,SIN ALERTA,SIN RIESGO,Sin alertas: Seguimiento mensual,2,1,1,0,0,No,,HASH-68E1AEDC5611
SCHOLAR-99E4E94D43D4,2026-04,2026-1,MES 2,COLOMBIA,Mentor-2ADFAAC3,HASH-E1DE72098FF3,Cohorte 2026 COL,Scholar-99E4E94D,Universidad de los Andes,Mentoría 2,2026-03,Virtual,No,Bajo,,BAJO: Presenta 1 parcial o examen con nota desaprobatoria.,6,1,Sin alertas,,SIN ALERTA,RIESGO BAJO,Bajo: 4 semanas,0,0,1,0,0,No,,HASH-3BA470C0741A
SCHOLAR-CFFD2DCD7EE5,2026-04,2026-1,MES 2,COLOMBIA,Mentor-2ADFAAC3,HASH-E1DE72098FF3,Cohorte 2026 COL,Scholar-CFFD2DCD,Universidad de los Andes,Mentoría 2,2026-03,Virtual,No,Bajo,,BAJO: Presenta 1 parcial o examen con nota desaprobatoria.,6,1,Sin alertas,,SIN ALERTA,RIESGO BAJO,Bajo: 4 semanas,0,0,1,0,0,No,,HASH-AE1F5ADE9C5F
SCHOLAR-A127344ED21F,2026-04,2026-1,MES 2,COLOMBIA,Mentor-2ADFAAC3,HASH-E1DE72098FF3,Cohorte 2026 COL,Scholar-A127344E,Universidad de los Andes,Mentoría 2,2026-03,Virtual,No,Sin alertas,,SIN ALERTA,6,0,Sin alertas,,SIN ALERTA,SIN RIESGO,Sin alertas: Seguimiento mensual,1,0,1,0,0,No,,HASH-7E16B22D4976
SCHOLAR-0D4426F66090,2026-04,2026-1,MES 2,COLOMBIA,Mentor-2ADFAAC3,HASH-E1DE72098FF3,Cohorte 2026 COL,Scholar-0D4426F6,Universidad de los Andes,Mentoría 2,2026-03,Virtual,Sí,Alto,,ALTO: Pierde dos o más materias/cursos.,6,2,Medio,,MEDIO: Desorganización persistente o procrastinación que afecta el rendimiento.,RIESGO ALTO,Alto: 8-10 semanas,2,1,1,0,0,No,,HASH-BD0F161209A4
SCHOLAR-3A4016B24520,2026-04,2026-1,MES 2,COLOMBIA,Mentor-2ADFAAC3,HASH-E1DE72098FF3,Cohorte 2026 COL,Scholar-3A4016B2,Universidad de los Andes,Mentoría 2,2026-03,Virtual,No,Sin alertas,,SIN ALERTA,6,0,Sin alertas,,SIN ALERTA,SIN RIESGO,Sin alertas: Seguimiento mensual,4,1,1,0,0,No,,HASH-42D6BA0B0379
SCHOLAR-9C5C835978AA,2026-04,2026-1,MES 2,COLOMBIA,Mentor-2ADFAAC3,HASH-E1DE72098FF3,Cohorte 2026 COL,Scholar-9C5C8359,Universidad de los Andes,Mentoría 2,2026-03,Virtual,No,Bajo,,BAJO: Presenta 1 parcial o examen con nota desaprobatoria.,6,1,Sin alertas,,SIN ALERTA,RIESGO BAJO,Bajo: 4 semanas,0,0,1,0,0,No,,HASH-303F11DC4423
SCHOLAR-501E11345DBD,2026-04,2026-1,MES 2,COLOMBIA,Mentor-F14A1035,HASH-7938F9C4972C,Cohorte 2026 COL,Scholar-501E1134,Universidad EIA,Mentoría 2,2026-09,Virtual,Sí,Medio,,"MEDIO: Perdió parciales cruciales en dos o más materias.
MEDIO: Está teniendo dificultades para entender más de 1 asignatura.",0,3,Sin alertas,,SIN ALERTA,RIESGO MEDIO,Medio: 4-8 semanas,3,1,1,0,0,No,,HASH-535878CEC5DD
SCHOLAR-E2B30DD26CD8,2026-04,2026-1,MES 2,COLOMBIA,Mentor-2ADFAAC3,HASH-E1DE72098FF3,Cohorte 2026 COL,Scholar-E2B30DD2,Universidad del Norte,Mentoría 2,2026-10,Virtual,No,Sin alertas,,SIN ALERTA,7,0,Sin alertas,,SIN ALERTA,SIN RIESGO,Sin alertas: Seguimiento mensual,0,1,1,0,0,No,,HASH-D107062E3BFD
SCHOLAR-323746906800,2026-04,2026-1,MES 2,COLOMBIA,Mentor-2ADFAAC3,HASH-E1DE72098FF3,Cohorte 2026 COL,Scholar-32374690,Universidad del Norte,Mentoría 2,2026-03,Virtual,No,Sin alertas,,SIN ALERTA,7,0,Sin alertas,,SIN ALERTA,SIN RIESGO,Sin alertas: Seguimiento mensual,0,1,1,0,0,No,,HASH-FB5C04DB36AC
SCHOLAR-16532EDAC529,2026-04,2026-1,MES 2,COLOMBIA,Mentor-F14A1035,HASH-7938F9C4972C,Cohorte 2026 COL,Scholar-16532EDA,Universidad EIA,Mentoría 2,2026-06,Virtual,No,Sin alertas,,SIN ALERTA,0,0,Sin alertas,,SIN ALERTA,SIN RIESGO,Sin alertas: Seguimiento mensual,2,0,1,0,0,No,,HASH-E398EDABD43A
SCHOLAR-545212696F0D,2026-04,2026-1,MES 2,COLOMBIA,Mentor-F14A1035,HASH-7938F9C4972C,Cohorte 2026 COL,Scholar-54521269,Universidad EIA,Mentoría 2,2026-10,Virtual,Sí,Medio,,"MEDIO: Perdió parciales cruciales en dos o más materias.
MEDIO: Calificaciones parciales bajas que lo ponen en riesgo de reprobar.",0,3,Sin alertas,,SIN ALERTA,RIESGO MEDIO,Medio: 4-8 semanas,0,1,1,0,0,No,,HASH-76D01DBD64B7
SCHOLAR-51D494705753,2026-04,2026-1,MES 2,COLOMBIA,Mentor-2ADFAAC3,HASH-E1DE72098FF3,Cohorte 2026 COL,Scholar-51D49470,Universidad del Norte,Mentoría 2,2026-03,Virtual,No,Sin alertas,,SIN ALERTA,6,0,Sin alertas,,SIN ALERTA,SIN RIESGO,Sin alertas: Seguimiento mensual,0,1,1,0,0,No,,HASH-220F473DC266
SCHOLAR-67D28FC32E1A,2026-04,2026-1,MES 2,COLOMBIA,Mentor-2ADFAAC3,HASH-E1DE72098FF3,Cohorte 2026 COL,Scholar-67D28FC3,Universidad del Norte,Mentoría 2,2026-10,Virtual,No,Sin alertas,,SIN ALERTA,6,0,Sin alertas,,SIN ALERTA,SIN RIESGO,Sin alertas: Seguimiento mensual,0,1,1,0,0,No,,HASH-8F9E996E2629
SCHOLAR-F92E37E1006A,2026-04,2026-1,MES 2,COLOMBIA,Mentor-F14A1035,HASH-7938F9C4972C,Cohorte 2026 COL,Scholar-F92E37E1,Universidad EIA,Mentoría 2,2026-08,Virtual,Sí,Medio,,"MEDIO: Está teniendo dificultades para entender más de 1 asignatura.
MEDIO: Reprobó 1 o 2 asignaturas de cálculo/math el semestre anterior.",0,3,Bajo,,BAJO: Estrés académico ocasional.,RIESGO MEDIO,Bajo: 4 semanas,1,0,1,0,0,No,,HASH-1EC51087524E
SCHOLAR-34F8AC22115C,2026-04,2026-1,MES 2,COLOMBIA,Mentor-2ADFAAC3,HASH-E1DE72098FF3,Cohorte 2026 COL,Scholar-34F8AC22,Universidad del Norte,Mentoría 2,2026-10,Virtual,No,Sin alertas,,SIN ALERTA,7,0,Sin alertas,,SIN ALERTA,SIN RIESGO,Sin alertas: Seguimiento mensual,0,0,1,0,0,No,,HASH-FCB1B9D60E00
SCHOLAR-DFE263079799,2026-04,2026-1,MES 2,COLOMBIA,Mentor-2ADFAAC3,HASH-E1DE72098FF3,Cohorte 2026 COL,Scholar-DFE26307,Universidad de los Andes,Mentoría 2,2026-03,Virtual,No,Sin alertas,,SIN ALERTA,6,0,Sin alertas,,SIN ALERTA,SIN RIESGO,Sin alertas: Seguimiento mensual,1,0,1,0,0,No,,HASH-054489A57C92
SCHOLAR-D26DE19C0D86,2026-04,2026-1,MES 2,COLOMBIA,Mentor-F14A1035,HASH-7938F9C4972C,Cohorte 2026 COL,Scholar-D26DE19C,Universidad EIA,Mentoría 2,2026-03,Virtual,Sí,Medio,,"MEDIO: Perdió parciales cruciales en dos o más materias.
MEDIO: Está teniendo dificultades para entender más de 1 asignatura.",0,3,Sin alertas,,SIN ALERTA,RIESGO MEDIO,Medio: 4-8 semanas,1,0,1,0,0,No,,HASH-AE3DE49521D5
SCHOLAR-0277D43B2D10,2026-04,2026-1,MES 2,COLOMBIA,Mentor-F14A1035,HASH-7938F9C4972C,Cohorte 2026 COL,Scholar-0277D43B,Universidad EIA,Mentoría 2,2026-03,Virtual,Sí,Medio,,"MEDIO: Perdió parciales cruciales en dos o más materias.
MEDIO: Está teniendo dificultades para entender más de 1 asignatura.",0,2,Bajo,,BAJO: Estrés académico ocasional.,RIESGO MEDIO,Medio: 4-8 semanas,2,1,1,0,0,No,,HASH-D8A0D0B45CF0
SCHOLAR-41CE2FD24B22,2026-04,2026-1,MES 2,COLOMBIA,Mentor-2ADFAAC3,HASH-E1DE72098FF3,Cohorte 2026 COL,Scholar-41CE2FD2,Universidad del Norte,Mentoría 2,2026-10,Virtual,No,Sin alertas,,SIN ALERTA,6,0,Sin alertas,,SIN ALERTA,SIN RIESGO,Sin alertas: Seguimiento mensual,0,0,1,0,0,No,,HASH-C89B22B3E5A6
SCHOLAR-7CF2E2274BFA,2026-04,2026-1,MES 2,COLOMBIA,Mentor-2ADFAAC3,HASH-E1DE72098FF3,Cohorte 2026 COL,Scholar-7CF2E227,Universidad de los Andes,Mentoría 2,2026-03,Virtual,No,Bajo,,BAJO: Presenta 1 parcial o examen con nota desaprobatoria.,6,1,Sin alertas,,SIN ALERTA,RIESGO BAJO,Bajo: 4 semanas,0,1,1,0,0,No,,HASH-81EB1CF3DE35
SCHOLAR-224953FA49FC,2026-04,2026-1,MES 2,COLOMBIA,Mentor-2ADFAAC3,HASH-E1DE72098FF3,Cohorte 2026 COL,Scholar-224953FA,Universidad de los Andes,Mentoría 2,2026-07,Virtual,No,Sin alertas,,SIN ALERTA,6,0,Sin alertas,,SIN ALERTA,SIN RIESGO,Sin alertas: Seguimiento mensual,0,0,1,0,0,No,,HASH-E64C5FC91BEA
SCHOLAR-A1BC51921E85,2026-04,2026-1,MES 2,COLOMBIA,Mentor-F14A1035,HASH-7938F9C4972C,Cohorte 2026 COL,Scholar-A1BC5192,Universidad EIA,Mentoría 2,2026-08,Virtual,Sí,Medio,,MEDIO: Calificaciones parciales bajas que lo ponen en riesgo de reprobar.,0,1,Sin alertas,,SIN ALERTA,RIESGO MEDIO,Medio: 4-8 semanas,0,1,1,0,0,No,,HASH-B234FB881D27
SCHOLAR-577E2CB6585B,2026-04,2026-1,MES 2,COLOMBIA,Mentor-2ADFAAC3,HASH-E1DE72098FF3,Cohorte 2026 COL,Scholar-577E2CB6,Universidad del Norte,Mentoría 2,2026-10,Virtual,No,Sin alertas,,SIN ALERTA,6,0,Sin alertas,,SIN ALERTA,SIN RIESGO,Sin alertas: Seguimiento mensual,0,0,1,0,0,No,,HASH-8CFBD2712037
SCHOLAR-7FB4327269A2,2026-04,2026-1,MES 2,COLOMBIA,Mentor-2ADFAAC3,HASH-E1DE72098FF3,Cohorte 2026 COL,Scholar-7FB43272,Universidad de los Andes,Mentoría 2,2026-07,Virtual,No,Sin alertas,,SIN ALERTA,6,0,Sin alertas,,SIN ALERTA,SIN RIESGO,Sin alertas: Seguimiento mensual,0,1,1,0,0,No,,HASH-7209B3AA20EA
SCHOLAR-AFDBEB2164D1,2026-04,2026-1,MES 2,COLOMBIA,Mentor-2ADFAAC3,HASH-E1DE72098FF3,Cohorte 2026 COL,Scholar-AFDBEB21,Universidad de los Andes,Mentoría 2,2026-07,Virtual,No,Bajo,,BAJO: Presenta 1 parcial o examen con nota desaprobatoria.,6,1,Sin alertas,,SIN ALERTA,RIESGO BAJO,Sin alertas: Seguimiento mensual,1,0,1,0,0,No,,HASH-BD2B693874A0
SCHOLAR-DD3F9E1C0B52,2026-04,2026-1,MES 2,COLOMBIA,Mentor-2ADFAAC3,HASH-E1DE72098FF3,Cohorte 2026 COL,Scholar-DD3F9E1C,Universidad de los Andes,Mentoría 2,2026-08,Virtual,No,Sin alertas,,SIN ALERTA,6,0,Sin alertas,,SIN ALERTA,SIN RIESGO,Sin alertas: Seguimiento mensual,0,0,1,0,0,No,,HASH-129CC3280ABA
SCHOLAR-C4B43670F064,2026-04,2026-1,MES 2,COLOMBIA,Mentor-2ADFAAC3,HASH-E1DE72098FF3,Cohorte 2026 COL,Scholar-C4B43670,Universidad de los Andes,Mentoría 2,2026-08,Virtual,Sí,Medio,,MEDIO: Perdió parciales cruciales en dos o más materias.,6,2,Bajo,,BAJO: Duda ocasional sobre sus capacidades académicas.,RIESGO MEDIO,Medio: 4-8 semanas,0,1,1,0,0,No,,HASH-A224C6F21477
SCHOLAR-7C2E4C8F7F1F,2026-04,2026-1,MES 2,COLOMBIA,Mentor-2ADFAAC3,HASH-E1DE72098FF3,Cohorte 2026 COL,Scholar-7C2E4C8F,Universidad de los Andes,Mentoría 2,2026-09,Virtual,No,Bajo,,BAJO: Presenta 1 parcial o examen con nota desaprobatoria.,6,1,Sin alertas,,SIN ALERTA,RIESGO BAJO,Bajo: 4 semanas,0,1,1,0,0,No,,HASH-EA8988A4B77A
SCHOLAR-A6A522BA2A3D,2026-04,2026-1,MES 2,COLOMBIA,Mentor-2ADFAAC3,HASH-E1DE72098FF3,Cohorte 2026 COL,Scholar-A6A522BA,Universidad de los Andes,Mentoría 2,2026-09,Virtual,No,Sin alertas,,SIN ALERTA,6,0,Sin alertas,,SIN ALERTA,SIN RIESGO,Sin alertas: Seguimiento mensual,3,0,1,0,0,No,,HASH-F75909FBD972
SCHOLAR-5C11522B98B9,2026-04,2026-1,MES 2,COLOMBIA,Mentor-2ADFAAC3,HASH-E1DE72098FF3,Cohorte 2026 COL,Scholar-5C11522B,Universidad de los Andes,Mentoría 2,2026-09,Virtual,No,Bajo,,BAJO: Presenta 1 parcial o examen con nota desaprobatoria.,6,1,Sin alertas,,SIN ALERTA,RIESGO BAJO,Bajo: 4 semanas,1,0,1,0,0,No,,HASH-2583BDC62FE9
SCHOLAR-8D31FE4A3A67,2026-04,2026-1,MES 2,COLOMBIA,Mentor-2ADFAAC3,HASH-E1DE72098FF3,Cohorte 2026 COL,Scholar-8D31FE4A,Universidad de los Andes,Mentoría 2,2026-10,Virtual,No,Sin alertas,,SIN ALERTA,6,0,Sin alertas,,SIN ALERTA,SIN RIESGO,Sin alertas: Seguimiento mensual,0,1,1,0,0,No,,HASH-A11185757B60
SCHOLAR-D393B98CCAEB,2026-04,2026-1,MES 2,COLOMBIA,Mentor-7C4B3EAC,HASH-A4B52B5B9CB9,Cohorte 2025 COL,Scholar-D393B98C,Universidad Pontificia Bolivariana,Mentoría 2,2026-03,Virtual,No,Bajo,,BAJO: Está teniendo dificultades para entender 1 asignaturas.,0,0,Bajo,,BAJO: Estrés académico ocasional.,RIESGO BAJO,Bajo: 4 semanas,0,0,1,1,0,No,,HASH-15D62A2FDCBB
SCHOLAR-FF206785C6DB,2026-04,2026-1,MES 2,COLOMBIA,Mentor-7C4B3EAC,HASH-A4B52B5B9CB9,Cohorte 2025 COL,Scholar-FF206785,Universidad EAFIT,Mentoría 2,2026-03,Virtual,No,Medio,,"BAJO: Presenta 1 parcial o examen con nota desaprobatoria.
MEDIO: Calificaciones parciales bajas que lo ponen en riesgo de reprobar.",0,0,Bajo,,"BAJO: Se ha sentido triste, ansioso/a o desmotivado/a en los últimos días.",RIESGO MEDIO,Medio: 4-8 semanas,1,0,1,0,0,No,,HASH-92006D8A0789
SCHOLAR-962748838F6E,2026-04,2026-1,MES 2,COLOMBIA,Mentor-F14A1035,HASH-7938F9C4972C,Cohorte 2026 COL,Scholar-96274883,Universidad EIA,Mentoría 2,2026-01,Virtual,No,Sin alertas,,SIN ALERTA,0,0,Sin alertas,,SIN ALERTA,SIN RIESGO,Sin alertas: Seguimiento mensual,0,0,1,1,0,No,,HASH-5B9E0119AAA1
SCHOLAR-3EFB2F5BBE8A,2026-04,2026-1,MES 2,COLOMBIA,Mentor-7C4B3EAC,HASH-A4B52B5B9CB9,Cohorte 2025 COL,Scholar-3EFB2F5B,Universidad EAFIT,Mentoría 2,2026-03,Virtual,No,Bajo,,"BAJO: Presenta 1 parcial o examen con nota desaprobatoria.
BAJO: Tiene dificultades en hábitos y métodos de estudio.",0,0,Sin alertas,,SIN ALERTA,RIESGO BAJO,Bajo: 4 semanas,1,0,1,1,0,No,,HASH-F0F85E6E3445
SCHOLAR-E97EA82B3ECD,2026-04,2026-1,MES 2,COLOMBIA,Mentor-7C4B3EAC,HASH-A4B52B5B9CB9,Cohorte 2025 COL,Scholar-E97EA82B,Universidad Pontificia Bolivariana,Mentoría 3,2026-03,Virtual,No,Medio,,"MEDIO: Perdió parciales cruciales en dos o más materias.
MEDIO: Está teniendo dificultades para entender más de 1 asignatura.",0,0,Bajo,,BAJO: Estrés académico ocasional.,RIESGO MEDIO,Medio: 4-8 semanas,2,0,2,1,0,No,,HASH-9AA2ECC366B6
SCHOLAR-EA029A0964AA,2026-04,2026-1,MES 2,COLOMBIA,Mentor-F14A1035,HASH-7938F9C4972C,Cohorte 2026 COL,Scholar-EA029A09,Universidad EIA,Mentoría 2,2026-03,Virtual,Sí,Medio,,MEDIO: Está teniendo dificultades para entender más de 1 asignatura.,0,2,Sin alertas,,SIN ALERTA,RIESGO MEDIO,Medio: 4-8 semanas,0,1,1,0,0,No,,HASH-683E6D16D59C
SCHOLAR-101CA44EA4D5,2026-04,2026-1,MES 2,COLOMBIA,Mentor-7C4B3EAC,HASH-A4B52B5B9CB9,Cohorte 2025 COL,Scholar-101CA44E,Universidad EAFIT,Mentoría 2,2026-03,Virtual,No,Bajo,,BAJO: Presenta 1 parcial o examen con nota desaprobatoria.,0,0,Bajo,,BAJO: Duda ocasional sobre sus capacidades académicas.,RIESGO BAJO,Bajo: 4 semanas,0,0,1,1,0,No,,HASH-C9BF166BA9A8
SCHOLAR-0C2D48E37C8A,2026-04,2026-1,MES 2,COLOMBIA,Mentor-7C4B3EAC,HASH-A4B52B5B9CB9,Cohorte 2025 COL,Scholar-0C2D48E3,Universidad Pontificia Bolivariana,Mentoría 2,2026-03,Virtual,No,Sin alertas,,SIN ALERTA,1,0,Bajo,,BAJO: Estrés académico ocasional.,RIESGO BAJO,Sin alertas: Seguimiento mensual,1,0,1,1,0,No,,HASH-FC8F55640D43
SCHOLAR-54EE3F1A634F,2026-04,2026-1,MES 2,COLOMBIA,Mentor-F14A1035,HASH-7938F9C4972C,Cohorte 2026 COL,Scholar-54EE3F1A,Universidad EIA,Mentoría 2,2026-08,Virtual,Sí,Bajo,,"BAJO: Está teniendo dificultades para entender 1 asignaturas.
BAJO: Tiene dificultades en hábitos y métodos de estudio.",0,1,Bajo,,BAJO: Duda ocasional sobre sus capacidades académicas.,RIESGO BAJO,Bajo: 4 semanas,4,0,1,0,0,No,,HASH-1CFBD47579D0
SCHOLAR-5E23D2806BAF,2026-04,2026-1,MES 2,COLOMBIA,Mentor-7C4B3EAC,HASH-A4B52B5B9CB9,Cohorte 2025 COL,Scholar-5E23D280,Universidad Pontificia Bolivariana,Mentoría 2,2026-03,Virtual,No,Bajo,,BAJO: Presenta 1 parcial o examen con nota desaprobatoria.,0,0,Bajo,,BAJO: Estrés académico ocasional.,RIESGO BAJO,Bajo: 4 semanas,1,0,1,1,0,No,,HASH-4E617525BD7D
SCHOLAR-A1291D8078A8,2026-04,2026-1,MES 2,COLOMBIA,Mentor-7C4B3EAC,HASH-A4B52B5B9CB9,Cohorte 2025 COL,Scholar-A1291D80,Universidad EAFIT,Mentoría 2,2026-06,Virtual,No,Bajo,,BAJO: Tiene dificultades en hábitos y métodos de estudio.,1,0,Bajo,,BAJO: Estrés académico ocasional.,RIESGO BAJO,Bajo: 4 semanas,1,0,1,1,0,No,,HASH-7E70DC537A47
SCHOLAR-BBFDC8E9E653,2026-04,2026-1,MES 2,COLOMBIA,Mentor-7C4B3EAC,HASH-A4B52B5B9CB9,Cohorte 2025 COL,Scholar-BBFDC8E9,Universidad EAFIT,Mentoría 2,2026-06,Virtual,No,Bajo,,BAJO: Presenta 1 parcial o examen con nota desaprobatoria.,0,0,Bajo,,BAJO: Estrés académico ocasional.,RIESGO BAJO,Bajo: 4 semanas,0,0,1,1,0,No,,HASH-9AC5A7FF57D9
SCHOLAR-844B6D5B430E,2026-04,2026-1,MES 2,COLOMBIA,Mentor-F14A1035,HASH-7938F9C4972C,Cohorte 2026 COL,Scholar-844B6D5B,Universidad EIA,Mentoría 2,2026-03,Virtual,Sí,Alto,,"MEDIO: Está teniendo dificultades para entender más de 1 asignatura.
ALTO: No asiste a clases de dos o más materias.",0,3,Alto,,"MEDIO: Aislamiento social progresivo (afecta su desempeño).
ALTO: En proceso de duelo (pérdida, ruptura significativa).",RIESGO CRÍTICO,Alto: 8-10 semanas,0,0,1,0,0,No,,HASH-484075DE6E1F
SCHOLAR-9118ABFE9626,2026-04,2026-1,MES 2,COLOMBIA,Mentor-7C4B3EAC,HASH-A4B52B5B9CB9,Cohorte 2025 COL,Scholar-9118ABFE,Universidad Icesi,Mentoría 2,2026-06,Virtual,No,Bajo,,BAJO: Tiene dificultades en hábitos y métodos de estudio.,0,0,Bajo,,BAJO: Estrés académico ocasional.,RIESGO BAJO,Bajo: 4 semanas,0,0,1,0,0,No,,HASH-318AEC0435B0
SCHOLAR-CE2D5F2BFC89,2026-04,2026-1,MES 2,COLOMBIA,Mentor-7C4B3EAC,HASH-A4B52B5B9CB9,Cohorte 2025 COL,Scholar-CE2D5F2B,Universidad Icesi,Mentoría 2,2026-08,Virtual,No,Bajo,,BAJO: Tiene dificultades en hábitos y métodos de estudio.,0,0,Bajo,,BAJO: Estrés académico ocasional.,RIESGO BAJO,Bajo: 4 semanas,0,0,1,0,0,No,,HASH-E0F514C9B6AA
SCHOLAR-AAB139ED070D,2026-04,2026-1,MES 2,COLOMBIA,Mentor-F14A1035,HASH-7938F9C4972C,Cohorte 2025 COL,Scholar-AAB139ED,Universidad EIA,Mentoría 2,2026-03,Virtual,Sí,Medio,,MEDIO: Está teniendo dificultades para entender más de 1 asignatura.,0,2,Bajo,,BAJO: Estrés académico ocasional.,RIESGO MEDIO,Medio: 4-8 semanas,0,0,1,1,0,No,,HASH-0D9CB777B256
SCHOLAR-FBBF21827D3C,2026-04,2026-1,MES 2,COLOMBIA,Mentor-7C4B3EAC,HASH-A4B52B5B9CB9,Cohorte 2025 COL,Scholar-FBBF2182,Universidad Icesi,Mentoría 2,2026-08,Virtual,No,Medio,,MEDIO: Está teniendo dificultades para entender más de 1 asignatura.,0,0,Bajo,,BAJO: Estrés académico ocasional.,RIESGO MEDIO,Medio: 4-8 semanas,0,0,1,1,0,No,,HASH-AD1AA539DD8A
SCHOLAR-A89AABB342E6,2026-04,2026-1,MES 2,COLOMBIA,Mentor-7C4B3EAC,HASH-A4B52B5B9CB9,Cohorte 2025 COL,Scholar-A89AABB3,Universidad del Norte,Mentoría 2,2026-09,Virtual,No,Bajo,,BAJO: Presenta 1 parcial o examen con nota desaprobatoria.,0,0,Bajo,,BAJO: Estrés académico ocasional.,RIESGO BAJO,Bajo: 4 semanas,0,0,1,1,0,No,,HASH-0A5B7C2DF3D3
SCHOLAR-3E9AE4C9F04D,2026-04,2026-1,MES 2,COLOMBIA,Mentor-7C4B3EAC,HASH-A4B52B5B9CB9,Cohorte 2025 COL,Scholar-3E9AE4C9,Universidad EAFIT,Mentoría 2,2026-09,Virtual,No,Bajo,,BAJO: Está teniendo dificultades para entender 1 asignaturas.,0,0,Bajo,,BAJO: Estrés académico ocasional.,RIESGO BAJO,Bajo: 4 semanas,0,0,1,1,0,No,,HASH-BBB8A5B94310
SCHOLAR-5E1800A7C7BD,2026-04,2026-1,MES 2,COLOMBIA,Mentor-F14A1035,HASH-7938F9C4972C,Cohorte 2026 COL,Scholar-5E1800A7,Universidad EIA,Mentoría 2,2026-03,Virtual,Sí,Bajo,,"BAJO: Presenta 1 parcial o examen con nota desaprobatoria.
BAJO: Está teniendo dificultades para entender 1 asignaturas.",0,1,Sin alertas,,SIN ALERTA,RIESGO BAJO,Bajo: 4 semanas,0,0,1,0,0,No,,HASH-F7EE79B62FF3
SCHOLAR-AEC807607E11,2026-04,2026-1,MES 2,COLOMBIA,Mentor-7C4B3EAC,HASH-A4B52B5B9CB9,Cohorte 2025 COL,Scholar-AEC80760,Universidad Icesi,Mentoría 2,2026-09,Virtual,No,Sin alertas,,SIN ALERTA,0,0,Bajo,,BAJO: Estrés académico ocasional.,RIESGO BAJO,Bajo: 4 semanas,0,0,1,1,0,No,,HASH-67150F680019
SCHOLAR-3BB386216063,2026-04,2026-1,MES 1,PERÚ,Mentor-9F97E727,HASH-F858B8D51425,Cohorte 2026 PER,Scholar-3BB38621,UTEC,Mentoría grupal 1,2026-03,Virtual,No,Sin alertas,,SIN ALERTA,0,0,Sin alertas,,SIN ALERTA,SIN RIESGO,Sin alertas: Seguimiento mensual,,,,,,No,,HASH-6D30F06A5744
SCHOLAR-C048EC2BE89E,2026-04,2026-1,MES 1,PERÚ,Mentor-9F97E727,HASH-F858B8D51425,Cohorte 2026 PER,Scholar-C048EC2B,UTEC,Mentoría grupal 1,2026-03,Virtual,No,Sin alertas,,SIN ALERTA,0,0,Sin alertas,,SIN ALERTA,SIN RIESGO,Sin alertas: Seguimiento mensual,,,,,,No,,HASH-0D0A4B1F32B8
SCHOLAR-2CE17FA8ED48,2026-04,2026-1,MES 1,PERÚ,Mentor-9F97E727,HASH-F858B8D51425,Cohorte 2025 PER,Scholar-2CE17FA8,UTEC,Mentoría grupal 1,2026-03,Virtual,Sí,Sin alertas,,SIN ALERTA,0,0,Sin alertas,,SIN ALERTA,SIN RIESGO,Sin alertas: Seguimiento mensual,,,,,,No,,HASH-02A44A41CF5C
SCHOLAR-4500335623AC,2026-04,2026-1,MES 1,PERÚ,Mentor-9F97E727,HASH-F858B8D51425,Cohorte 2026 PER,Scholar-45003356,UTEC,Mentoría grupal 1,2026-03,Virtual,No,Sin alertas,,SIN ALERTA,0,0,Sin alertas,,SIN ALERTA,SIN RIESGO,Sin alertas: Seguimiento mensual,,,,,,No,,HASH-B1483BD26DD3
SCHOLAR-AA8CAAF5BF76,2026-04,2026-1,MES 2,COLOMBIA,Mentor-F14A1035,HASH-7938F9C4972C,Cohorte 2025 COL,Scholar-AA8CAAF5,Universidad EIA,Mentoría 2,2026-10,Virtual,No,Sin alertas,,SIN ALERTA,0,0,Sin alertas,,SIN ALERTA,SIN RIESGO,Sin alertas: Seguimiento mensual,0,0,1,1,0,No,,HASH-8B2913300D74
SCHOLAR-7ACB94937FDF,2026-04,2026-1,MES 2,COLOMBIA,Mentor-F14A1035,HASH-7938F9C4972C,Cohorte 2026 COL,Scholar-7ACB9493,Universidad EIA,Mentoría 2,2026-03,Virtual,No,Sin alertas,,SIN ALERTA,0,0,Sin alertas,,SIN ALERTA,SIN RIESGO,Sin alertas: Seguimiento mensual,0,1,1,0,0,No,,HASH-36DEAB6360F5
SCHOLAR-CB038A22CC30,2026-04,2026-1,MES 1,PERÚ,Mentor-9F97E727,HASH-F858B8D51425,Cohorte 2026 PER,Scholar-CB038A22,UTEC,Mentoría grupal 1,2026-03,Virtual,No,Sin alertas,,SIN ALERTA,0,0,Sin alertas,,SIN ALERTA,SIN RIESGO,Sin alertas: Seguimiento mensual,,,,,,No,,HASH-CE37B4ED25F0
SCHOLAR-AFC08FE24D64,2026-04,2026-1,MES 1,PERÚ,Mentor-9F97E727,HASH-F858B8D51425,Cohorte 2026 PER,Scholar-AFC08FE2,UTEC,Mentoría grupal 1,2026-03,Virtual,No,Sin alertas,,SIN ALERTA,0,0,Sin alertas,,SIN ALERTA,SIN RIESGO,Sin alertas: Seguimiento mensual,,,,,,No,,HASH-57FC34E72EEA
SCHOLAR-A08285CB8D93,2026-04,2026-1,MES 2,COLOMBIA,Mentor-F14A1035,HASH-7938F9C4972C,Cohorte 2026 COL,Scholar-A08285CB,Universidad EIA,Mentoría 2,2026-10,Virtual,Sí,Medio,,"BAJO: Presenta 1 parcial o examen con nota desaprobatoria.
MEDIO: Está teniendo dificultades para entender más de 1 asignatura.",0,2,Sin alertas,,SIN ALERTA,RIESGO MEDIO,Medio: 4-8 semanas,3,1,1,0,0,No,,HASH-C0C3C8A3A237
SCHOLAR-4ABEEA0E0BD3,2026-04,2026-1,MES 1,PERÚ,Mentor-9F97E727,HASH-F858B8D51425,Cohorte 2026 PER,Scholar-4ABEEA0E,UTEC,Mentoría grupal 1,2026-03,Virtual,No,Sin alertas,,SIN ALERTA,0,0,Sin alertas,,SIN ALERTA,SIN RIESGO,Sin alertas: Seguimiento mensual,,,,,,No,,HASH-4790B9FEF1C1
SCHOLAR-E510C6B0F74D,2026-04,2026-1,MES 2,COLOMBIA,Mentor-F14A1035,HASH-7938F9C4972C,Cohorte 2026 COL,Scholar-E510C6B0,Universidad Icesi,Mentoría 2,2026-09,Virtual,No,Bajo,,BAJO: Está teniendo dificultades para entender 1 asignaturas.,0,1,Sin alertas,,SIN ALERTA,RIESGO BAJO,Bajo: 4 semanas,0,1,1,0,0,No,,HASH-1D05873DCBD9
SCHOLAR-5B3485209C81,2026-04,2026-1,MES 1,PERÚ,Mentor-9F97E727,HASH-F858B8D51425,Cohorte 2026 PER,Scholar-5B348520,UTEC,Mentoría grupal 1,2026-03,Virtual,No,Sin alertas,,SIN ALERTA,0,0,Sin alertas,,SIN ALERTA,SIN RIESGO,Sin alertas: Seguimiento mensual,,,,,,No,,HASH-3DF09CEFFE47
SCHOLAR-87962DECDE3F,2026-04,2026-1,MES 2,COLOMBIA,Mentor-F14A1035,HASH-7938F9C4972C,Cohorte 2026 COL,Scholar-87962DEC,Universidad EIA,Mentoría 2,2026-03,Virtual,Sí,Medio,,"MEDIO: Calificaciones parciales bajas que lo ponen en riesgo de reprobar.
MEDIO: Está teniendo dificultades para entender más de 1 asignatura.",0,2,Sin alertas,,SIN ALERTA,RIESGO MEDIO,Medio: 4-8 semanas,0,0,1,0,0,No,,HASH-3B299DB3BD0B
SCHOLAR-DF991B4888B7,2026-04,2026-1,MES 1,PERÚ,Mentor-9F97E727,HASH-F858B8D51425,Cohorte 2026 PER,Scholar-DF991B48,UTEC,Mentoría grupal 1,2026-03,Virtual,No,Sin alertas,,SIN ALERTA,0,0,Sin alertas,,SIN ALERTA,SIN RIESGO,Sin alertas: Seguimiento mensual,,,,,,No,,HASH-F581857D8325
SCHOLAR-9ADBDB8814AC,2026-04,2026-1,MES 1,PERÚ,Mentor-9F97E727,HASH-F858B8D51425,Cohorte 2026 PER,Scholar-9ADBDB88,UTEC,Mentoría grupal 1,2026-03,Virtual,No,Sin alertas,,SIN ALERTA,0,0,Sin alertas,,SIN ALERTA,SIN RIESGO,Sin alertas: Seguimiento mensual,,,,,,No,,HASH-98FA39A1E965
SCHOLAR-A1B24F19188A,2026-04,2026-1,MES 2,COLOMBIA,Mentor-2ADFAAC3,HASH-E1DE72098FF3,Cohorte 2026 COL,Scholar-A1B24F19,Universidad de los Andes,Mentoría 2,2026-08,Virtual,No,Sin alertas,,SIN ALERTA,6,0,Sin alertas,,SIN ALERTA,SIN RIESGO,Sin alertas: Seguimiento mensual,0,0,1,0,0,No,,HASH-81109E0B75E8
SCHOLAR-AD02EAC9DC9D,2026-04,2026-1,MES 1,PERÚ,Mentor-9F97E727,HASH-F858B8D51425,Cohorte 2026 PER,Scholar-AD02EAC9,UTEC,Mentoría grupal 1,2026-03,Virtual,Sí,Alto,,ALTO: En riesgo de no obtener el promedio requerido (programa).,0,0,Sin alertas,,SIN ALERTA,RIESGO ALTO,Sin alertas: Seguimiento mensual,,,,,,No,,HASH-EC4F5DA42C6D
SCHOLAR-DD8B04764A25,2026-04,2026-1,MES 2,COLOMBIA,Mentor-2ADFAAC3,HASH-E1DE72098FF3,Cohorte 2026 COL,Scholar-DD8B0476,Universidad de los Andes,Mentoría 2,2026-08,Virtual,No,Sin alertas,,SIN ALERTA,6,0,Sin alertas,,SIN ALERTA,SIN RIESGO,Sin alertas: Seguimiento mensual,0,1,1,0,0,No,,HASH-EF8235745078
SCHOLAR-3F3C2B416ADA,2026-04,2026-1,MES 2,COLOMBIA,Mentor-2ADFAAC3,HASH-E1DE72098FF3,Cohorte 2026 COL,Scholar-3F3C2B41,Universidad de los Andes,Mentoría 2,2026-04,Virtual,No,Sin alertas,,SIN ALERTA,6,0,Sin alertas,,SIN ALERTA,SIN RIESGO,Sin alertas: Seguimiento mensual,0,1,1,0,0,No,,HASH-0A8409F0CF4F
SCHOLAR-ED374F9778A5,2026-04,2026-1,MES 1,PERÚ,Mentor-9F97E727,HASH-F858B8D51425,Cohorte 2026 PER,Scholar-ED374F97,UTEC,Mentoría grupal 1,2026-03,Virtual,No,Sin alertas,,SIN ALERTA,0,0,Sin alertas,,SIN ALERTA,SIN RIESGO,Sin alertas: Seguimiento mensual,,,,,,No,,HASH-9AEDC8AD8E02
SCHOLAR-4EC81CE0D757,2026-04,2026-1,MES 1,PERÚ,Mentor-9F97E727,HASH-F858B8D51425,Cohorte 2026 PER,Scholar-4EC81CE0,UTEC,Mentoría grupal 1,2026-03,Virtual,No,Sin alertas,,SIN ALERTA,0,0,Sin alertas,,SIN ALERTA,SIN RIESGO,Sin alertas: Seguimiento mensual,,,,,,No,,HASH-495190BF7F61
SCHOLAR-EA2C0BD7FF58,2026-04,2026-1,MES 2,COLOMBIA,Mentor-2ADFAAC3,HASH-E1DE72098FF3,Cohorte 2026 COL,Scholar-EA2C0BD7,Universidad de los Andes,Mentoría 2,2026-04,Virtual,No,Sin alertas,,SIN ALERTA,6,0,Sin alertas,,SIN ALERTA,SIN RIESGO,Sin alertas: Seguimiento mensual,0,0,1,0,0,No,,HASH-7F02C92CA4B2
SCHOLAR-D73B41074B4F,2026-04,2026-1,MES 1,PERÚ,Mentor-9F97E727,HASH-F858B8D51425,Cohorte 2026 PER,Scholar-D73B4107,UTEC,Mentoría grupal 1,2026-03,Virtual,No,Sin alertas,,SIN ALERTA,0,0,Sin alertas,,SIN ALERTA,SIN RIESGO,Sin alertas: Seguimiento mensual,,,,,,No,,HASH-6FA8865F555D
SCHOLAR-45C567D56777,2026-04,2026-1,MES 2,COLOMBIA,Mentor-2ADFAAC3,HASH-E1DE72098FF3,Cohorte 2026 COL,Scholar-45C567D5,Universidad de los Andes,Mentoría 2,2026-04,Virtual,No,Sin alertas,,SIN ALERTA,6,0,Sin alertas,,SIN ALERTA,SIN RIESGO,Sin alertas: Seguimiento mensual,0,1,1,0,0,No,,HASH-AD919EC71294
SCHOLAR-D73B41074B4F,2026-04,2026-1,MES 1,PERÚ,Mentor-9F97E727,HASH-F858B8D51425,Cohorte 2026 PER,Scholar-D73B4107,UTEC,Mentoría grupal 1,2026-03,Virtual,No,Sin alertas,,SIN ALERTA,0,0,Sin alertas,,SIN ALERTA,SIN RIESGO,Sin alertas: Seguimiento mensual,,,,,,No,,HASH-E4DC4F7F618F
SCHOLAR-B4DC85CB13A3,2026-04,2026-1,MES 1,PERÚ,Mentor-9F97E727,HASH-F858B8D51425,Cohorte 2026 PER,Scholar-B4DC85CB,UTEC,Mentoría grupal 1,2026-03,Virtual,No,Sin alertas,,SIN ALERTA,0,0,Sin alertas,,SIN ALERTA,SIN RIESGO,Sin alertas: Seguimiento mensual,,,,,,No,,HASH-612594B53F6D
SCHOLAR-23FD3F77423A,2026-04,2026-1,MES 1,PERÚ,Mentor-9F97E727,HASH-F858B8D51425,Cohorte 2026 PER,Scholar-23FD3F77,UTEC,Mentoría grupal 1,2026-03,Virtual,No,Sin alertas,,SIN ALERTA,0,0,Sin alertas,,SIN ALERTA,SIN RIESGO,Sin alertas: Seguimiento mensual,,,,,,No,,HASH-10ED95A6B346
SCHOLAR-07464BA86073,2026-04,2026-1,MES 1,PERÚ,Mentor-9F97E727,HASH-F858B8D51425,Cohorte 2026 PER,Scholar-07464BA8,UTEC,Mentoría grupal 1,2026-03,Virtual,No,Sin alertas,,SIN ALERTA,0,0,Sin alertas,,SIN ALERTA,SIN RIESGO,Sin alertas: Seguimiento mensual,,,,,,No,,HASH-5F7B47AC267C
SCHOLAR-C6363F3507EA,2026-04,2026-1,MES 1,PERÚ,Mentor-9F97E727,HASH-F858B8D51425,Cohorte 2026 PER,Scholar-C6363F35,UPC,Mentoría grupal 1,2026-03,Virtual,No,Sin alertas,,SIN ALERTA,0,0,Sin alertas,,SIN ALERTA,SIN RIESGO,Sin alertas: Seguimiento mensual,,,,,,No,,HASH-9D040C77C166
SCHOLAR-9BEDD5E2F7AA,2026-04,2026-1,MES 2,COLOMBIA,Mentor-E8A42252,HASH-6398EC59B9C3,Cohorte 2026 COL,Scholar-9BEDD5E2,Universidad EAFIT,Mentoría 2,2026-03,Virtual,No,Bajo,,BAJO: Tiene dificultades en hábitos y métodos de estudio.,0,0,Bajo,,BAJO: Estrés académico ocasional.,RIESGO BAJO,Bajo: 4 semanas,0,0,1,0,0,No,,HASH-5E383F192233
SCHOLAR-F41C6536F6FC,2026-04,2026-1,MES 2,COLOMBIA,Mentor-E8A42252,HASH-6398EC59B9C3,Cohorte 2026 COL,Scholar-F41C6536,Universidad EAFIT,Mentoría 2,2026-11,Virtual,No,Sin alertas,,SIN ALERTA,0,0,Sin alertas,,SIN ALERTA,SIN RIESGO,Sin alertas: Seguimiento mensual,0,0,1,0,0,No,,HASH-DDD1F0C8E759
SCHOLAR-B63727EC03E0,2026-04,2026-1,MES 2,COLOMBIA,Mentor-E8A42252,HASH-6398EC59B9C3,Cohorte 2026 COL,Scholar-B63727EC,Universidad EAFIT,Mentoría 2,2026-08,Virtual,No,Sin alertas,,SIN ALERTA,0,0,Sin alertas,,SIN ALERTA,SIN RIESGO,Sin alertas: Seguimiento mensual,0,0,1,0,0,No,,HASH-615905DA59A4
SCHOLAR-8D4E5E832303,2026-04,2026-1,MES 2,COLOMBIA,Mentor-E8A42252,HASH-6398EC59B9C3,Cohorte 2026 COL,Scholar-8D4E5E83,Universidad EAFIT,Mentoría 2,2026-09,Virtual,No,Sin alertas,,SIN ALERTA,0,0,Sin alertas,,SIN ALERTA,SIN RIESGO,Sin alertas: Seguimiento mensual,0,1,1,0,0,No,,HASH-B46B7F59D474
SCHOLAR-2F2E3AC1ABEC,2026-04,2026-1,MES 2,COLOMBIA,Mentor-E8A42252,HASH-6398EC59B9C3,Cohorte 2026 COL,Scholar-2F2E3AC1,Universidad EAFIT,Mentoría 2,2026-03,Virtual,No,Bajo,,BAJO: Tiene dificultades en hábitos y métodos de estudio.,0,0,Sin alertas,,SIN ALERTA,RIESGO BAJO,Bajo: 4 semanas,1,0,1,0,0,No,,HASH-3F767A56F013
SCHOLAR-F9436D1DB0F0,2026-04,2026-1,MES 2,COLOMBIA,Mentor-E8A42252,HASH-6398EC59B9C3,Cohorte 2026 COL,Scholar-F9436D1D,Universidad EAFIT,Mentoría 2,2026-03,Virtual,No,Bajo,,"BAJO: Presenta 1 parcial o examen con nota desaprobatoria.
BAJO: Tiene dificultades en hábitos y métodos de estudio.",0,0,Sin alertas,,SIN ALERTA,RIESGO BAJO,Bajo: 4 semanas,0,0,1,0,0,No,,HASH-48FFCEB15982
SCHOLAR-3BDF365D0B88,2026-04,2026-1,MES 2,COLOMBIA,Mentor-E8A42252,HASH-6398EC59B9C3,Cohorte 2026 COL,Scholar-3BDF365D,Universidad EAFIT,Mentoría 2,2026-03,Virtual,No,Sin alertas,,SIN ALERTA,0,0,Bajo,,BAJO: Estrés académico ocasional.,RIESGO BAJO,Bajo: 4 semanas,0,0,1,0,0,No,,HASH-F5AEFF9F0101
SCHOLAR-713CFFDDCB1A,2026-04,2026-1,MES 2,COLOMBIA,Mentor-E8A42252,HASH-6398EC59B9C3,Cohorte 2026 COL,Scholar-713CFFDD,Universidad EAFIT,Mentoría 2,2026-09,Virtual,No,Medio,,MEDIO: Está teniendo dificultades para entender más de 1 asignatura.,0,0,Bajo,,BAJO: Desacuerdos familiares o relacionales.,RIESGO MEDIO,Medio: 4-8 semanas,0,0,1,0,0,No,,HASH-50BB4C63B350
SCHOLAR-48F5D11A53E6,2026-04,2026-1,MES 2,COLOMBIA,Mentor-E8A42252,HASH-6398EC59B9C3,Cohorte 2026 COL,Scholar-48F5D11A,Universidad EAFIT,Mentoría 2,2026-11,Virtual,No,Sin alertas,,SIN ALERTA,0,0,Bajo,,BAJO: Duda ocasional sobre sus capacidades académicas.,RIESGO BAJO,Bajo: 4 semanas,0,1,1,0,0,No,,HASH-9CEC18A92D26
SCHOLAR-EA39FA32C972,2026-04,2026-1,MES 2,COLOMBIA,Mentor-E8A42252,HASH-6398EC59B9C3,Cohorte 2026 COL,Scholar-EA39FA32,Universidad EAFIT,Mentoría 2,2026-03,Virtual,No,Bajo,,BAJO: Tiene dificultades en hábitos y métodos de estudio.,0,0,Sin alertas,,SIN ALERTA,RIESGO BAJO,Bajo: 4 semanas,0,0,1,0,0,No,,HASH-5784DB941799
SCHOLAR-CD1699E4A59C,2026-04,2026-1,MES 2,COLOMBIA,Mentor-E8A42252,HASH-6398EC59B9C3,Cohorte 2026 COL,Scholar-CD1699E4,Universidad EAFIT,Mentoría 2,2026-06,Virtual,No,Sin alertas,,SIN ALERTA,0,0,Sin alertas,,SIN ALERTA,SIN RIESGO,Sin alertas: Seguimiento mensual,0,0,1,0,0,No,,HASH-FA2D10CAC65E
SCHOLAR-4CB2C0B08DA7,2026-04,2026-1,MES 2,COLOMBIA,Mentor-E8A42252,HASH-6398EC59B9C3,Cohorte 2026 COL,Scholar-4CB2C0B0,Universidad EAFIT,Mentoría 2,2026-09,Virtual,No,Sin alertas,,SIN ALERTA,0,0,Sin alertas,,SIN ALERTA,SIN RIESGO,Sin alertas: Seguimiento mensual,0,0,1,0,0,No,,HASH-B80CC8214C78
SCHOLAR-DE142D5A00D0,2026-04,2026-1,MES 2,COLOMBIA,Mentor-E8A42252,HASH-6398EC59B9C3,Cohorte 2026 COL,Scholar-DE142D5A,Universidad EAFIT,Mentoría 2,2026-03,Virtual,No,Sin alertas,,SIN ALERTA,0,0,Sin alertas,,SIN ALERTA,SIN RIESGO,Sin alertas: Seguimiento mensual,0,0,1,0,0,No,,HASH-7B81CE945DC8
SCHOLAR-AFEF377642F4,2026-04,2026-1,MES 2,COLOMBIA,Mentor-E8A42252,HASH-6398EC59B9C3,Cohorte 2026 COL,Scholar-AFEF3776,Universidad EAFIT,Mentoría 2,2026-10,Virtual,No,Bajo,,"BAJO: Presenta 1 parcial o examen con nota desaprobatoria.
BAJO: Está teniendo dificultades para entender 1 asignaturas.",0,0,Bajo,,BAJO: Desacuerdos familiares o relacionales.,RIESGO BAJO,Bajo: 4 semanas,1,0,1,0,0,No,,HASH-04008D490A5E
SCHOLAR-35BA28D82AF3,2026-04,2026-1,MES 2,COLOMBIA,Mentor-E8A42252,HASH-6398EC59B9C3,Cohorte 2026 COL,Scholar-35BA28D8,Universidad EAFIT,Mentoría 2,2026-08,Virtual,No,Sin alertas,,SIN ALERTA,0,0,Sin alertas,,SIN ALERTA,SIN RIESGO,Sin alertas: Seguimiento mensual,0,0,1,0,0,No,,HASH-D7F3E20B4C26
SCHOLAR-9DBD7F81E9E0,2026-04,2026-1,MES 2,COLOMBIA,Mentor-E8A42252,HASH-6A28719502DD,Cohorte 2026 COL,Scholar-9DBD7F81,Universidad EAFIT,Mentoría 2,2026-10,Virtual,No,Sin alertas,,SIN ALERTA,0,0,Sin alertas,,SIN ALERTA,SIN RIESGO,Sin alertas: Seguimiento mensual,0,0,1,0,0,No,,HASH-D91D336889A7
SCHOLAR-852A6B5608A1,2026-04,2026-1,MES 2,COLOMBIA,Mentor-E8A42252,HASH-6398EC59B9C3,Cohorte 2026 COL,Scholar-852A6B56,Universidad EAFIT,Mentoría 2,2026-03,Virtual,No,Bajo,,BAJO: Presenta 1 parcial o examen con nota desaprobatoria.,0,0,Bajo,,BAJO: Estrés académico ocasional.,RIESGO BAJO,Bajo: 4 semanas,0,0,1,0,0,No,,HASH-2DC221FF0221
SCHOLAR-CA521EB9252F,2026-04,2026-1,MES 2,COLOMBIA,Mentor-E8A42252,HASH-6398EC59B9C3,Cohorte 2026 COL,Scholar-CA521EB9,Universidad EAFIT,Mentoría 2,2026-06,Virtual,No,Bajo,,BAJO: Tiene dificultades en hábitos y métodos de estudio.,0,0,Sin alertas,,SIN ALERTA,RIESGO BAJO,Bajo: 4 semanas,0,0,1,0,0,No,,HASH-1D5836A31230
SCHOLAR-F631CFB1AC12,2026-04,2026-1,MES 2,COLOMBIA,Mentor-E8A42252,HASH-6398EC59B9C3,Cohorte 2026 COL,Scholar-F631CFB1,Universidad EAFIT,Mentoría 2,2026-08,Virtual,No,Bajo,,BAJO: Presenta 1 parcial o examen con nota desaprobatoria.,0,0,Sin alertas,,SIN ALERTA,RIESGO BAJO,Bajo: 4 semanas,0,0,1,0,0,No,,HASH-728266AE0B13
SCHOLAR-C85E5875C68B,2026-04,2026-1,MES 2,COLOMBIA,Mentor-E8A42252,HASH-6398EC59B9C3,Cohorte 2026 COL,Scholar-C85E5875,Universidad EAFIT,Mentoría 2,2026-01,Virtual,No,Sin alertas,,SIN ALERTA,0,0,Sin alertas,,SIN ALERTA,SIN RIESGO,Sin alertas: Seguimiento mensual,0,1,1,0,0,No,,HASH-0E4F16E62FC3
SCHOLAR-74E999B26884,2026-04,2026-1,MES 2,COLOMBIA,Mentor-E8A42252,HASH-6398EC59B9C3,Cohorte 2026 COL,Scholar-74E999B2,Universidad EAFIT,Mentoría 2,2026-01,Virtual,No,Sin alertas,,SIN ALERTA,0,0,Sin alertas,,SIN ALERTA,SIN RIESGO,Sin alertas: Seguimiento mensual,0,0,1,0,0,No,,HASH-5380847B1D1A
SCHOLAR-1DE2D45B06F0,2026-04,2026-1,MES 2,COLOMBIA,Mentor-E8A42252,HASH-6398EC59B9C3,Cohorte 2026 COL,Scholar-1DE2D45B,Universidad EAFIT,Mentoría 2,2026-09,Virtual,No,Sin alertas,,SIN ALERTA,0,0,Sin alertas,,SIN ALERTA,SIN RIESGO,Sin alertas: Seguimiento mensual,0,0,1,0,0,No,,HASH-FB8B0EABBB64
SCHOLAR-7E642909A62F,2026-04,2026-1,MES 2,COLOMBIA,Mentor-E8A42252,HASH-6398EC59B9C3,Cohorte 2026 COL,Scholar-7E642909,Universidad EAFIT,Mentoría 2,2026-03,Virtual,No,Sin alertas,,SIN ALERTA,0,0,Sin alertas,,SIN ALERTA,SIN RIESGO,Sin alertas: Seguimiento mensual,0,0,1,0,0,No,,HASH-0C9FA4E66319
SCHOLAR-3A3947A230E8,2026-04,2026-1,MES 2,COLOMBIA,Mentor-E8A42252,HASH-6398EC59B9C3,Cohorte 2026 COL,Scholar-3A3947A2,Universidad EAFIT,Mentoría 2,2026-03,Virtual,No,Bajo,,"BAJO: Presenta 1 parcial o examen con nota desaprobatoria.
BAJO: Está teniendo dificultades para entender 1 asignaturas.",0,0,Bajo,,BAJO: Estrés académico ocasional.,RIESGO BAJO,Bajo: 4 semanas,6,1,1,0,0,No,,HASH-F8D02F329B84
SCHOLAR-7E8CEF09E3A7,2026-04,2026-1,MES 2,COLOMBIA,Mentor-E8A42252,HASH-6398EC59B9C3,Cohorte 2026 COL,Scholar-7E8CEF09,Universidad EAFIT,Mentoría 2,2026-03,Virtual,No,Sin alertas,,SIN ALERTA,0,0,Sin alertas,,SIN ALERTA,SIN RIESGO,Sin alertas: Seguimiento mensual,0,1,1,0,0,No,,HASH-0F4AD7342D11
SCHOLAR-161B62FDC4B8,2026-04,2026-1,MES 2,COLOMBIA,Mentor-E8A42252,HASH-6398EC59B9C3,Cohorte 2026 COL,Scholar-161B62FD,Universidad EAFIT,Mentoría 2,2026-03,Virtual,Sí,Medio,,"MEDIO: Perdió parciales cruciales en dos o más materias.
MEDIO: No está asistiendo a tutorías estando en riesgo.",0,0,Bajo,,BAJO: Desacuerdos familiares o relacionales.,RIESGO MEDIO,Medio: 4-8 semanas,0,0,1,0,0,No,,HASH-62FFD35D5BE3
SCHOLAR-EE18E73205BF,2026-04,2026-1,MES 2,COLOMBIA,Mentor-E8A42252,HASH-6398EC59B9C3,Cohorte 2026 COL,Scholar-EE18E732,Universidad EAFIT,Mentoría 2,2026-11,Virtual,No,Sin alertas,,SIN ALERTA,0,0,Sin alertas,,SIN ALERTA,SIN RIESGO,Sin alertas: Seguimiento mensual,0,0,1,0,0,No,,HASH-2D10B06C6A7D
SCHOLAR-EBD0405280A9,2026-04,2026-1,MES 2,COLOMBIA,Mentor-E8A42252,HASH-6398EC59B9C3,Cohorte 2026 COL,Scholar-EBD04052,Universidad Icesi,Mentoría 2,2026-03,Virtual,No,Sin alertas,,SIN ALERTA,0,0,Bajo,,BAJO: Estrés académico ocasional.,RIESGO BAJO,Bajo: 4 semanas,0,0,1,0,0,No,,HASH-8B8C89E942A7
SCHOLAR-C3DEB10FF62A,2026-04,2026-1,MES 2,COLOMBIA,Mentor-E8A42252,HASH-6398EC59B9C3,Cohorte 2026 COL,Scholar-C3DEB10F,Universidad Icesi,Mentoría 2,2026-03,Virtual,No,Sin alertas,,SIN ALERTA,0,0,Alto,,"ALTO: En proceso de duelo (pérdida, ruptura significativa).",RIESGO ALTO,Alto: 8-10 semanas,0,0,1,0,0,No,,HASH-1875BF3F8F1C
SCHOLAR-A9BA1B505585,2026-04,2026-1,MES 2,COLOMBIA,Mentor-E8A42252,HASH-6398EC59B9C3,Cohorte 2026 COL,Scholar-A9BA1B50,Universidad Icesi,Mentoría 2,2026-01,Virtual,No,Sin alertas,,SIN ALERTA,0,0,Sin alertas,,SIN ALERTA,SIN RIESGO,Sin alertas: Seguimiento mensual,0,0,1,0,0,No,,HASH-AFBBB696230E
SCHOLAR-44DB46232F6D,2026-04,2026-1,MES 2,COLOMBIA,Mentor-E8A42252,HASH-6398EC59B9C3,Cohorte 2026 COL,Scholar-44DB4623,Universidad Icesi,Mentoría 2,2026-03,Virtual,No,Bajo,,"BAJO: Está teniendo dificultades para entender 1 asignaturas.
SIN ALERTA",0,0,Bajo,,BAJO: Duda ocasional sobre sus capacidades académicas.,RIESGO BAJO,Bajo: 4 semanas,0,0,1,0,0,No,,HASH-C144590A1F9B
SCHOLAR-77B48154224E,2026-04,2026-1,MES 2,COLOMBIA,Mentor-E8A42252,HASH-6398EC59B9C3,Cohorte 2026 COL,Scholar-77B48154,Universidad Icesi,Mentoría 2,2026-10,Virtual,No,Medio,,MEDIO: Calificaciones parciales bajas que lo ponen en riesgo de reprobar.,0,0,Bajo,,BAJO: Estrés académico ocasional.,RIESGO MEDIO,Medio: 4-8 semanas,0,0,1,0,0,No,,HASH-DAA1AA213134
SCHOLAR-B209F529DDE6,2026-04,2026-1,MES 2,COLOMBIA,Mentor-E8A42252,HASH-6398EC59B9C3,Cohorte 2026 COL,Scholar-B209F529,Universidad Icesi,Mentoría 2,2026-03,Virtual,No,Bajo,,BAJO: Presenta 1 parcial o examen con nota desaprobatoria.,0,0,Bajo,,BAJO: Duda ocasional sobre sus capacidades académicas.,RIESGO BAJO,Bajo: 4 semanas,0,0,1,0,0,No,,HASH-81EE37E16C01
SCHOLAR-35CB49B303C3,2026-04,2026-1,MES 2,COLOMBIA,Mentor-E8A42252,HASH-6398EC59B9C3,Cohorte 2026 COL,Scholar-35CB49B3,Universidad Icesi,Mentoría 2,2026-06,Virtual,No,Sin alertas,,SIN ALERTA,0,0,Sin alertas,,SIN ALERTA,SIN RIESGO,Sin alertas: Seguimiento mensual,0,0,1,0,0,No,,HASH-C1DAAA25231A
SCHOLAR-623FCC700280,2026-04,2026-1,MES 2,COLOMBIA,Mentor-E8A42252,HASH-6398EC59B9C3,Cohorte 2025 COL,Scholar-623FCC70,Universidad del Norte,Mentoría 2,2026-09,Virtual,No,Sin alertas,,SIN ALERTA,0,0,Sin alertas,,SIN ALERTA,SIN RIESGO,Sin alertas: Seguimiento mensual,0,0,1,1,0,No,,HASH-60F6526AC922
SCHOLAR-9247E829DBD8,2026-04,2026-1,MES 2,COLOMBIA,Mentor-E8A42252,HASH-6398EC59B9C3,Cohorte 2025 COL,Scholar-9247E829,Universidad del Norte,Mentoría 2,2026-01,Virtual,No,Bajo,,BAJO: Presenta 1 parcial o examen con nota desaprobatoria.,0,0,Bajo,,BAJO: Estrés académico ocasional.,RIESGO BAJO,Bajo: 4 semanas,0,0,1,1,0,No,,HASH-E451C40A6967
SCHOLAR-AFCF329DC4EE,2026-04,2026-1,MES 2,COLOMBIA,Mentor-E8A42252,HASH-6398EC59B9C3,Cohorte 2025 COL,Scholar-AFCF329D,Universidad del Norte,Mentoría 2,2026-03,Virtual,No,Sin alertas,,SIN ALERTA,0,0,Sin alertas,,SIN ALERTA,SIN RIESGO,Sin alertas: Seguimiento mensual,0,0,1,1,0,No,,HASH-7C576346FD3A
SCHOLAR-1EACD63EC9DA,2026-04,2026-1,MES 2,COLOMBIA,Mentor-E8A42252,HASH-6398EC59B9C3,Cohorte 2025 COL,Scholar-1EACD63E,Universidad del Norte,Mentoría 2,2026-03,Virtual,No,Sin alertas,,SIN ALERTA,0,0,Sin alertas,,SIN ALERTA,SIN RIESGO,Sin alertas: Seguimiento mensual,0,0,1,1,0,No,,HASH-6A29EE58D273
SCHOLAR-A06C29C33558,2026-04,2026-1,MES 2,COLOMBIA,Mentor-E8A42252,HASH-6398EC59B9C3,Cohorte 2025 COL,Scholar-A06C29C3,Universidad del Norte,Mentoría 2,2026-10,Virtual,No,Bajo,,"BAJO: Presenta 1 parcial o examen con nota desaprobatoria.
BAJO: Está teniendo dificultades para entender 1 asignaturas.",0,0,Sin alertas,,SIN ALERTA,RIESGO BAJO,Bajo: 4 semanas,3,0,1,1,0,No,,HASH-5E5080E4D9E1
SCHOLAR-1126FFD5623F,2026-04,2026-1,MES 2,COLOMBIA,Mentor-E8A42252,HASH-6398EC59B9C3,Cohorte 2025 COL,Scholar-1126FFD5,Universidad del Norte,Mentoría 2,2026-03,Virtual,No,Sin alertas,,SIN ALERTA,0,0,Bajo,,"BAJO: Se ha sentido triste, ansioso/a o desmotivado/a en los últimos días.",RIESGO BAJO,Bajo: 4 semanas,2,0,1,1,0,No,,HASH-D4AC636AD911
SCHOLAR-36594A0DFBD9,2026-04,2026-1,MES 2,COLOMBIA,Mentor-E8A42252,HASH-6398EC59B9C3,Cohorte 2025 COL,Scholar-36594A0D,Universidad del Norte,Mentoría 2,2026-03,Virtual,No,Bajo,,BAJO: Está teniendo dificultades para entender 1 asignaturas.,0,0,Bajo,,BAJO: Estrés académico ocasional.,RIESGO BAJO,Bajo: 4 semanas,0,0,1,1,0,No,,HASH-BC0DAA59A32E
SCHOLAR-035BE8FB1094,2026-04,2026-1,MES 2,COLOMBIA,Mentor-E8A42252,HASH-6398EC59B9C3,Cohorte 2025 COL,Scholar-035BE8FB,Universidad del Norte,Mentoría 2,2026-08,Virtual,No,Sin alertas,,SIN ALERTA,0,0,Sin alertas,,SIN ALERTA,SIN RIESGO,Sin alertas: Seguimiento mensual,0,0,1,1,0,No,,HASH-B2D2E88E2FE1
SCHOLAR-ED7DED95D0D9,2026-04,2026-1,MES 2,COLOMBIA,Mentor-E8A42252,HASH-6398EC59B9C3,Cohorte 2025 COL,Scholar-ED7DED95,Universidad del Norte,Mentoría 2,2026-03,Virtual,No,Sin alertas,,SIN ALERTA,0,0,Sin alertas,,SIN ALERTA,SIN RIESGO,Sin alertas: Seguimiento mensual,0,0,1,0,0,No,,HASH-284542356D76
SCHOLAR-8FB2F1AF6F77,2026-04,2026-1,MES 2,COLOMBIA,Mentor-F14A1035,HASH-7938F9C4972C,Cohorte 2025 COL,Scholar-8FB2F1AF,Universidad EIA,Mentoría 2,2026-03,Virtual,No,Sin alertas,,SIN ALERTA,0,0,Sin alertas,,SIN ALERTA,SIN RIESGO,Sin alertas: Seguimiento mensual,0,0,1,0,0,No,,HASH-93137A8159DD
SCHOLAR-A985B6B52274,2026-04,2026-1,MES 2,COLOMBIA,Mentor-F14A1035,HASH-7938F9C4972C,Cohorte 2025 COL,Scholar-A985B6B5,Universidad EIA,Mentoría 2,2026-03,Virtual,Sí,Medio,,"MEDIO: Perdió parciales cruciales en dos o más materias.
MEDIO: Está teniendo dificultades para entender más de 1 asignatura.",0,3,Alto,,"MEDIO: Mantiene bajo estado de ánimo o ansiedad por más de dos semanas (afecta su desempeño).
ALTO: Ha dejado de realizar actividades sociales o familiares.",RIESGO ALTO,Alto: 8-10 semanas,8,0,1,1,0,No,,HASH-9B1BB875D6B3
SCHOLAR-D9BF6BEB4089,2026-04,2026-1,MES 2,COLOMBIA,Mentor-F14A1035,HASH-7938F9C4972C,Cohorte 2026 COL,Scholar-D9BF6BEB,Universidad EIA,Mentoría 2,2026-03,Virtual,Sí,Medio,,"BAJO: Presenta 1 parcial o examen con nota desaprobatoria.
MEDIO: Está teniendo dificultades para entender más de 1 asignatura.",0,2,Medio,,"BAJO: Estrés académico ocasional.
MEDIO: Dificultades económicas que generan preocupación constante (afecta su desempeño).",RIESGO MEDIO,Medio: 4-8 semanas,2,0,1,0,0,No,,HASH-41D86AFD9B43
SCHOLAR-66DEAE450C0B,2026-04,2026-1,MES 2,COLOMBIA,Mentor-F14A1035,HASH-7938F9C4972C,Cohorte 2026 COL,Scholar-66DEAE45,Universidad EIA,Mentoría 2,2026-10,Virtual,No,Sin alertas,,SIN ALERTA,0,0,Sin alertas,,SIN ALERTA,SIN RIESGO,Sin alertas: Seguimiento mensual,0,0,1,0,0,No,,HASH-6AE26289293F
SCHOLAR-C8AF78F68638,2026-04,2026-1,MES 2,COLOMBIA,Mentor-F14A1035,HASH-7938F9C4972C,Cohorte 2026 COL,Scholar-C8AF78F6,Universidad EIA,Mentoría 3,2026-03,Virtual,Sí,Medio,,"MEDIO: Calificaciones parciales bajas que lo ponen en riesgo de reprobar.
MEDIO: Está teniendo dificultades para entender más de 1 asignatura.",0,3,Alto,,"MEDIO: Mantiene bajo estado de ánimo o ansiedad por más de dos semanas (afecta su desempeño).
ALTO: Crisis emocional que afecta directamente el desempeño académico.",RIESGO ALTO,Alto: 8-10 semanas,2,0,2,0,0,No,,HASH-633B6F941423
SCHOLAR-3FDB0A1C29B7,2026-04,2026-1,MES 2,COLOMBIA,Mentor-F14A1035,HASH-7938F9C4972C,Cohorte 2025 COL,Scholar-3FDB0A1C,Universidad EIA,Mentoría 2,2026-01,Virtual,Sí,Medio,,"MEDIO: Está teniendo dificultades para entender más de 1 asignatura.
MEDIO: No tiene buenos métodos ni hábitos de estudio.",0,2,Sin alertas,,SIN ALERTA,RIESGO MEDIO,Medio: 4-8 semanas,4,0,1,0,0,No,,HASH-6AB693FF700E
SCHOLAR-3991A7E653FD,2026-04,2026-1,MES 2,COLOMBIA,Mentor-F14A1035,HASH-7938F9C4972C,Cohorte 2026 COL,Scholar-3991A7E6,Universidad Pontificia Bolivariana,Mentoría 2,2026-03,Presencial,Sí,Medio,,MEDIO: Está teniendo dificultades para entender más de 1 asignatura.,0,2,Sin alertas,,SIN ALERTA,RIESGO MEDIO,Medio: 4-8 semanas,2,0,1,0,0,No,,HASH-0F8972CDD337
SCHOLAR-4C71BB8143A0,2026-04,2026-1,MES 2,COLOMBIA,Mentor-F14A1035,HASH-7938F9C4972C,Cohorte 2026 COL,Scholar-4C71BB81,Universidad Pontificia Bolivariana,Mentoría 2,2026-03,Presencial,Sí,Medio,,MEDIO: Está teniendo dificultades para entender más de 1 asignatura.,0,2,Bajo,,BAJO: Desacuerdos familiares o relacionales.,RIESGO MEDIO,Medio: 4-8 semanas,1,0,1,0,0,No,,HASH-797DAD5F7AA2
SCHOLAR-8FE0F88AA594,2026-04,2026-1,MES 2,COLOMBIA,Mentor-F14A1035,HASH-7938F9C4972C,Cohorte 2025 COL,Scholar-8FE0F88A,Universidad Pontificia Bolivariana,Mentoría 2,2026-03,Presencial,Sí,Bajo,,BAJO: Está teniendo dificultades para entender 1 asignaturas.,0,1,Sin alertas,,SIN ALERTA,RIESGO BAJO,Bajo: 4 semanas,1,0,1,1,0,No,,HASH-31FA3455F1A9
SCHOLAR-F8B14591F744,2026-04,2026-1,MES 2,COLOMBIA,Mentor-F14A1035,HASH-7938F9C4972C,Cohorte 2026 COL,Scholar-F8B14591,Universidad Pontificia Bolivariana,Mentoría 2,2026-03,Presencial,Sí,Alto,,"MEDIO: Está perdiendiendo más de 1 asignatura/curso.
MEDIO: Perdió parciales cruciales en dos o más materias.",0,2,Alto,,MEDIO: Mantiene bajo estado de ánimo o ansiedad por más de dos semanas (afecta su desempeño).,RIESGO CRÍTICO,Medio: 4-8 semanas,2,0,1,0,0,No,,HASH-0DA9054FC8A5
SCHOLAR-7C41AB6CAB6D,2026-04,2026-1,MES 2,COLOMBIA,Mentor-F14A1035,HASH-7938F9C4972C,Cohorte 2025 COL,Scholar-7C41AB6C,Universidad Pontificia Bolivariana,Mentoría 2,2026-03,Virtual,No,Sin alertas,,SIN ALERTA,0,0,Sin alertas,,SIN ALERTA,SIN RIESGO,Sin alertas: Seguimiento mensual,0,0,1,1,0,No,,HASH-6C20A66235BB
SCHOLAR-56360FF40931,2026-04,2026-1,MES 2,COLOMBIA,Mentor-F14A1035,HASH-7938F9C4972C,Cohorte 2026 COL,Scholar-56360FF4,Universidad Pontificia Bolivariana,Mentoría 2,2026-08,Virtual,Sí,Alto,,"MEDIO: Calificaciones parciales bajas que lo ponen en riesgo de reprobar.
ALTO: En riesgo de no obtener el promedio requerido (programa).",0,3,Medio,,"BAJO: Duda ocasional sobre sus capacidades académicas.
MEDIO: Mantiene bajo estado de ánimo o ansiedad por más de dos semanas (afecta su desempeño).",RIESGO ALTO,Alto: 8-10 semanas,0,0,1,0,0,No,,HASH-B919EFCD2938
SCHOLAR-57E907B58FB0,2026-04,2026-1,MES 2,COLOMBIA,Mentor-F14A1035,HASH-7938F9C4972C,Cohorte 2026 COL,Scholar-57E907B5,Universidad Pontificia Bolivariana,Mentoría 2,2026-08,Virtual,No,Sin alertas,,SIN ALERTA,0,0,Sin alertas,,SIN ALERTA,SIN RIESGO,Sin alertas: Seguimiento mensual,0,0,1,0,0,No,,HASH-04449D18AA0A
SCHOLAR-75A78E27DD3F,2026-04,2026-1,MES 2,COLOMBIA,Mentor-F14A1035,HASH-7938F9C4972C,Cohorte 2025 COL,Scholar-75A78E27,Universidad Pontificia Bolivariana,Mentoría 2,2026-03,Virtual,Sí,Bajo,,BAJO: Presenta 1 parcial o examen con nota desaprobatoria.,0,1,Sin alertas,,SIN ALERTA,RIESGO BAJO,Bajo: 4 semanas,1,0,1,1,0,No,,HASH-AFFEE120336F
SCHOLAR-07A88DB490DF,2026-04,2026-1,MES 2,COLOMBIA,Mentor-F14A1035,HASH-7938F9C4972C,Cohorte 2025 COL,Scholar-07A88DB4,Universidad Pontificia Bolivariana,Mentoría 2,2026-03,Virtual,No,Medio,,"MEDIO: Reprobó 1 o 2 asignaturas de cálculo/math el semestre anterior.
SIN ALERTA",0,0,Sin alertas,,SIN ALERTA,RIESGO MEDIO,Medio: 4-8 semanas,0,0,1,1,0,No,,HASH-0DAF96BE7E52
SCHOLAR-A7AD4C0B1060,2026-04,2026-1,MES 2,COLOMBIA,Mentor-2ADFAAC3,HASH-E1DE72098FF3,Cohorte 2026 COL,Scholar-A7AD4C0B,Universidad del Norte,Mentoría 2,2026-04,Virtual,No,Bajo,,BAJO: Presenta 1 parcial o examen con nota desaprobatoria.,6,1,Bajo,,BAJO: Desacuerdos familiares o relacionales.,RIESGO BAJO,Bajo: 4 semanas,1,1,1,0,0,No,,HASH-38B4A7E46522
SCHOLAR-94B2ADB70651,2026-04,2026-1,MES 2,COLOMBIA,Mentor-2ADFAAC3,HASH-E1DE72098FF3,Cohorte 2026 COL,Scholar-94B2ADB7,Universidad del Norte,Mentoría 2,2026-04,Virtual,No,Sin alertas,,SIN ALERTA,6,0,Sin alertas,,SIN ALERTA,SIN RIESGO,Sin alertas: Seguimiento mensual,0,1,1,0,0,No,,HASH-EDF5E26A858F
SCHOLAR-E48E6AEED740,2026-04,2026-1,MES 2,COLOMBIA,Mentor-2ADFAAC3,HASH-E1DE72098FF3,Cohorte 2026 COL,Scholar-E48E6AEE,Universidad del Norte,Mentoría 2,2026-04,Virtual,No,Sin alertas,,SIN ALERTA,6,0,Bajo,,BAJO: Duda ocasional sobre sus capacidades académicas.,RIESGO BAJO,Bajo: 4 semanas,0,0,1,0,0,No,,HASH-BF5A554E9593
SCHOLAR-914BBA8604F4,2026-04,2026-1,MES 2,COLOMBIA,Mentor-2ADFAAC3,HASH-E1DE72098FF3,Cohorte 2026 COL,Scholar-914BBA86,Universidad del Norte,Mentoría 2,2026-04,Virtual,No,Bajo,,BAJO: Presenta 1 parcial o examen con nota desaprobatoria.,6,1,Sin alertas,,SIN ALERTA,RIESGO BAJO,Bajo: 4 semanas,0,1,1,0,0,No,,HASH-AD40C0DA30E9
SCHOLAR-3F49A50AF900,2026-04,2026-1,MES 2,COLOMBIA,Mentor-2ADFAAC3,HASH-E1DE72098FF3,Cohorte 2026 COL,Scholar-3F49A50A,Universidad de los Andes,Mentoría 2,2026-04,Virtual,No,Medio,,MEDIO: Está perdiendo una asignatura/curso.,6,1,Sin alertas,,SIN ALERTA,RIESGO MEDIO,Medio: 4-8 semanas,0,0,1,0,0,No,,HASH-0E010B85119C
SCHOLAR-A2CBF9493F1C,2026-04,2026-1,MES 2,COLOMBIA,Mentor-2ADFAAC3,HASH-E1DE72098FF3,Cohorte 2026 COL,Scholar-A2CBF949,Universidad de los Andes,Mentoría 2,2026-04,Virtual,No,Sin alertas,,BAJO: Presenta 1 parcial o examen con nota desaprobatoria.,6,0,Sin alertas,,SIN ALERTA,SIN RIESGO,Sin alertas: Seguimiento mensual,1,1,1,0,0,No,,HASH-DC4699106598
SCHOLAR-639D5029D4A0,2026-04,2026-1,MES 2,COLOMBIA,Mentor-2ADFAAC3,HASH-E1DE72098FF3,Cohorte 2026 COL,Scholar-639D5029,Universidad de los Andes,Mentoría 2,2026-03,Virtual,No,Bajo,,BAJO: Presenta 1 parcial o examen con nota desaprobatoria.,6,1,Sin alertas,,SIN ALERTA,RIESGO BAJO,Bajo: 4 semanas,0,0,1,0,0,No,,HASH-E5BCE324E12A
SCHOLAR-9181E5AB3D08,2026-04,2026-1,MES 2,COLOMBIA,Mentor-CF89343C,HASH-1D9F62249B9D,Cohorte 2025 COL,Scholar-9181E5AB,Universidad de los Andes,Mentoría 2,2026-03,Virtual,Sí,Medio,,"MEDIO: Perdió parciales cruciales en dos o más materias.
MEDIO: Calificaciones parciales bajas que lo ponen en riesgo de reprobar.",0,0,Bajo,,BAJO: Estrés académico ocasional.,RIESGO MEDIO,Medio: 4-8 semanas,1,0,1,0,0,No,,HASH-3F75B329F121
SCHOLAR-9181E5AB3D08,2026-04,2026-1,MES 2,COLOMBIA,Mentor-CF89343C,HASH-1D9F62249B9D,Cohorte 2025 COL,Scholar-9181E5AB,Universidad de los Andes,Mentoría 3,2026-03,Presencial,Sí,Medio,,"MEDIO: Está perdiendo una asignatura/curso.
MEDIO: Perdió parciales cruciales en dos o más materias.",0,1,Medio,,"BAJO: Estrés académico ocasional.
MEDIO: Dificultades económicas que generan preocupación constante (afecta su desempeño).",RIESGO MEDIO,Medio: 4-8 semanas,1,0,1,0,0,No,,HASH-8FD0B660CCFE
SCHOLAR-AB90B7B0CD4A,2026-04,2026-1,MES 2,COLOMBIA,Mentor-CF89343C,HASH-1D9F62249B9D,Cohorte 2025 COL,Scholar-AB90B7B0,Universidad de los Andes,Mentoría 2,2026-03,Presencial,No,Bajo,,BAJO: Presenta 1 parcial o examen con nota desaprobatoria.,0,0,Sin alertas,,SIN ALERTA,RIESGO BAJO,Bajo: 4 semanas,0,1,1,1,0,No,,HASH-1BBA58367EF5
SCHOLAR-632CD8060404,2026-04,2026-1,MES 2,COLOMBIA,Mentor-CF89343C,HASH-1D9F62249B9D,Cohorte 2025 COL,Scholar-632CD806,Universidad de los Andes,Mentoría 2,2026-03,Presencial,Sí,Medio,,MEDIO: Perdió parciales cruciales en dos o más materias.,0,0,Bajo,,"BAJO: Se ha sentido triste, ansioso/a o desmotivado/a en los últimos días.
BAJO: Estrés académico ocasional.",RIESGO MEDIO,Medio: 4-8 semanas,0,1,1,1,0,No,,HASH-3812B60CE09D
SCHOLAR-B1E5AA88DC49,2026-04,2026-1,MES 2,COLOMBIA,Mentor-CF89343C,HASH-1D9F62249B9D,Cohorte 2025 COL,Scholar-B1E5AA88,Universidad de los Andes,Mentoría 2,2026-03,Presencial,Sí,Medio,,MEDIO: Perdió parciales cruciales en dos o más materias.,0,0,Bajo,,BAJO: Estrés académico ocasional.,RIESGO MEDIO,Medio: 4-8 semanas,0,0,1,1,0,No,,HASH-695AC786E98D
SCHOLAR-7FB0C90CD637,2026-04,2026-1,MES 2,COLOMBIA,Mentor-CF89343C,HASH-1D9F62249B9D,Cohorte 2025 COL,Scholar-7FB0C90C,Universidad de los Andes,Mentoría 2,2026-03,Presencial,No,Bajo,,BAJO: Presenta 1 parcial o examen con nota desaprobatoria.,0,0,Sin alertas,,SIN ALERTA,RIESGO BAJO,Bajo: 4 semanas,0,0,1,0,0,No,,HASH-5502A1BC88A2
SCHOLAR-332B4019EF9D,2026-04,2026-1,MES 2,COLOMBIA,Mentor-CF89343C,HASH-1D9F62249B9D,Cohorte 2026 COL,Scholar-332B4019,Universidad EIA,Mentoría 2,2026-03,Virtual,No,Sin alertas,,SIN ALERTA,0,0,Sin alertas,,SIN ALERTA,SIN RIESGO,Sin alertas: Seguimiento mensual,0,,,,,No,,HASH-C4DB489C0F45
SCHOLAR-95C53E17DDE8,2026-04,2026-1,MES 2,COLOMBIA,Mentor-CF89343C,HASH-1D9F62249B9D,Cohorte 2025 COL,Scholar-95C53E17,Universidad de los Andes,Mentoría 2,2026-10,Virtual,No,Sin alertas,,SIN ALERTA,0,0,Sin alertas,,SIN ALERTA,SIN RIESGO,Sin alertas: Seguimiento mensual,0,1,1,1,0,No,,HASH-D1501F6B83A4
SCHOLAR-7166D56308E7,2026-04,2026-1,MES 2,COLOMBIA,Mentor-CF89343C,HASH-1D9F62249B9D,Cohorte 2025 COL,Scholar-7166D563,Universidad de los Andes,Mentoría 2,2026-10,Virtual,No,Sin alertas,,SIN ALERTA,0,0,Sin alertas,,SIN ALERTA,SIN RIESGO,Sin alertas: Seguimiento mensual,0,1,1,1,0,No,,HASH-D56E8361257A
SCHOLAR-5784F4261DA9,2026-04,2026-1,MES 1,PERÚ,Mentor-9F97E727,HASH-F858B8D51425,Cohorte 2026 PER,Scholar-5784F426,UPC,Mentoría grupal 1,2026-03,Virtual,No,Sin alertas,,SIN ALERTA,0,0,Sin alertas,,SIN ALERTA,SIN RIESGO,Sin alertas: Seguimiento mensual,,,,,,No,,HASH-90037086F4DB
SCHOLAR-2D9E7BAFD5C5,2026-04,2026-1,MES 1,PERÚ,Mentor-9F97E727,HASH-F858B8D51425,Cohorte 2026 PER,Scholar-2D9E7BAF,UPC,Mentoría grupal 1,2026-03,Virtual,No,Sin alertas,,SIN ALERTA,0,0,Sin alertas,,SIN ALERTA,SIN RIESGO,Sin alertas: Seguimiento mensual,,,,,,No,,HASH-C07A8D3746EA
SCHOLAR-33581B98C2AF,2026-04,2026-1,MES 1,PERÚ,Mentor-16D91A6D,HASH-F858B8D51425,Cohorte 2026 PER,Scholar-33581B98,UPC,Mentoría grupal 1,2026-03,Virtual,No,Sin alertas,,SIN ALERTA,0,0,Sin alertas,,SIN ALERTA,SIN RIESGO,Sin alertas: Seguimiento mensual,,,,,,No,,HASH-AB861DE2DE3D
SCHOLAR-211868B9C2B9,2026-04,2026-1,MES 1,PERÚ,Mentor-9F97E727,HASH-F858B8D51425,Cohorte 2026 PER,Scholar-211868B9,UPC,Mentoría grupal 1,2026-03,Virtual,No,Sin alertas,,SIN ALERTA,0,0,Sin alertas,,SIN ALERTA,SIN RIESGO,Sin alertas: Seguimiento mensual,,,,,,No,,HASH-FA8E29F9A4A5
SCHOLAR-7200CAC79F5E,2026-04,2026-1,MES 1,PERÚ,Mentor-9F97E727,HASH-F858B8D51425,Cohorte 2026 PER,Scholar-7200CAC7,UPC,Mentoría grupal 1,2026-03,Virtual,No,Sin alertas,,SIN ALERTA,0,0,Sin alertas,,SIN ALERTA,SIN RIESGO,Sin alertas: Seguimiento mensual,,,,,,No,,HASH-2A8802EEE658
SCHOLAR-ADFFB30281FB,2026-04,2026-1,MES 1,PERÚ,Mentor-9F97E727,HASH-F858B8D51425,Cohorte 2026 PER,Scholar-ADFFB302,UPC,Mentoría grupal 1,2026-03,Virtual,No,Sin alertas,,SIN ALERTA,0,0,Sin alertas,,SIN ALERTA,SIN RIESGO,Sin alertas: Seguimiento mensual,,,,,,No,,HASH-728DD4D908F2
SCHOLAR-67B4E5C29BC3,2026-04,2026-1,MES 1,PERÚ,Mentor-9F97E727,HASH-F858B8D51425,Cohorte 2026 PER,Scholar-67B4E5C2,UPC,Mentoría grupal 1,2026-03,Virtual,No,Sin alertas,,SIN ALERTA,0,0,Sin alertas,,SIN ALERTA,SIN RIESGO,Sin alertas: Seguimiento mensual,,,,,,No,,HASH-5DE992B95A7A
SCHOLAR-E0E119B4010B,2026-04,2026-1,MES 1,PERÚ,Mentor-9F97E727,HASH-F858B8D51425,Cohorte 2026 PER,Scholar-E0E119B4,UPC,Mentoría grupal 1,2026-03,Virtual,No,Sin alertas,,SIN ALERTA,0,0,Sin alertas,,SIN ALERTA,SIN RIESGO,Sin alertas: Seguimiento mensual,,,,,,No,,HASH-6DAE02F19567
SCHOLAR-F6CA9692C37E,2026-04,2026-1,MES 1,PERÚ,Mentor-9F97E727,HASH-F858B8D51425,Cohorte 2026 PER,Scholar-F6CA9692,UPC,Mentoría grupal 1,2026-03,Virtual,No,Sin alertas,,SIN ALERTA,0,0,Sin alertas,,SIN ALERTA,SIN RIESGO,Sin alertas: Seguimiento mensual,,,,,,No,,HASH-E384541EEA0E
SCHOLAR-AD02EAC9DC9D,2026-04,2026-1,MES 1,PERÚ,Mentor-9F97E727,HASH-F858B8D51425,Cohorte 2026 PER,Scholar-AD02EAC9,UPC,Mentoría grupal 1,2026-03,Virtual,No,Sin alertas,,SIN ALERTA,0,0,Sin alertas,,SIN ALERTA,SIN RIESGO,Sin alertas: Seguimiento mensual,,,,,,No,,HASH-AD1C5DB22973
SCHOLAR-759BBB2BAD28,2026-04,2026-1,MES 1,PERÚ,Mentor-9F97E727,HASH-F858B8D51425,Cohorte 2026 PER,Scholar-759BBB2B,UPC,Mentoría grupal 1,2026-03,Virtual,No,Sin alertas,,SIN ALERTA,0,0,Sin alertas,,SIN ALERTA,SIN RIESGO,Sin alertas: Seguimiento mensual,,,,,,No,,HASH-9596EF546343
SCHOLAR-7CF2E2274BFA,2026-04,2026-1,MES 3,COLOMBIA,Mentor-2ADFAAC3,HASH-E1DE72098FF3,Cohorte 2026 COL,Scholar-7CF2E227,Universidad de los Andes,Mentoría 3,2026-04,Virtual,No,Bajo,,BAJO: Presenta 1 parcial o examen con nota desaprobatoria.,6,1,Sin alertas,,SIN ALERTA,RIESGO BAJO,Bajo: 4 semanas,1,0,1,0,0,No,MES 3,HASH-EB246C1DCE5D
SCHOLAR-99E4E94D43D4,2026-04,2026-1,MES 3,COLOMBIA,Mentor-2ADFAAC3,HASH-E1DE72098FF3,Cohorte 2026 COL,Scholar-99E4E94D,Universidad de los Andes,Mentoría 3,2026-04,Virtual,No,Medio,,MEDIO: Está teniendo dificultades para entender más de 1 asignatura.,6,2,Sin alertas,,SIN ALERTA,RIESGO MEDIO,Medio: 4-8 semanas,0,0,1,0,0,No,MES 3,HASH-17EE0B57EFE2
SCHOLAR-9C5C835978AA,2026-04,2026-1,MES 3,COLOMBIA,Mentor-2ADFAAC3,HASH-E1DE72098FF3,Cohorte 2026 COL,Scholar-9C5C8359,Universidad de los Andes,Mentoría 3,2026-04,Virtual,No,Bajo,,BAJO: Presenta 1 parcial o examen con nota desaprobatoria.,6,1,Sin alertas,,SIN ALERTA,RIESGO BAJO,Bajo: 4 semanas,2,0,1,0,0,No,MES 3,HASH-08055586EAD7
SCHOLAR-CFFD2DCD7EE5,2026-04,2026-1,MES 3,COLOMBIA,Mentor-2ADFAAC3,HASH-E1DE72098FF3,Cohorte 2026 COL,Scholar-CFFD2DCD,Universidad de los Andes,Mentoría 3,2026-04,Virtual,No,Bajo,,BAJO: Está teniendo dificultades para entender 1 asignaturas.,6,1,Bajo,,BAJO: Duda ocasional sobre sus capacidades académicas.,RIESGO BAJO,Bajo: 4 semanas,2,0,1,0,0,No,MES 3,HASH-F22EC4389217
SCHOLAR-3CA5988BFD5A,2026-04,2026-1,MES 1,PERÚ,Mentor-9F97E727,HASH-F858B8D51425,Cohorte 2026 PER,Scholar-3CA5988B,UPC,Mentoría grupal 1,2026-03,Virtual,No,Sin alertas,,SIN ALERTA,0,0,Sin alertas,,SIN ALERTA,SIN RIESGO,Alto: 8-10 semanas,,,,,,No,,HASH-E0A5D5DD47D7
SCHOLAR-9622EAE9A49D,2026-04,2026-1,MES 1,PERÚ,Mentor-9F97E727,HASH-F858B8D51425,Cohorte 2026 PER,Scholar-9622EAE9,UPC,Mentoría grupal 1,2026-03,Virtual,No,Sin alertas,,SIN ALERTA,0,0,Sin alertas,,SIN ALERTA,SIN RIESGO,Sin alertas: Seguimiento mensual,,,,,,No,,HASH-551379A0527E
SCHOLAR-9B124BB22291,2026-04,2026-1,MES 1,PERÚ,Mentor-9F97E727,HASH-F858B8D51425,Cohorte 2026 PER,Scholar-9B124BB2,UPC,Mentoría grupal 1,2026-03,Virtual,No,Sin alertas,,SIN ALERTA,0,0,Sin alertas,,SIN ALERTA,SIN RIESGO,Sin alertas: Seguimiento mensual,,,,,,No,,HASH-092CF61567A3
SCHOLAR-A26DAD3B7F39,2026-04,2026-1,MES 1,PERÚ,Mentor-9F97E727,HASH-F858B8D51425,Cohorte 2026 PER,Scholar-A26DAD3B,UPC,Mentoría grupal 1,2026-03,Virtual,No,Sin alertas,,SIN ALERTA,0,0,Sin alertas,,SIN ALERTA,SIN RIESGO,Sin alertas: Seguimiento mensual,,,,,,No,,HASH-9005E5ECDB15
SCHOLAR-97479C739ED8,2026-04,2026-1,MES 1,PERÚ,Mentor-9F97E727,HASH-F858B8D51425,Cohorte 2026 PER,Scholar-97479C73,UPC,Mentoría grupal 1,2026-03,Virtual,No,Sin alertas,,SIN ALERTA,0,0,Sin alertas,,SIN ALERTA,SIN RIESGO,Sin alertas: Seguimiento mensual,,,,,,No,,HASH-44512D318307
SCHOLAR-373F1CE26945,2026-04,2026-1,MES 1,PERÚ,Mentor-9F97E727,HASH-F858B8D51425,Cohorte 2026 PER,Scholar-373F1CE2,UPC,Mentoría grupal 1,2026-03,Virtual,No,Sin alertas,,SIN ALERTA,0,0,Sin alertas,,SIN ALERTA,SIN RIESGO,Sin alertas: Seguimiento mensual,,,,,,No,,HASH-69440C3AB92B
SCHOLAR-A3A1D2CF164C,2026-04,2026-1,MES 1,PERÚ,Mentor-9F97E727,HASH-F858B8D51425,Cohorte 2026 PER,Scholar-A3A1D2CF,UPC,Mentoría grupal 1,2026-03,Virtual,No,Sin alertas,,SIN ALERTA,0,0,Sin alertas,,SIN ALERTA,SIN RIESGO,Sin alertas: Seguimiento mensual,,,,,,No,,HASH-09B2FAB8A142
SCHOLAR-33525D1346DD,2026-04,2026-1,MES 1,PERÚ,Mentor-9F97E727,HASH-F858B8D51425,Cohorte 2026 PER,Scholar-33525D13,UPC,Mentoría grupal 1,2026-03,Virtual,No,Sin alertas,,SIN ALERTA,0,0,Sin alertas,,SIN ALERTA,SIN RIESGO,Alto: 8-10 semanas,,,,,,No,,HASH-F89D73C9987F
SCHOLAR-1B8FD099F515,2026-04,2026-1,MES 1,PERÚ,Mentor-9F97E727,HASH-F858B8D51425,Cohorte 2026 PER,Scholar-1B8FD099,UPC,Mentoría grupal 1,2026-03,Virtual,No,Sin alertas,,SIN ALERTA,0,0,Sin alertas,,SIN ALERTA,SIN RIESGO,Sin alertas: Seguimiento mensual,,,,,,No,,HASH-1E90ECB59D2C
SCHOLAR-B430C60C0612,2026-04,2026-1,MES 1,PERÚ,Mentor-9F97E727,HASH-F858B8D51425,Cohorte 2025 PER,Scholar-B430C60C,UPC,Mentoría grupal 1,2026-03,Virtual,No,Sin alertas,,SIN ALERTA,0,0,Sin alertas,,SIN ALERTA,SIN RIESGO,Sin alertas: Seguimiento mensual,,,,,,No,,HASH-ABD5CE6C4BD3
SCHOLAR-B51DE52246DE,2026-04,2026-1,MES 1,PERÚ,Mentor-9F97E727,HASH-F858B8D51425,Cohorte 2025 PER,Scholar-B51DE522,UTEC,Mentoría grupal 1,2026-03,Virtual,No,Sin alertas,,SIN ALERTA,0,0,Sin alertas,,SIN ALERTA,SIN RIESGO,Sin alertas: Seguimiento mensual,,,,,,No,,HASH-DC0FC4D75F16
SCHOLAR-73D5611DBD4C,2026-04,2026-1,MES 1,PERÚ,Mentor-9F97E727,HASH-F858B8D51425,Cohorte 2025 PER,Scholar-73D5611D,UTEC,Mentoría grupal 1,2026-03,Virtual,No,Sin alertas,,SIN ALERTA,0,0,Sin alertas,,SIN ALERTA,SIN RIESGO,Sin alertas: Seguimiento mensual,,,,,,No,,HASH-D6D3397FD998
SCHOLAR-0CECF9CF5C3B,2026-04,2026-1,MES 1,PERÚ,Mentor-9F97E727,HASH-F858B8D51425,Cohorte 2025 PER,Scholar-0CECF9CF,UTEC,Mentoría grupal 1,2026-03,Virtual,No,Sin alertas,,SIN ALERTA,0,0,Sin alertas,,SIN ALERTA,SIN RIESGO,Sin alertas: Seguimiento mensual,,,,,,No,,HASH-BFC3DFA5D3F2
SCHOLAR-07D67C19DFB3,2026-04,2026-1,MES 1,PERÚ,Mentor-9F97E727,HASH-F858B8D51425,Cohorte 2025 PER,Scholar-07D67C19,UTEC,Mentoría grupal 1,2026-03,Virtual,No,Sin alertas,,SIN ALERTA,0,0,Sin alertas,,SIN ALERTA,SIN RIESGO,Sin alertas: Seguimiento mensual,,,,,,No,,HASH-09E17E71CAE0
SCHOLAR-5578D789BF0A,2026-04,2026-1,MES 1,PERÚ,Mentor-9F97E727,HASH-F858B8D51425,Cohorte 2025 PER,Scholar-5578D789,UTEC,Mentoría grupal 1,2026-03,Virtual,Sí,Medio,,MEDIO: Reprobó 1 o 2 asignaturas de cálculo/math el semestre anterior.,0,1,Sin alertas,,SIN ALERTA,RIESGO MEDIO,Medio: 4-8 semanas,,,,,,No,,HASH-FE66E7F3BD19
SCHOLAR-C91020B3F781,2026-04,2026-1,MES 1,PERÚ,Mentor-9F97E727,HASH-F858B8D51425,Cohorte 2025 PER,Scholar-C91020B3,UTEC,Mentoría grupal 1,2026-03,Virtual,No,Sin alertas,,SIN ALERTA,0,0,Sin alertas,,SIN ALERTA,SIN RIESGO,Sin alertas: Seguimiento mensual,,,,,,No,,HASH-4F2F3FDA73F7
SCHOLAR-1A9EC95C0C74,2026-04,2026-1,MES 1,PERÚ,Mentor-9F97E727,HASH-F858B8D51425,Cohorte 2025 PER,Scholar-1A9EC95C,UTEC,Mentoría grupal 1,2026-03,Virtual,No,Bajo,,BAJO: No obtuvo el promedio requerido en el semestre anterior.,0,0,Sin alertas,,SIN ALERTA,RIESGO BAJO,Bajo: 4 semanas,,,,,,No,,HASH-33E76862340B
SCHOLAR-2CE2447FB2CA,2026-04,2026-1,MES 1,PERÚ,Mentor-9F97E727,HASH-F858B8D51425,Cohorte 2025 PER,Scholar-2CE2447F,UTEC,Mentoría grupal 1,2026-03,Virtual,Sí,Medio,,MEDIO: Retiró/canceló 1 o 2 materias clave el semestre anterior.,0,1,Bajo,,"BAJO: Duda ocasional sobre sus capacidades académicas.
BAJO: Estrés académico ocasional.",RIESGO MEDIO,Medio: 4-8 semanas,,,,,,No,,HASH-6361AFCCC6BA
SCHOLAR-CFC72B6E041A,2026-04,2026-1,MES 1,PERÚ,Mentor-9F97E727,HASH-F858B8D51425,Cohorte 2025 PER,Scholar-CFC72B6E,UTEC,Mentoría grupal 1,2026-03,Virtual,Sí,Sin alertas,,SIN ALERTA,0,0,Bajo,,BAJO: Desacuerdos familiares o relacionales.,RIESGO BAJO,Bajo: 4 semanas,,,,,,No,,HASH-65757CF5154C
SCHOLAR-552D7FF8ECB9,2026-04,2026-1,MES 1,PERÚ,Mentor-9F97E727,HASH-F858B8D51425,Cohorte 2025 PER,Scholar-552D7FF8,UTEC,Mentoría grupal 1,2026-03,Virtual,No,Sin alertas,,SIN ALERTA,0,0,Sin alertas,,SIN ALERTA,SIN RIESGO,Sin alertas: Seguimiento mensual,,,,,,No,,HASH-6A286963D648
SCHOLAR-B54CBF03C260,2026-04,2026-1,MES 1,PERÚ,Mentor-9F97E727,HASH-F858B8D51425,Cohorte 2025 PER,Scholar-B54CBF03,UTEC,Mentoría grupal 1,2026-03,Virtual,No,Sin alertas,,SIN ALERTA,0,0,Sin alertas,,SIN ALERTA,SIN RIESGO,Sin alertas: Seguimiento mensual,,,,,,No,,HASH-C7399314A254
SCHOLAR-9666A95203A8,2026-04,2026-1,MES 1,PERÚ,Mentor-9F97E727,HASH-F858B8D51425,Cohorte 2025 PER,Scholar-9666A952,UTEC,Mentoría grupal 1,2026-03,Virtual,No,Sin alertas,,SIN ALERTA,0,0,Sin alertas,,SIN ALERTA,SIN RIESGO,Sin alertas: Seguimiento mensual,,,,,,No,,HASH-564E7698FADD
SCHOLAR-26F3F62110B8,2026-04,2026-1,MES 1,PERÚ,Mentor-9F97E727,HASH-F858B8D51425,Cohorte 2025 PER,Scholar-26F3F621,UTEC,Mentoría grupal 1,2026-03,Virtual,No,Sin alertas,,SIN ALERTA,0,0,Sin alertas,,SIN ALERTA,SIN RIESGO,Sin alertas: Seguimiento mensual,,,,,,No,,HASH-A6BF0839E0D6
SCHOLAR-A3EB842AB1A7,2026-04,2026-1,MES 1,PERÚ,Mentor-9F97E727,HASH-F858B8D51425,Cohorte 2025 PER,Scholar-A3EB842A,UTEC,Mentoría grupal 1,2026-03,Virtual,No,Sin alertas,,SIN ALERTA,0,0,Sin alertas,,SIN ALERTA,SIN RIESGO,Sin alertas: Seguimiento mensual,,,,,,No,,HASH-896DDCE4E919
SCHOLAR-45C487A6CCDB,2026-04,2026-1,MES 1,PERÚ,Mentor-9F97E727,HASH-F858B8D51425,Cohorte 2025 PER,Scholar-45C487A6,UTEC,Mentoría grupal 1,2026-03,Virtual,No,Sin alertas,,SIN ALERTA,0,0,Sin alertas,,SIN ALERTA,SIN RIESGO,Sin alertas: Seguimiento mensual,,,,,,No,,HASH-5A36AFF30F3B
SCHOLAR-A05CB282264C,2026-04,2026-1,MES 1,PERÚ,Mentor-9F97E727,HASH-F858B8D51425,Cohorte 2025 PER,Scholar-A05CB282,UTEC,Mentoría grupal 1,2026-03,Virtual,No,Sin alertas,,SIN ALERTA,0,0,Sin alertas,,SIN ALERTA,SIN RIESGO,Sin alertas: Seguimiento mensual,,,,,,No,,HASH-F82FB4CD8593
SCHOLAR-F90B5C9D5FCE,2026-04,2026-1,MES 1,PERÚ,Mentor-9F97E727,HASH-F858B8D51425,Cohorte 2025 PER,Scholar-F90B5C9D,UTEC,Mentoría grupal 1,2026-03,Virtual,No,Sin alertas,,SIN ALERTA,0,0,Sin alertas,,SIN ALERTA,SIN RIESGO,Sin alertas: Seguimiento mensual,,,,,,No,,HASH-43D75B19FF26
SCHOLAR-FDD0C2DA3EC1,2026-04,2026-1,MES 3,COLOMBIA,Mentor-2ADFAAC3,HASH-E1DE72098FF3,Cohorte 2026 COL,Scholar-FDD0C2DA,Universidad de los Andes,Mentoría 3,2026-04,Virtual,No,Bajo,,BAJO: Presenta 1 parcial o examen con nota desaprobatoria.,6,1,Sin alertas,,SIN ALERTA,RIESGO BAJO,Bajo: 4 semanas,0,0,1,0,0,No,MES 3,HASH-6FFE7D640975
SCHOLAR-C4B43670F064,2026-04,2026-1,MES 3,COLOMBIA,Mentor-2ADFAAC3,HASH-E1DE72098FF3,Cohorte 2026 COL,Scholar-C4B43670,Universidad de los Andes,Mentoría 3,2026-04,Virtual,No,Medio,,MEDIO: Está perdiendo una asignatura/curso.,6,1,Bajo,,BAJO: Desacuerdos familiares o relacionales.,RIESGO MEDIO,Medio: 4-8 semanas,2,0,1,0,0,No,MES 3,HASH-BC5C3F0BB25F
SCHOLAR-A127344ED21F,2026-04,2026-1,MES 3,COLOMBIA,Mentor-2ADFAAC3,HASH-E1DE72098FF3,Cohorte 2026 COL,Scholar-A127344E,Universidad de los Andes,Mentoría 3,2026-04,Virtual,No,Bajo,,BAJO: Presenta 1 parcial o examen con nota desaprobatoria.,6,1,Sin alertas,,SIN ALERTA,RIESGO BAJO,Bajo: 4 semanas,6,0,1,0,0,No,MES 3,HASH-342BBC014E65
SCHOLAR-876BAC4113E0,2026-04,2026-1,MES 3,COLOMBIA,Mentor-2ADFAAC3,HASH-E1DE72098FF3,Cohorte 2026 COL,Scholar-876BAC41,Universidad de los Andes,Mentoría 3,2026-04,Virtual,No,Sin alertas,,SIN ALERTA,6,0,Sin alertas,,SIN ALERTA,SIN RIESGO,Sin alertas: Seguimiento mensual,0,0,1,0,0,No,MES 3,HASH-C1004FF14CE5
SCHOLAR-A2CBF9493F1C,2026-04,2026-1,MES 3,COLOMBIA,Mentor-2ADFAAC3,HASH-E1DE72098FF3,Cohorte 2026 COL,Scholar-A2CBF949,Universidad de los Andes,Mentoría 3,2026-04,Virtual,No,Sin alertas,,SIN ALERTA,6,0,Sin alertas,,SIN ALERTA,SIN RIESGO,Sin alertas: Seguimiento mensual,0,0,1,0,0,No,MES 3,HASH-3F893D550736
SCHOLAR-7C2E4C8F7F1F,2026-04,2026-1,MES 3,COLOMBIA,Mentor-2ADFAAC3,HASH-E1DE72098FF3,Cohorte 2026 COL,Scholar-7C2E4C8F,Universidad de los Andes,Mentoría 3,2026-04,Virtual,No,Bajo,,BAJO: Presenta 1 parcial o examen con nota desaprobatoria.,6,1,Sin alertas,,SIN ALERTA,RIESGO BAJO,Bajo: 4 semanas,0,0,1,0,0,No,MES 3,HASH-39F08A168B76
SCHOLAR-0D4426F66090,2026-04,2026-1,MES 3,COLOMBIA,Mentor-2ADFAAC3,HASH-E1DE72098FF3,Cohorte 2026 COL,Scholar-0D4426F6,Universidad de los Andes,Mentoría 3,2026-04,Virtual,Sí,Alto,,ALTO: Pierde dos o más materias/cursos.,6,2,Medio,,MEDIO: Desorganización persistente o procrastinación que afecta el rendimiento.,RIESGO ALTO,Alto: 8-10 semanas,3,0,1,0,0,No,MES 3,HASH-B09D69B46AAF
SCHOLAR-DD3F9E1C0B52,2026-04,2026-1,MES 3,COLOMBIA,Mentor-2ADFAAC3,HASH-E1DE72098FF3,Cohorte 2026 COL,Scholar-DD3F9E1C,Universidad de los Andes,Mentoría 3,2026-04,Virtual,No,Sin alertas,,SIN ALERTA,6,0,Sin alertas,,SIN ALERTA,SIN RIESGO,Sin alertas: Seguimiento mensual,0,0,1,0,0,No,MES 3,HASH-84EA397CED13
SCHOLAR-844B6D5B430E,2026-04,2026-1,MES 3,COLOMBIA,Mentor-F14A1035,HASH-7938F9C4972C,Cohorte 2026 COL,Scholar-844B6D5B,Universidad EIA,Mentoría 3,2026-04,Virtual,Sí,Crítico,,"ALTO: Está en riesgo real de perder el semestre.
ALTO: En riesgo de no obtener el promedio requerido (programa).",0,4,Crítico,,"ALTO: Ha dejado de realizar actividades académicas por asuntos emocionales.
ALTO: Crisis emocional que afecta directamente el desempeño académico.",RIESGO ALTO,Crítico: 10-12 semanas,0,0,1,0,0,No,MES 3,HASH-C90E235ECC52
SCHOLAR-51D494705753,2026-04,2026-1,MES 3,COLOMBIA,Mentor-2ADFAAC3,HASH-E1DE72098FF3,Cohorte 2026 COL,Scholar-51D49470,Universidad de los Andes,Mentoría 3,2026-04,Virtual,No,Sin alertas,,SIN ALERTA,6,0,Sin alertas,,SIN ALERTA,SIN RIESGO,Sin alertas: Seguimiento mensual,0,0,1,0,1,No,MES 3,HASH-72908104DBF9
SCHOLAR-844B6D5B430E,2026-04,2026-1,MES 3,COLOMBIA,Mentor-F14A1035,HASH-7938F9C4972C,Cohorte 2026 COL,Scholar-844B6D5B,Universidad EIA,Mentoría 4,2026-04,Virtual,Sí,Crítico,,"ALTO: Está en riesgo real de perder el semestre.
ALTO: En riesgo de no obtener el promedio requerido (programa).",0,4,Crítico,,"ALTO: Ha dejado de realizar actividades académicas por asuntos emocionales.
ALTO: Crisis emocional que afecta directamente el desempeño académico.",RIESGO ALTO,Crítico: 10-12 semanas,0,0,1,0,0,No,MES 3,HASH-E1638BEC7538
SCHOLAR-DFE263079799,2026-04,2026-1,MES 3,COLOMBIA,Mentor-2ADFAAC3,HASH-E1DE72098FF3,Cohorte 2026 COL,Scholar-DFE26307,Universidad de los Andes,Mentoría 3,2026-04,Virtual,No,Sin alertas,,SIN ALERTA,6,0,Sin alertas,,SIN ALERTA,SIN RIESGO,Sin alertas: Seguimiento mensual,0,0,1,0,1,No,MES 3,HASH-634C8EEE7724
SCHOLAR-EA2C0BD7FF58,2026-04,2026-1,MES 3,COLOMBIA,Mentor-2ADFAAC3,HASH-E1DE72098FF3,Cohorte 2026 COL,Scholar-EA2C0BD7,Universidad de los Andes,Mentoría 3,2026-04,Virtual,No,Sin alertas,,SIN ALERTA,6,0,Sin alertas,,SIN ALERTA,SIN RIESGO,Sin alertas: Seguimiento mensual,0,0,1,0,0,No,MES 3,HASH-B3049B0FA858
SCHOLAR-7FB4327269A2,2026-04,2026-1,MES 3,COLOMBIA,Mentor-2ADFAAC3,HASH-E1DE72098FF3,Cohorte 2026 COL,Scholar-7FB43272,Universidad de los Andes,Mentoría 3,2026-04,Virtual,No,Sin alertas,,SIN ALERTA,6,0,Sin alertas,,SIN ALERTA,SIN RIESGO,Sin alertas: Seguimiento mensual,0,0,1,0,0,No,MES 3,HASH-3584B3010613
SCHOLAR-18067FF02D47,2026-04,2026-1,MES 3,COLOMBIA,Mentor-2ADFAAC3,HASH-E1DE72098FF3,Cohorte 2026 COL,Scholar-18067FF0,Universidad de los Andes,Mentoría 3,2026-04,Virtual,No,Sin alertas,,SIN ALERTA,6,0,Sin alertas,,SIN ALERTA,SIN RIESGO,Sin alertas: Seguimiento mensual,0,0,1,0,0,No,MES 3,HASH-5C92603AC971
SCHOLAR-639D5029D4A0,2026-04,2026-1,MES 3,COLOMBIA,Mentor-2ADFAAC3,HASH-E1DE72098FF3,Cohorte 2026 COL,Scholar-639D5029,Universidad de los Andes,Mentoría 3,2026-04,Virtual,Sí,Sin alertas,,SIN ALERTA,6,0,Sin alertas,,SIN ALERTA,SIN RIESGO,Sin alertas: Seguimiento mensual,0,0,1,0,0,No,MES 3,HASH-1DECC210E290
SCHOLAR-A1B24F19188A,2026-04,2026-1,MES 3,COLOMBIA,Mentor-2ADFAAC3,HASH-E1DE72098FF3,Cohorte 2026 COL,Scholar-A1B24F19,Universidad de los Andes,Mentoría 3,2026-04,Virtual,No,Sin alertas,,SIN ALERTA,6,0,Sin alertas,,SIN ALERTA,SIN RIESGO,Sin alertas: Seguimiento mensual,0,0,1,0,0,No,MES 3,HASH-0DEFCD36DB08
SCHOLAR-B51DE52246DE,2026-04,2026-1,MES 2,PERÚ,Mentor-16D91A6D,HASH-557A8A6E085C,Cohorte 2025 PER,Scholar-B51DE522,UTEC,Mentoría 1,2026-04,Virtual,No,Bajo,,SIN ALERTA,5,0,Sin alertas,,SIN ALERTA,RIESGO BAJO,Bajo: 4 semanas,1,,1,1,1,No,,HASH-742280F1DE97
SCHOLAR-73D5611DBD4C,2026-04,2026-1,MES 2,PERÚ,Mentor-16D91A6D,HASH-557A8A6E085C,Cohorte 2025 PER,Scholar-73D5611D,UTEC,Mentoría 1,2026-04,Virtual,No,Bajo,,SIN ALERTA,5,0,Sin alertas,,SIN ALERTA,RIESGO BAJO,Sin alertas: Seguimiento mensual,,,,1,1,No,,HASH-A4FB968BB5F1
SCHOLAR-82AF52B0C1EA,2026-04,2026-1,MES 2,PERÚ,Mentor-16D91A6D,HASH-557A8A6E085C,Cohorte 2025 PER,Scholar-82AF52B0,UTEC,Mentoría 1,2026-04,Virtual,Sí,Medio,,"MEDIO: Está perdiendo una asignatura/curso.
SIN ALERTA",5,0,Medio,,MEDIO: Mantiene bajo estado de ánimo o ansiedad por más de dos semanas (afecta su desempeño).,RIESGO MEDIO,Medio: 4-8 semanas,1,,1,1,1,No,,HASH-14A6389E41B9
SCHOLAR-5578D789BF0A,2026-04,2026-1,MES 2,PERÚ,Mentor-16D91A6D,HASH-557A8A6E085C,Cohorte 2025 PER,Scholar-5578D789,UTEC,Mentoría 1,2026-04,Virtual,Sí,Medio,,MEDIO: Perdió parciales cruciales en dos o más materias.,5,0,Medio,,MEDIO: Mantiene bajo estado de ánimo o ansiedad por más de dos semanas (afecta su desempeño).,RIESGO MEDIO,Medio: 4-8 semanas,1,,1,1,1,No,,HASH-F5B722751A37
SCHOLAR-1A9EC95C0C74,2026-04,2026-1,MES 2,PERÚ,Mentor-16D91A6D,HASH-557A8A6E085C,Cohorte 2025 PER,Scholar-1A9EC95C,UTEC,Mentoría grupal 2,2026-04,Virtual,No,Sin alertas,,SIN ALERTA,5,0,Sin alertas,,SIN ALERTA,SIN RIESGO,Sin alertas: Seguimiento mensual,,,1,1,1,No,,HASH-4AA5BF798535
SCHOLAR-B51DE52246DE,2026-04,2026-1,MES 2,PERÚ,Mentor-16D91A6D,HASH-557A8A6E085C,Cohorte 2025 PER,Scholar-B51DE522,UTEC,Mentoría grupal 2,2026-04,Virtual,No,Sin alertas,,SIN ALERTA,5,0,Sin alertas,,SIN ALERTA,SIN RIESGO,Sin alertas: Seguimiento mensual,,,,1,1,No,,HASH-682D61E83FC1
SCHOLAR-73D5611DBD4C,2026-04,2026-1,MES 2,PERÚ,Mentor-16D91A6D,HASH-557A8A6E085C,Cohorte 2025 PER,Scholar-73D5611D,UTEC,Mentoría grupal 2,2026-04,Virtual,No,Sin alertas,,SIN ALERTA,5,0,Sin alertas,,SIN ALERTA,SIN RIESGO,Sin alertas: Seguimiento mensual,,,1,1,1,No,,HASH-7DFCDBD79B9F
SCHOLAR-82AF52B0C1EA,2026-04,2026-1,MES 2,PERÚ,Mentor-16D91A6D,HASH-557A8A6E085C,Cohorte 2025 PER,Scholar-82AF52B0,UTEC,Mentoría grupal 2,2026-04,Virtual,No,Bajo,,BAJO: Está teniendo dificultades para entender 1 asignaturas.,5,0,Bajo,,"BAJO: Se ha sentido triste, ansioso/a o desmotivado/a en los últimos días.",RIESGO BAJO,Bajo: 4 semanas,1,,1,1,1,No,,HASH-7A206B6A3993
SCHOLAR-CFC72B6E041A,2026-04,2026-1,MES 2,PERÚ,Mentor-16D91A6D,HASH-557A8A6E085C,Cohorte 2025 PER,Scholar-CFC72B6E,UTEC,Mentoría grupal 2,2026-04,Virtual,No,Sin alertas,,SIN ALERTA,5,0,Sin alertas,,SIN ALERTA,SIN RIESGO,Bajo: 4 semanas,,,,1,1,No,,HASH-AE070D0049F4
SCHOLAR-552D7FF8ECB9,2026-04,2026-1,MES 2,PERÚ,Mentor-16D91A6D,HASH-19266AFAD897,Cohorte 2025 PER,Scholar-552D7FF8,UTEC,Mentoría grupal 2,2026-04,Virtual,No,Sin alertas,,SIN ALERTA,5,0,Sin alertas,,SIN ALERTA,SIN RIESGO,Sin alertas: Seguimiento mensual,,,,1,1,No,,HASH-0C3EB54FBE5D
SCHOLAR-9666A95203A8,2026-04,2026-1,MES 2,PERÚ,Mentor-16D91A6D,HASH-557A8A6E085C,Cohorte 2025 PER,Scholar-9666A952,UTEC,Mentoría grupal 2,2026-04,Virtual,Sí,Sin alertas,,BAJO: Está teniendo dificultades para entender 1 asignaturas.,5,0,Sin alertas,,SIN ALERTA,SIN RIESGO,Bajo: 4 semanas,2,,,2,2,No,,HASH-DAD9CD117DB5
SCHOLAR-AD02EAC9DC9D,2026-04,2026-1,MES 2,PERÚ,Mentor-16D91A6D,HASH-557A8A6E085C,Cohorte 2026 PER,Scholar-AD02EAC9,UTEC,Mentoría grupal 2,2026-04,Virtual,No,Sin alertas,,SIN ALERTA,5,0,Sin alertas,,SIN ALERTA,SIN RIESGO,Sin alertas: Seguimiento mensual,,,,1,1,No,,HASH-E2AE54849F19
SCHOLAR-9ADBDB8814AC,2026-04,2026-1,MES 2,PERÚ,Mentor-16D91A6D,HASH-557A8A6E085C,Cohorte 2026 PER,Scholar-9ADBDB88,UTEC,Mentoría grupal 2,2026-04,Virtual,Sí,Bajo,,BAJO: Está teniendo dificultades para entender 1 asignaturas.,5,1,Bajo,,"BAJO: Se ha sentido triste, ansioso/a o desmotivado/a en los últimos días.",RIESGO BAJO,Bajo: 4 semanas,,,,1,1,No,,HASH-5CDDA94253EA
SCHOLAR-5B3485209C81,2026-04,2026-1,MES 2,PERÚ,Mentor-16D91A6D,HASH-557A8A6E085C,Cohorte 2026 PER,Scholar-5B348520,UTEC,Mentoría grupal 2,2026-04,Virtual,No,Sin alertas,,SIN ALERTA,5,0,Bajo,,"BAJO: Se ha sentido triste, ansioso/a o desmotivado/a en los últimos días.",RIESGO BAJO,Bajo: 4 semanas,1,,1,1,1,No,,HASH-6687E2821F4C
SCHOLAR-5B3485209C81,2026-04,2026-1,MES 2,PERÚ,Mentor-16D91A6D,HASH-557A8A6E085C,Cohorte 2026 PER,Scholar-5B348520,UPC,Mentoría 1,2026-04,Virtual,No,Sin alertas,,SIN ALERTA,5,0,Bajo,,"BAJO: Se ha sentido triste, ansioso/a o desmotivado/a en los últimos días.",RIESGO BAJO,Bajo: 4 semanas,,,1,1,1,No,,HASH-EF7E459C6BDB
SCHOLAR-4EC81CE0D757,2026-04,2026-1,MES 2,PERÚ,Mentor-16D91A6D,HASH-557A8A6E085C,Cohorte 2026 PER,Scholar-4EC81CE0,UTEC,Mentoría grupal 2,2026-04,Virtual,No,Sin alertas,,SIN ALERTA,5,0,Bajo,,BAJO: Estrés académico ocasional.,RIESGO BAJO,Bajo: 4 semanas,,,1,1,1,No,,HASH-87719C63AF1B
SCHOLAR-2CE17FA8ED48,2026-04,2026-1,MES 2,PERÚ,Mentor-16D91A6D,HASH-557A8A6E085C,Cohorte 2026 PER,Scholar-2CE17FA8,UTEC,Mentoría grupal 2,2026-04,Virtual,Sí,Bajo,,BAJO: Está teniendo dificultades para entender 1 asignaturas.,5,1,Bajo,,BAJO: Estrés académico ocasional.,RIESGO BAJO,Bajo: 4 semanas,,,,1,1,No,,HASH-ACFACB57FA2F
SCHOLAR-3BB386216063,2026-04,2026-1,MES 2,PERÚ,Mentor-16D91A6D,HASH-557A8A6E085C,Cohorte 2026 PER,Scholar-3BB38621,UTEC,Mentoría grupal 2,2026-04,Virtual,No,Bajo,,BAJO: Está teniendo dificultades para entender 1 asignaturas.,5,2,Sin alertas,,SIN ALERTA,RIESGO BAJO,Bajo: 4 semanas,1,,,1,,No,,HASH-C15C415B5D90
SCHOLAR-B4DC85CB13A3,2026-04,2026-1,MES 2,PERÚ,Mentor-16D91A6D,HASH-557A8A6E085C,Cohorte 2026 PER,Scholar-B4DC85CB,UTEC,Mentoría grupal 2,2026-04,Virtual,No,Sin alertas,,SIN ALERTA,5,0,Sin alertas,,SIN ALERTA,SIN RIESGO,Sin alertas: Seguimiento mensual,,,,1,1,No,,HASH-54160D57D807
SCHOLAR-ED374F9778A5,2026-04,2026-1,MES 2,PERÚ,Mentor-16D91A6D,HASH-557A8A6E085C,Cohorte 2026 PER,Scholar-ED374F97,UTEC,Mentoría grupal 2,2026-04,Virtual,No,Sin alertas,,SIN ALERTA,5,0,Sin alertas,,SIN ALERTA,SIN RIESGO,Sin alertas: Seguimiento mensual,,,,1,1,No,,HASH-9F20CCD31C41
SCHOLAR-4500335623AC,2026-04,2026-1,MES 2,PERÚ,Mentor-16D91A6D,HASH-557A8A6E085C,Cohorte 2026 PER,Scholar-45003356,UTEC,Mentoría grupal 2,2026-04,Virtual,No,Sin alertas,,SIN ALERTA,5,0,Sin alertas,,SIN ALERTA,SIN RIESGO,Sin alertas: Seguimiento mensual,1,,,1,1,No,,HASH-10AEFCDCFF1B
SCHOLAR-4ABEEA0E0BD3,2026-04,2026-1,MES 2,PERÚ,Mentor-16D91A6D,HASH-557A8A6E085C,Cohorte 2026 PER,Scholar-4ABEEA0E,UTEC,Mentoría grupal 2,2026-04,Virtual,No,Sin alertas,,SIN ALERTA,5,0,Sin alertas,,SIN ALERTA,SIN RIESGO,Sin alertas: Seguimiento mensual,,,,1,1,No,,HASH-C804504DBB7F
SCHOLAR-07464BA86073,2026-04,2026-1,MES 2,PERÚ,Mentor-16D91A6D,HASH-557A8A6E085C,Cohorte 2026 PER,Scholar-07464BA8,UTEC,Mentoría grupal 2,2026-04,Virtual,No,Bajo,,BAJO: Está teniendo dificultades para entender 1 asignaturas.,5,0,Sin alertas,,SIN ALERTA,RIESGO BAJO,Bajo: 4 semanas,1,,,1,1,No,,HASH-DDCDA9379448
SCHOLAR-CB038A22CC30,2026-04,2026-1,MES 2,PERÚ,Mentor-16D91A6D,HASH-557A8A6E085C,Cohorte 2026 PER,Scholar-CB038A22,UTEC,Mentoría grupal 2,2026-04,Virtual,No,Sin alertas,,SIN ALERTA,5,0,Sin alertas,,SIN ALERTA,SIN RIESGO,Sin alertas: Seguimiento mensual,,,,1,,No,,HASH-2AFA9C3134CE
SCHOLAR-D73B41074B4F,2026-04,2026-1,MES 2,PERÚ,Mentor-16D91A6D,HASH-557A8A6E085C,Cohorte 2026 PER,Scholar-D73B4107,UTEC,Mentoría grupal 2,2026-04,Virtual,No,Sin alertas,,SIN ALERTA,5,0,Sin alertas,,SIN ALERTA,SIN RIESGO,Sin alertas: Seguimiento mensual,,,,1,,No,,HASH-FCC2E8FDAD07
SCHOLAR-23FD3F77423A,2026-04,2026-1,MES 2,PERÚ,Mentor-16D91A6D,HASH-557A8A6E085C,Cohorte 2026 PER,Scholar-23FD3F77,UTEC,Mentoría grupal 2,2026-04,Virtual,No,Sin alertas,,SIN ALERTA,5,0,Sin alertas,,SIN ALERTA,SIN RIESGO,Sin alertas: Seguimiento mensual,,,,1,,No,,HASH-77942D70463D
SCHOLAR-F82109761B57,2026-04,2026-1,MES 2,PERÚ,Mentor-16D91A6D,HASH-557A8A6E085C,Cohorte 2026 PER,Scholar-F8210976,UTEC,Mentoría grupal 2,2026-04,Virtual,No,Sin alertas,,SIN ALERTA,5,0,Sin alertas,,SIN ALERTA,SIN RIESGO,Sin alertas: Seguimiento mensual,,,,1,,No,,HASH-C218CA52843F
SCHOLAR-DF991B4888B7,2026-04,2026-1,MES 2,PERÚ,Mentor-16D91A6D,HASH-557A8A6E085C,Cohorte 2026 PER,Scholar-DF991B48,UTEC,Mentoría grupal 2,2026-04,Virtual,No,Sin alertas,,SIN ALERTA,5,0,Sin alertas,,SIN ALERTA,SIN RIESGO,Sin alertas: Seguimiento mensual,,,,1,,No,,HASH-446044B617D8
SCHOLAR-AFC08FE24D64,2026-04,2026-1,MES 2,PERÚ,Mentor-16D91A6D,HASH-557A8A6E085C,Cohorte 2026 PER,Scholar-AFC08FE2,UTEC,Mentoría grupal 2,2026-04,Virtual,No,Sin alertas,,SIN ALERTA,5,0,Sin alertas,,SIN ALERTA,SIN RIESGO,Sin alertas: Seguimiento mensual,,,,1,1,No,MES 3,HASH-DCDF24A2067A
SCHOLAR-C048EC2BE89E,2026-04,2026-1,MES 2,PERÚ,Mentor-16D91A6D,HASH-557A8A6E085C,Cohorte 2026 PER,Scholar-C048EC2B,UTEC,Mentoría grupal 2,2026-04,Virtual,No,Bajo,,BAJO: Está teniendo dificultades para entender 1 asignaturas.,5,0,Bajo,,"BAJO: Se ha sentido triste, ansioso/a o desmotivado/a en los últimos días.",RIESGO BAJO,Bajo: 4 semanas,1,,,1,,No,MES 3,HASH-B5EE2CAD90CF
SCHOLAR-3A4016B24520,2026-04,2026-1,MES 3,COLOMBIA,Mentor-2ADFAAC3,HASH-E1DE72098FF3,Cohorte 2026 COL,Scholar-3A4016B2,Universidad de los Andes,Mentoría 3,2026-04,Virtual,No,Bajo,,BAJO: Presenta 1 parcial o examen con nota desaprobatoria.,6,0,Medio,,MEDIO: Dificultades económicas que generan preocupación constante (afecta su desempeño).,RIESGO MEDIO,Medio: 4-8 semanas,3,0,1,0,1,No,MES 3,HASH-45E90DA851AC
SCHOLAR-AFDBEB2164D1,2026-04,2026-1,MES 3,COLOMBIA,Mentor-2ADFAAC3,HASH-E1DE72098FF3,Cohorte 2026 COL,Scholar-AFDBEB21,Universidad de los Andes,Mentoría 3,2026-04,Virtual,No,Medio,,MEDIO: Calificaciones parciales bajas que lo ponen en riesgo de reprobar.,6,2,Sin alertas,,SIN ALERTA,RIESGO MEDIO,Medio: 4-8 semanas,0,0,1,0,0,No,MES 3,HASH-59E897F2594A
SCHOLAR-34F8AC22115C,2026-04,2026-1,MES 3,COLOMBIA,Mentor-2ADFAAC3,HASH-E1DE72098FF3,Cohorte 2026 COL,Scholar-34F8AC22,Universidad del Norte,Mentoría 3,2026-04,Virtual,No,Sin alertas,,SIN ALERTA,6,0,Sin alertas,,SIN ALERTA,SIN RIESGO,Sin alertas: Seguimiento mensual,0,0,1,0,1,No,MES 3,HASH-91EE53ADD04E
SCHOLAR-5C11522B98B9,2026-04,2026-1,MES 3,COLOMBIA,Mentor-2ADFAAC3,HASH-E1DE72098FF3,Cohorte 2026 COL,Scholar-5C11522B,Universidad de los Andes,Mentoría 3,2026-04,Virtual,No,Bajo,,"BAJO: Presenta 1 parcial o examen con nota desaprobatoria.
BAJO: Está teniendo dificultades para entender 1 asignaturas.",6,1,Sin alertas,,SIN ALERTA,RIESGO BAJO,Bajo: 4 semanas,0,0,1,0,0,No,MES 3,HASH-D0E2B3A3A286
SCHOLAR-2CE2447FB2CA,2026-04,2026-1,MES 2,PERÚ,Mentor-AE2075FE,HASH-4CBDDF7A390D,Cohorte 2025 PER,Scholar-2CE2447F,UTEC,Mentoría 1,2026-04,Virtual,Sí,Medio,,"MEDIO: Está teniendo dificultades para entender más de 1 asignatura.
MEDIO: Reprobó 1 o 2 asignaturas de cálculo/math el semestre anterior.",0,1,Bajo,,"BAJO: Duda ocasional sobre sus capacidades académicas.
BAJO: Se ha sentido triste, ansioso/a o desmotivado/a en los últimos días.",RIESGO MEDIO,Alto: 8-10 semanas,,,1,1,1,No,MES 1,HASH-F333172A4280
SCHOLAR-B54CBF03C260,2026-04,2026-1,MES 2,PERÚ,Mentor-AE2075FE,HASH-4CBDDF7A390D,Cohorte 2025 PER,Scholar-B54CBF03,UTEC,Mentoría grupal 2,2026-04,Virtual,No,Sin alertas,,SIN ALERTA,0,0,Sin alertas,,SIN ALERTA,SIN RIESGO,Sin alertas: Seguimiento mensual,1,,,1,1,No,MES 1,HASH-974C21EF0B5E
SCHOLAR-A3EB842AB1A7,2026-04,2026-1,MES 2,PERÚ,Mentor-AE2075FE,HASH-4CBDDF7A390D,Cohorte 2025 PER,Scholar-A3EB842A,UTEC,Mentoría grupal 2,2026-04,Virtual,No,Sin alertas,,SIN ALERTA,0,0,Sin alertas,,SIN ALERTA,SIN RIESGO,Sin alertas: Seguimiento mensual,,,,1,1,No,MES 1,HASH-2C7D7ADDE384
SCHOLAR-45C487A6CCDB,2026-04,2026-1,MES 2,PERÚ,Mentor-AE2075FE,HASH-4CBDDF7A390D,Cohorte 2025 PER,Scholar-45C487A6,UTEC,Mentoría grupal 2,2026-04,Virtual,No,Bajo,,BAJO: Está teniendo dificultades para entender 1 asignaturas.,0,0,Sin alertas,,SIN ALERTA,RIESGO BAJO,Sin alertas: Seguimiento mensual,,,,1,1,No,MES 1,HASH-59A98D6C8FAA
SCHOLAR-B430C60C0612,2026-04,2026-1,MES 2,PERÚ,Mentor-AE2075FE,HASH-4CBDDF7A390D,Cohorte 2025 PER,Scholar-B430C60C,UTEC,Mentoría grupal 2,2026-04,Virtual,No,Sin alertas,,SIN ALERTA,0,0,Sin alertas,,SIN ALERTA,SIN RIESGO,Sin alertas: Seguimiento mensual,,,,1,,No,MES 1,HASH-1AA38EF698D1
SCHOLAR-26F3F62110B8,2026-04,2026-1,MES 2,PERÚ,Mentor-AE2075FE,HASH-4CBDDF7A390D,Cohorte 2025 PER,Scholar-26F3F621,UTEC,Mentoría 1,2026-04,Virtual,No,Bajo,,BAJO: Está teniendo dificultades para entender 1 asignaturas.,0,0,Bajo,,"BAJO: Duda ocasional sobre sus capacidades académicas.
BAJO: Estrés académico ocasional.",RIESGO BAJO,Bajo: 4 semanas,,,1,1,1,No,MES 1,HASH-7C2F00234CF7
SCHOLAR-9B124BB22291,2026-04,2026-1,MES 2,PERÚ,Mentor-AE2075FE,HASH-4CBDDF7A390D,Cohorte 2026 PER,Scholar-9B124BB2,UPC,Mentoría grupal 2,2026-04,Virtual,No,Sin alertas,,SIN ALERTA,0,0,Sin alertas,,SIN ALERTA,SIN RIESGO,Sin alertas: Seguimiento mensual,,,,1,2,No,MES 1,HASH-72F4DACDD612
SCHOLAR-3CA5988BFD5A,2026-04,2026-1,MES 2,PERÚ,Mentor-AE2075FE,HASH-4CBDDF7A390D,Cohorte 2026 PER,Scholar-3CA5988B,UPC,Mentoría 1,2026-04,Virtual,Sí,Medio,,MEDIO: Está teniendo dificultades para entender más de 1 asignatura.,0,0,Bajo,,"BAJO: Duda ocasional sobre sus capacidades académicas.
BAJO: Desacuerdos familiares o relacionales.",RIESGO MEDIO,Medio: 4-8 semanas,,,1,1,2,No,MES 1,HASH-C27199A114EC
SCHOLAR-ADFFB30281FB,2026-04,2026-1,MES 2,PERÚ,Mentor-AE2075FE,HASH-4CBDDF7A390D,Cohorte 2026 PER,Scholar-ADFFB302,UPC,Mentoría 1,2026-04,Virtual,No,Sin alertas,,SIN ALERTA,0,0,Sin alertas,,SIN ALERTA,SIN RIESGO,Sin alertas: Seguimiento mensual,,,1,1,2,No,MES 1,HASH-3A2EE278AE14
SCHOLAR-33525D1346DD,2026-04,2026-1,MES 2,PERÚ,Mentor-AE2075FE,HASH-4CBDDF7A390D,Cohorte 2026 PER,Scholar-33525D13,UPC,Mentoría 1,2026-04,Virtual,No,Medio,,MEDIO: Está teniendo dificultades para entender más de 1 asignatura.,0,0,Bajo,,"BAJO: Duda ocasional sobre sus capacidades académicas.
BAJO: Se ha sentido triste, ansioso/a o desmotivado/a en los últimos días.",RIESGO MEDIO,Medio: 4-8 semanas,,,1,1,2,No,MES 1,HASH-97133825455D
SCHOLAR-C6363F3507EA,2026-04,2026-1,MES 2,PERÚ,Mentor-AE2075FE,HASH-4CBDDF7A390D,Cohorte 2026 PER,Scholar-C6363F35,UPC,Mentoría 1,2026-04,Virtual,No,Bajo,,BAJO: Está teniendo dificultades para entender 1 asignaturas.,0,0,Sin alertas,,SIN ALERTA,RIESGO BAJO,Bajo: 4 semanas,,,1,1,2,No,MES 1,HASH-F38C33D8B202
SCHOLAR-9622EAE9A49D,2026-04,2026-1,MES 2,PERÚ,Mentor-AE2075FE,HASH-4CBDDF7A390D,Cohorte 2026 PER,Scholar-9622EAE9,UPC,Mentoría 1,2026-04,Virtual,No,Sin alertas,,SIN ALERTA,0,0,Bajo,,BAJO: Estrés académico ocasional.,RIESGO BAJO,Sin alertas: Seguimiento mensual,,,1,1,2,No,MES 1,HASH-297EA1C4945D
SCHOLAR-759BBB2BAD28,2026-04,2026-1,MES 2,PERÚ,Mentor-AE2075FE,HASH-4CBDDF7A390D,Cohorte 2026 PER,Scholar-759BBB2B,UPC,Mentoría 1,2026-04,Virtual,Sí,Medio,,MEDIO: Está teniendo dificultades para entender más de 1 asignatura.,0,0,Bajo,,"BAJO: Duda ocasional sobre sus capacidades académicas.
BAJO: Estrés académico ocasional.",RIESGO MEDIO,Medio: 4-8 semanas,,,1,1,2,No,MES 1,HASH-1F4B864F5E54
SCHOLAR-E0E119B4010B,2026-04,2026-1,MES 2,PERÚ,Mentor-AE2075FE,HASH-4CBDDF7A390D,Cohorte 2026 PER,Scholar-E0E119B4,UPC,Mentoría grupal 2,2026-04,Virtual,No,Bajo,,BAJO: Está teniendo dificultades para entender 1 asignaturas.,0,0,Sin alertas,,SIN ALERTA,RIESGO BAJO,Sin alertas: Seguimiento mensual,,,,1,2,No,MES 1,HASH-06B1DAB1978F
SCHOLAR-2D9E7BAFD5C5,2026-04,2026-1,MES 2,PERÚ,Mentor-AE2075FE,HASH-4CBDDF7A390D,Cohorte 2026 PER,Scholar-2D9E7BAF,UPC,Mentoría grupal 2,2026-04,Virtual,No,Sin alertas,,SIN ALERTA,0,0,Sin alertas,,SIN ALERTA,SIN RIESGO,Sin alertas: Seguimiento mensual,,,,1,2,No,MES 1,HASH-358DA5EE4605
SCHOLAR-F6CA9692C37E,2026-05,2026-1,MES 2,PERÚ,Mentor-AE2075FE,HASH-4CBDDF7A390D,Cohorte 2026 PER,Scholar-F6CA9692,UPC,Mentoría grupal 2,2026-04,Presencial,No,Sin alertas,,SIN ALERTA,0,0,Sin alertas,,SIN ALERTA,SIN RIESGO,Sin alertas: Seguimiento mensual,,,,1,2,No,MES 1,HASH-46F1A6CAF55B
SCHOLAR-A3A1D2CF164C,2026-05,2026-1,MES 2,PERÚ,Mentor-AE2075FE,HASH-4CBDDF7A390D,Cohorte 2026 PER,Scholar-A3A1D2CF,UPC,Mentoría grupal 2,2026-04,Virtual,No,Sin alertas,,SIN ALERTA,0,0,Sin alertas,,SIN ALERTA,SIN RIESGO,Sin alertas: Seguimiento mensual,,,,1,2,No,MES 1,HASH-E230DCF8F3CC
SCHOLAR-211868B9C2B9,2026-05,2026-1,MES 2,PERÚ,Mentor-AE2075FE,HASH-4CBDDF7A390D,Cohorte 2026 PER,Scholar-211868B9,UPC,Mentoría grupal 2,2026-04,Virtual,No,Sin alertas,,SIN ALERTA,0,0,Sin alertas,,SIN ALERTA,SIN RIESGO,Sin alertas: Seguimiento mensual,,,,1,2,No,MES 1,HASH-AE64582686E1
SCHOLAR-67B4E5C29BC3,2026-05,2026-1,MES 2,PERÚ,Mentor-AE2075FE,HASH-4CBDDF7A390D,Cohorte 2026 PER,Scholar-67B4E5C2,UPC,Mentoría grupal 2,2026-04,Virtual,No,Sin alertas,,SIN ALERTA,0,0,Sin alertas,,SIN ALERTA,SIN RIESGO,Sin alertas: Seguimiento mensual,,,,1,2,No,MES 1,HASH-1703FB094D73
SCHOLAR-A26DAD3B7F39,2026-05,2026-1,MES 2,PERÚ,Mentor-AE2075FE,HASH-4CBDDF7A390D,Cohorte 2026 PER,Scholar-A26DAD3B,UPC,Mentoría grupal 2,2026-04,Virtual,No,Bajo,,"BAJO: Está teniendo dificultades para entender 1 asignaturas.
BAJO: Tiene dificultades en hábitos y métodos de estudio.",0,0,Bajo,,"BAJO: Duda ocasional sobre sus capacidades académicas.
BAJO: Estrés académico ocasional.",RIESGO BAJO,Bajo: 4 semanas,,,,1,2,No,MES 1,HASH-5D93F8E69B9E
SCHOLAR-5784F4261DA9,2026-05,2026-1,MES 2,PERÚ,Mentor-AE2075FE,HASH-4CBDDF7A390D,Cohorte 2026 PER,Scholar-5784F426,UPC,Mentoría grupal 2,2026-04,Virtual,No,Sin alertas,,SIN ALERTA,0,0,Sin alertas,,SIN ALERTA,SIN RIESGO,Sin alertas: Seguimiento mensual,,,,1,2,No,MES 1,HASH-1A947EAE0338
SCHOLAR-33581B98C2AF,2026-05,2026-1,MES 2,PERÚ,Mentor-AE2075FE,HASH-4CBDDF7A390D,Cohorte 2026 PER,Scholar-33581B98,UPC,Mentoría grupal 2,2026-04,Virtual,No,Sin alertas,,SIN ALERTA,0,0,Bajo,,"BAJO: Se ha sentido triste, ansioso/a o desmotivado/a en los últimos días.
BAJO: Desacuerdos familiares o relacionales.",RIESGO BAJO,Bajo: 4 semanas,,,,1,2,No,MES 1,HASH-4EFD93678E00
SCHOLAR-7200CAC79F5E,2026-05,2026-1,MES 2,PERÚ,Mentor-AE2075FE,HASH-4CBDDF7A390D,Cohorte 2026 PER,Scholar-7200CAC7,UPC,Mentoría grupal 2,2026-04,Virtual,No,Sin alertas,,SIN ALERTA,0,0,Bajo,,BAJO: Estrés académico ocasional.,RIESGO BAJO,Bajo: 4 semanas,,,,1,2,No,MES 1,HASH-95AD50D8132B
SCHOLAR-97479C739ED8,2026-05,2026-1,MES 2,PERÚ,Mentor-AE2075FE,HASH-4CBDDF7A390D,Cohorte 2026 PER,Scholar-97479C73,UPC,Mentoría grupal 2,2026-04,Virtual,No,Sin alertas,,SIN ALERTA,0,0,Bajo,,BAJO: Duda ocasional sobre sus capacidades académicas.,RIESGO BAJO,Bajo: 4 semanas,,,,1,2,No,MES 1,HASH-5DAE52AAADDB
SCHOLAR-A3A1D2CF164C,2026-05,2026-1,MES 2,PERÚ,Mentor-AE2075FE,HASH-4CBDDF7A390D,Cohorte 2026 PER,Scholar-A3A1D2CF,UPC,Mentoría grupal 2,2026-04,Virtual,No,Bajo,,"BAJO: Está teniendo dificultades para entender 1 asignaturas.
SIN ALERTA",0,0,Bajo,,BAJO: Estrés académico ocasional.,RIESGO BAJO,Bajo: 4 semanas,,,,1,2,No,MES 1,HASH-F56D04113C9C
SCHOLAR-1B8FD099F515,2026-05,2026-1,MES 2,PERÚ,Mentor-AE2075FE,HASH-4CBDDF7A390D,Cohorte 2026 PER,Scholar-1B8FD099,UPC,Mentoría grupal 2,2026-04,Virtual,No,Bajo,,BAJO: Está teniendo dificultades para entender 1 asignaturas.,0,0,Bajo,,BAJO: Duda ocasional sobre sus capacidades académicas.,RIESGO BAJO,Bajo: 4 semanas,,,,1,2,No,MES 1,HASH-7D31E27ECCF7
SCHOLAR-12A9656BFEFA,2026-05,2026-1,MES 3,COLOMBIA,Mentor-2ADFAAC3,HASH-E1DE72098FF3,Cohorte 2026 COL,Scholar-12A9656B,Universidad del Norte,Mentoría 3,2026-04,Virtual,No,Sin alertas,,SIN ALERTA,6,0,Sin alertas,,SIN ALERTA,SIN RIESGO,Sin alertas: Seguimiento mensual,0,0,1,0,1,No,MES 3,HASH-5A97977F71CF
SCHOLAR-DD8B04764A25,2026-05,2026-1,MES 3,COLOMBIA,Mentor-2ADFAAC3,HASH-E1DE72098FF3,Cohorte 2026 COL,Scholar-DD8B0476,Universidad del Norte,Mentoría 3,2026-04,Virtual,No,Bajo,,BAJO: Presenta 1 parcial o examen con nota desaprobatoria.,6,1,Sin alertas,,SIN ALERTA,RIESGO BAJO,Bajo: 4 semanas,0,0,1,0,1,No,MES 3,HASH-950245B4B08F
SCHOLAR-3F3C2B416ADA,2026-05,2026-1,MES 3,COLOMBIA,Mentor-2ADFAAC3,HASH-E1DE72098FF3,Cohorte 2026 COL,Scholar-3F3C2B41,Universidad de los Andes,Mentoría 3,2026-04,Virtual,No,Sin alertas,,SIN ALERTA,6,0,Sin alertas,,SIN ALERTA,SIN RIESGO,Sin alertas: Seguimiento mensual,0,0,1,0,0,No,MES 3,HASH-B61381B0E7A7
SCHOLAR-8D31FE4A3A67,2026-05,2026-1,MES 3,COLOMBIA,Mentor-2ADFAAC3,HASH-E1DE72098FF3,Cohorte 2026 COL,Scholar-8D31FE4A,Universidad del Norte,Mentoría 3,2026-04,Virtual,No,Sin alertas,,SIN ALERTA,6,0,Sin alertas,,SIN ALERTA,SIN RIESGO,Sin alertas: Seguimiento mensual,1,0,1,0,1,No,MES 3,HASH-1B50CF64D244
SCHOLAR-94B2ADB70651,2026-05,2026-1,MES 3,COLOMBIA,Mentor-2ADFAAC3,HASH-E1DE72098FF3,Cohorte 2026 COL,Scholar-94B2ADB7,Universidad del Norte,Mentoría 3,2026-04,Virtual,No,Sin alertas,,SIN ALERTA,6,0,Sin alertas,,SIN ALERTA,SIN RIESGO,Sin alertas: Seguimiento mensual,0,0,1,0,1,No,MES 3,HASH-51A7DBA2A160
SCHOLAR-373F1CE26945,2026-05,2026-1,MES 2,PERÚ,Mentor-AE2075FE,HASH-4CBDDF7A390D,Cohorte 2026 PER,Scholar-373F1CE2,UPC,Mentoría 1,2026-04,Virtual,No,Sin alertas,,SIN ALERTA,0,0,Sin alertas,,SIN ALERTA,SIN RIESGO,Sin alertas: Seguimiento mensual,,,1,,2,No,MES 1,HASH-27F9401E717C
SCHOLAR-0CECF9CF5C3B,2026-05,2026-1,MES 3,PERÚ,Mentor-9F97E727,HASH-F858B8D51425,Cohorte 2025 PER,Scholar-0CECF9CF,UTEC,Mentoría grupal 2,2026-05,Virtual,No,Bajo,,BAJO: Está teniendo dificultades para entender 1 asignaturas.,0,0,Sin alertas,,SIN ALERTA,RIESGO BAJO,Bajo: 4 semanas,,,,1,1,No,MES 3,HASH-F2493DB80611
SCHOLAR-07D67C19DFB3,2026-05,2026-1,MES 2,PERÚ,Mentor-9F97E727,HASH-F858B8D51425,Cohorte 2025 PER,Scholar-07D67C19,UTEC,Mentoría grupal 2,2026-04,Virtual,No,Bajo,,BAJO: Está teniendo dificultades para entender 1 asignaturas.,0,0,Sin alertas,,SIN ALERTA,RIESGO BAJO,Bajo: 4 semanas,,,,1,1,No,MES 2,HASH-916715AFC48F
SCHOLAR-C91020B3F781,2026-05,2026-1,MES 2,PERÚ,Mentor-9F97E727,HASH-F858B8D51425,Cohorte 2025 PER,Scholar-C91020B3,UTEC,Mentoría grupal 2,2026-04,Virtual,No,Bajo,,BAJO: Está teniendo dificultades para entender 1 asignaturas.,0,0,Bajo,,"BAJO: Se ha sentido triste, ansioso/a o desmotivado/a en los últimos días.",RIESGO BAJO,Bajo: 4 semanas,,,1,1,1,No,MES 2,HASH-02A4618CC1FC
SCHOLAR-C91020B3F781,2026-05,2026-1,MES 2,PERÚ,Mentor-9F97E727,HASH-F858B8D51425,Cohorte 2025 PER,Scholar-C91020B3,UTEC,Mentoría 1,2026-04,Virtual,No,Bajo,,BAJO: Está teniendo dificultades para entender 1 asignaturas.,0,0,Bajo,,"BAJO: Se ha sentido triste, ansioso/a o desmotivado/a en los últimos días.",RIESGO BAJO,Bajo: 4 semanas,,,1,1,1,No,MES 2,HASH-D3F34A1A02CF
SCHOLAR-F90B5C9D5FCE,2026-05,2026-1,MES 2,PERÚ,Mentor-9F97E727,HASH-F858B8D51425,Cohorte 2025 PER,Scholar-F90B5C9D,UTEC,Mentoría grupal 2,2026-04,Virtual,No,Bajo,,BAJO: Está teniendo dificultades para entender 1 asignaturas.,0,0,Sin alertas,,SIN ALERTA,RIESGO BAJO,Bajo: 4 semanas,,,,1,1,No,MES 2,HASH-D8E0388D8F19
SCHOLAR-A05CB282264C,2026-05,2026-1,MES 2,PERÚ,Mentor-9F97E727,HASH-F858B8D51425,Cohorte 2025 PER,Scholar-A05CB282,UTEC,Mentoría grupal 2,2026-04,Virtual,No,Bajo,,BAJO: Está teniendo dificultades para entender 1 asignaturas.,0,0,Sin alertas,,SIN ALERTA,RIESGO BAJO,Sin alertas: Seguimiento mensual,,,1,1,1,No,MES 2,HASH-0EEF14E8DC61
SCHOLAR-E2B30DD26CD8,2026-05,2026-1,MES 3,COLOMBIA,Mentor-2ADFAAC3,HASH-E1DE72098FF3,Cohorte 2026 COL,Scholar-E2B30DD2,Universidad del Norte,Mentoría 3,2026-05,Virtual,No,Sin alertas,,SIN ALERTA,6,0,Sin alertas,,SIN ALERTA,SIN RIESGO,Sin alertas: Seguimiento mensual,0,0,1,0,0,No,MES 3,HASH-93C5BA04B281
SCHOLAR-914BBA8604F4,2026-05,2026-1,MES 3,COLOMBIA,Mentor-2ADFAAC3,HASH-E1DE72098FF3,Cohorte 2026 COL,Scholar-914BBA86,Universidad del Norte,Mentoría 3,2026-05,Virtual,No,Sin alertas,,SIN ALERTA,6,0,Sin alertas,,SIN ALERTA,SIN RIESGO,Sin alertas: Seguimiento mensual,0,0,1,0,1,No,MES 3,HASH-C1F3F18D370B
SCHOLAR-224953FA49FC,2026-05,2026-1,MES 3,COLOMBIA,Mentor-2ADFAAC3,HASH-E1DE72098FF3,Cohorte 2026 COL,Scholar-224953FA,Universidad de los Andes,Mentoría 3,2026-05,Virtual,No,Sin alertas,,SIN ALERTA,6,0,Sin alertas,,SIN ALERTA,SIN RIESGO,Sin alertas: Seguimiento mensual,2,0,1,0,0,No,MES 3,HASH-437E4B9C2528
SCHOLAR-45C567D56777,2026-05,2026-1,MES 3,COLOMBIA,Mentor-2ADFAAC3,HASH-E1DE72098FF3,Cohorte 2026 COL,Scholar-45C567D5,Universidad de los Andes,Mentoría 3,2026-05,Virtual,No,Sin alertas,,SIN ALERTA,6,0,Sin alertas,,SIN ALERTA,SIN RIESGO,Sin alertas: Seguimiento mensual,0,0,1,0,0,No,MES 3,HASH-78C270E5DE2D
SCHOLAR-F8B14591F744,2026-05,2026-1,MES 3,COLOMBIA,Mentor-F14A1035,HASH-7938F9C4972C,Cohorte 2026 COL,Scholar-F8B14591,Universidad Pontificia Bolivariana,Mentoría 3,2026-04,Virtual,Sí,Alto,,"MEDIO: Está teniendo dificultades para entender más de 1 asignatura.
ALTO: Retiró/canceló 1 o 2 materias clave.",0,2,Bajo,,BAJO: Estrés académico ocasional.,RIESGO ALTO,Alto: 8-10 semanas,2,1,1,0,1,No,MES 3,HASH-A2FAB70583E9
SCHOLAR-F8B14591F744,2026-05,2026-1,MES 3,COLOMBIA,Mentor-F14A1035,HASH-7938F9C4972C,Cohorte 2026 COL,Scholar-F8B14591,Universidad Pontificia Bolivariana,Mentoría 4,2026-06,Virtual,Sí,Alto,,"ALTO: Retiró/canceló 1 o 2 materias clave.
ALTO: En riesgo de no obtener el promedio requerido (programa).",0,1,Bajo,,BAJO: Estrés académico ocasional.,RIESGO ALTO,Alto: 8-10 semanas,2,1,1,0,1,No,MES 3,HASH-A24BA7730555
SCHOLAR-64485B0DF3E3,2026-05,2026-1,MES 3,COLOMBIA,Mentor-2ADFAAC3,HASH-E1DE72098FF3,Cohorte 2026 COL,Scholar-64485B0D,Universidad del Norte,Mentoría 3,2026-07,Virtual,No,Bajo,,BAJO: Está teniendo dificultades para entender 1 asignaturas.,6,1,Bajo,,BAJO: Estrés académico ocasional.,RIESGO BAJO,Bajo: 4 semanas,1,0,1,0,1,No,MES 3,HASH-59B7C4F879B3
SCHOLAR-67D28FC32E1A,2026-05,2026-1,MES 3,COLOMBIA,Mentor-2ADFAAC3,HASH-E1DE72098FF3,Cohorte 2026 COL,Scholar-67D28FC3,Universidad del Norte,Mentoría 3,2026-08,Virtual,No,Sin alertas,,SIN ALERTA,6,1,Sin alertas,,SIN ALERTA,SIN RIESGO,Sin alertas: Seguimiento mensual,1,0,1,0,1,No,MES 3,HASH-FFE228A994E9
SCHOLAR-323746906800,2026-05,2026-1,MES 3,COLOMBIA,Mentor-2ADFAAC3,HASH-E1DE72098FF3,Cohorte 2026 COL,Scholar-32374690,Universidad del Norte,Mentoría 3,2026-08,Virtual,No,Sin alertas,,SIN ALERTA,6,0,Sin alertas,,SIN ALERTA,SIN RIESGO,Sin alertas: Seguimiento mensual,0,0,1,0,1,No,MES 3,HASH-B9CE46C98047
SCHOLAR-577E2CB6585B,2026-05,2026-1,MES 3,COLOMBIA,Mentor-2ADFAAC3,HASH-E1DE72098FF3,Cohorte 2026 COL,Scholar-577E2CB6,Universidad del Norte,Mentoría 3,2026-07,Virtual,No,Sin alertas,,SIN ALERTA,6,0,Sin alertas,,SIN ALERTA,SIN RIESGO,Sin alertas: Seguimiento mensual,0,0,1,0,0,No,MES 3,HASH-0C8D7E28BE47
SCHOLAR-A6A522BA2A3D,2026-05,2026-1,MES 3,COLOMBIA,Mentor-2ADFAAC3,HASH-E1DE72098FF3,Cohorte 2026 COL,Scholar-A6A522BA,Universidad de los Andes,Mentoría 3,2026-08,Virtual,No,Sin alertas,,SIN ALERTA,6,0,Sin alertas,,SIN ALERTA,SIN RIESGO,Sin alertas: Seguimiento mensual,2,0,1,0,0,No,MES 3,HASH-15DD2BEB001B
SCHOLAR-A7AD4C0B1060,2026-05,2026-1,MES 3,COLOMBIA,Mentor-2ADFAAC3,HASH-E1DE72098FF3,Cohorte 2026 COL,Scholar-A7AD4C0B,Universidad del Norte,Mentoría 3,2026-08,Virtual,No,Sin alertas,,SIN ALERTA,6,0,Sin alertas,,SIN ALERTA,SIN RIESGO,Sin alertas: Seguimiento mensual,0,0,1,0,1,No,MES 3,HASH-78EFDD1B43D3
SCHOLAR-E48E6AEED740,2026-05,2026-1,MES 3,COLOMBIA,Mentor-2ADFAAC3,HASH-E1DE72098FF3,Cohorte 2026 COL,Scholar-E48E6AEE,Universidad de los Andes,Mentoría 3,2026-07,Virtual,No,Sin alertas,,SIN ALERTA,6,0,Sin alertas,,SIN ALERTA,SIN RIESGO,Sin alertas: Seguimiento mensual,0,0,1,0,1,No,MES 3,HASH-5ED536C973EF
SCHOLAR-3F49A50AF900,2026-05,2026-1,MES 3,COLOMBIA,Mentor-2ADFAAC3,HASH-E1DE72098FF3,Cohorte 2026 COL,Scholar-3F49A50A,Universidad de los Andes,Mentoría 3,2026-08,Virtual,No,Sin alertas,,BAJO: Presenta 1 parcial o examen con nota desaprobatoria.,6,1,Sin alertas,,SIN ALERTA,SIN RIESGO,Bajo: 4 semanas,2,0,1,0,1,No,MES 3,HASH-B503A70B06E8
SCHOLAR-41CE2FD24B22,2026-05,2026-1,MES 3,COLOMBIA,Mentor-2ADFAAC3,HASH-E1DE72098FF3,Cohorte 2026 COL,Scholar-41CE2FD2,Universidad del Norte,Mentoría 3,2026-08,Virtual,No,Sin alertas,,SIN ALERTA,6,0,Sin alertas,,SIN ALERTA,SIN RIESGO,Sin alertas: Seguimiento mensual,0,0,1,0,0,No,MES 3,HASH-4EC447C472C5
SCHOLAR-7166D56308E7,2026-11,2026-1,MES 3,COLOMBIA,Mentor-CF89343C,HASH-1D9F62249B9D,Cohorte 2025 COL,Scholar-7166D563,Universidad de los Andes,Mentoría 3,2026-04,Virtual,No,Sin alertas,,SIN ALERTA,0,0,Sin alertas,,SIN ALERTA,SIN RIESGO,Sin alertas: Seguimiento mensual,0,1,1,1,1,No,MES 3,HASH-36D4BF826C04
SCHOLAR-A08285CB8D93,2026-05,2026-1,MES 3,COLOMBIA,Mentor-F14A1035,HASH-7938F9C4972C,Cohorte 2026 COL,Scholar-A08285CB,Universidad EIA,Mentoría 3,2026-04,Virtual,Sí,Medio,,MEDIO: Está teniendo dificultades para entender más de 1 asignatura.,0,2,Sin alertas,,SIN ALERTA,RIESGO MEDIO,Medio: 4-8 semanas,1,1,1,0,0,No,MES 3,HASH-DA379D143304
SCHOLAR-A1BC51921E85,2026-05,2026-1,MES 3,COLOMBIA,Mentor-F14A1035,HASH-7938F9C4972C,Cohorte 2026 COL,Scholar-A1BC5192,Universidad EIA,Mentoría 3,2026-04,Virtual,Sí,Bajo,,BAJO: Está teniendo dificultades para entender 1 asignaturas.,0,1,Bajo,,BAJO: Desacuerdos familiares o relacionales.,RIESGO BAJO,Medio: 4-8 semanas,1,0,1,0,0,No,MES 3,HASH-A464B3431D38
SCHOLAR-EA029A0964AA,2026-05,2026-1,MES 3,COLOMBIA,Mentor-F14A1035,HASH-486891A86102,Cohorte 2026 COL,Scholar-EA029A09,Universidad EIA,Mentoría 3,2026-04,Virtual,Sí,Bajo,,"BAJO: Presenta 1 parcial o examen con nota desaprobatoria.
BAJO: Está teniendo dificultades para entender 1 asignaturas.",0,1,Sin alertas,,SIN ALERTA,RIESGO BAJO,Bajo: 4 semanas,1,0,1,0,0,No,MES 3,HASH-FA37DEE4BEB5
SCHOLAR-E510C6B0F74D,2026-05,2026-1,MES 3,COLOMBIA,Mentor-F14A1035,HASH-7938F9C4972C,Cohorte 2026 COL,Scholar-E510C6B0,Universidad EIA,Mentoría 3,2026-04,Virtual,Sí,Sin alertas,,SIN ALERTA,0,0,Alto,,"ALTO: En proceso de duelo (pérdida, ruptura significativa).",RIESGO ALTO,Alto: 8-10 semanas,0,2,1,0,1,No,MES 3,HASH-BC7BB9815B8E
SCHOLAR-8FE0F88AA594,2026-05,2026-1,MES 3,COLOMBIA,Mentor-F14A1035,HASH-7938F9C4972C,Cohorte 2026 COL,Scholar-8FE0F88A,Pontificia Universidad Javeriana,Mentoría 3,2026-04,Virtual,Sí,Bajo,,BAJO: Está teniendo dificultades para entender 1 asignaturas.,0,1,Medio,,"BAJO: Desacuerdos familiares o relacionales.
MEDIO: Dificultades económicas que generan preocupación constante (afecta su desempeño).",RIESGO MEDIO,Medio: 4-8 semanas,0,0,1,1,1,No,MES 3,HASH-66B2929496CE
SCHOLAR-87962DECDE3F,2026-05,2026-1,MES 3,COLOMBIA,Mentor-F14A1035,HASH-7938F9C4972C,Cohorte 2026 COL,Scholar-87962DEC,Universidad EIA,Mentoría 3,2026-04,Virtual,Sí,Bajo,,BAJO: Está teniendo dificultades para entender 1 asignaturas.,0,1,Bajo,,BAJO: Estrés académico ocasional.,RIESGO BAJO,Bajo: 4 semanas,1,1,1,0,1,No,MES 3,HASH-5D6F17932C6B
SCHOLAR-56360FF40931,2026-05,2026-1,MES 3,COLOMBIA,Mentor-F14A1035,HASH-7938F9C4972C,Cohorte 2026 COL,Scholar-56360FF4,Pontificia Universidad Javeriana,Mentoría 3,2026-04,Virtual,Sí,Medio,,"MEDIO: Perdió parciales cruciales en dos o más materias.
MEDIO: Calificaciones parciales bajas que lo ponen en riesgo de reprobar.",0,1,Sin alertas,,SIN ALERTA,RIESGO MEDIO,Medio: 4-8 semanas,5,1,1,0,0,No,MES 3,HASH-01614CFCC6BE
SCHOLAR-D26DE19C0D86,2026-05,2026-1,MES 3,COLOMBIA,Mentor-F14A1035,HASH-7938F9C4972C,Cohorte 2026 COL,Scholar-D26DE19C,Universidad EIA,Mentoría 3,2026-04,Virtual,Sí,Medio,,MEDIO: Está teniendo dificultades para entender más de 1 asignatura.,0,2,Sin alertas,,SIN ALERTA,RIESGO MEDIO,Medio: 4-8 semanas,2,2,1,0,1,No,MES 3,HASH-ABB017C79F88
SCHOLAR-75A78E27DD3F,2026-05,2026-1,MES 3,COLOMBIA,Mentor-F14A1035,HASH-486891A86102,Cohorte 2025 COL,Scholar-75A78E27,Pontificia Universidad Javeriana,Mentoría 3,2026-04,Virtual,No,Bajo,,BAJO: Presenta 1 parcial o examen con nota desaprobatoria.,0,1,Bajo,,"BAJO: Se ha sentido triste, ansioso/a o desmotivado/a en los últimos días.",RIESGO BAJO,Bajo: 4 semanas,0,0,1,1,1,No,MES 3,HASH-F424695A5E4B
SCHOLAR-7C41AB6CAB6D,2026-05,2026-1,MES 3,COLOMBIA,Mentor-F14A1035,HASH-7938F9C4972C,Cohorte 2025 COL,Scholar-7C41AB6C,Pontificia Universidad Javeriana,Mentoría 3,2026-08,Virtual,Sí,Medio,,MEDIO: Perdió parciales cruciales en dos o más materias.,0,2,Bajo,,BAJO: Desacuerdos familiares o relacionales.,RIESGO MEDIO,Medio: 4-8 semanas,0,0,1,0,1,No,MES 3,HASH-F5B8D85E3718
SCHOLAR-7ACB94937FDF,2026-05,2026-1,MES 3,COLOMBIA,Mentor-F14A1035,HASH-7938F9C4972C,Cohorte 2026 COL,Scholar-7ACB9493,Universidad EIA,Mentoría 3,2026-04,Virtual,No,Sin alertas,,SIN ALERTA,0,0,Sin alertas,,SIN ALERTA,SIN RIESGO,Sin alertas: Seguimiento mensual,0,0,1,0,1,No,MES 3,HASH-EB3EDE3929DB
SCHOLAR-545212696F0D,2026-05,2026-1,MES 3,COLOMBIA,Mentor-F14A1035,HASH-7938F9C4972C,Cohorte 2026 COL,Scholar-54521269,Universidad EIA,Mentoría 3,2026-04,Virtual,Sí,Medio,,"MEDIO: Perdió parciales cruciales en dos o más materias.
MEDIO: Está teniendo dificultades para entender más de 1 asignatura.",0,3,Sin alertas,,SIN ALERTA,RIESGO MEDIO,Medio: 4-8 semanas,2,2,1,0,1,No,MES 3,HASH-ECE4ECE28DCD
SCHOLAR-0277D43B2D10,2026-05,2026-1,MES 3,COLOMBIA,Mentor-F14A1035,HASH-7938F9C4972C,Cohorte 2026 COL,Scholar-0277D43B,Universidad EIA,Mentoría 3,2026-11,Virtual,Sí,Medio,,"MEDIO: Calificaciones parciales bajas que lo ponen en riesgo de reprobar.
MEDIO: Está teniendo dificultades para entender más de 1 asignatura.",0,2,Sin alertas,,SIN ALERTA,RIESGO MEDIO,Medio: 4-8 semanas,0,0,1,0,1,No,MES 3,HASH-DE46CD681082
SCHOLAR-A985B6B52274,2026-05,2026-1,MES 3,COLOMBIA,Mentor-F14A1035,HASH-7938F9C4972C,Cohorte 2025 COL,Scholar-A985B6B5,Universidad EIA,Mentoría 3,2026-11,Virtual,Sí,Medio,,"MEDIO: Calificaciones parciales bajas que lo ponen en riesgo de reprobar.
MEDIO: Está teniendo dificultades para entender más de 1 asignatura.",0,3,Sin alertas,,SIN ALERTA,RIESGO MEDIO,Medio: 4-8 semanas,4,0,1,1,1,No,MES 3,HASH-179D3C5FABED
SCHOLAR-3E9AE4C9F04D,2026-05,2026-1,MES 3,COLOMBIA,Mentor-7C4B3EAC,HASH-A4B52B5B9CB9,Cohorte 2025 COL,Scholar-3E9AE4C9,Universidad EAFIT,Mentoría 3,2026-11,Virtual,No,Bajo,,BAJO: Tiene dificultades en hábitos y métodos de estudio.,1,0,Bajo,,BAJO: Estrés académico ocasional.,RIESGO BAJO,Bajo: 4 semanas,0,0,1,0,1,No,MES 3,HASH-43638774367F
SCHOLAR-D9BF6BEB4089,2026-05,2026-1,MES 3,COLOMBIA,Mentor-F14A1035,HASH-7938F9C4972C,Cohorte 2026 COL,Scholar-D9BF6BEB,Universidad EIA,Mentoría 3,2026-11,Virtual,No,Sin alertas,,SIN ALERTA,0,0,Sin alertas,,SIN ALERTA,SIN RIESGO,Sin alertas: Seguimiento mensual,3,1,1,0,1,No,MES 3,HASH-3B7988A66643
SCHOLAR-101CA44EA4D5,2026-05,2026-1,MES 3,COLOMBIA,Mentor-7C4B3EAC,HASH-A4B52B5B9CB9,Cohorte 2025 COL,Scholar-101CA44E,Universidad EAFIT,Mentoría 3,2026-11,Virtual,No,Bajo,,BAJO: Tiene dificultades en hábitos y métodos de estudio.,0,0,Bajo,,BAJO: Duda ocasional sobre sus capacidades académicas.,RIESGO BAJO,Bajo: 4 semanas,0,0,1,1,0,No,MES 3,HASH-CDAC3FAAC700
SCHOLAR-5E1800A7C7BD,2026-05,2026-1,MES 3,COLOMBIA,Mentor-F14A1035,HASH-7938F9C4972C,Cohorte 2026 COL,Scholar-5E1800A7,Universidad EIA,Mentoría 3,2026-08,Virtual,Sí,Sin alertas,,SIN ALERTA,0,0,Bajo,,BAJO: Desacuerdos familiares o relacionales.,RIESGO BAJO,Bajo: 4 semanas,0,0,1,0,0,No,MES 3,HASH-BF15F21914D1
SCHOLAR-8FB2F1AF6F77,2026-05,2026-1,MES 3,COLOMBIA,Mentor-F14A1035,HASH-7938F9C4972C,Cohorte 2025 COL,Scholar-8FB2F1AF,Universidad EIA,Mentoría 3,2026-05,Virtual,No,Sin alertas,,SIN ALERTA,0,0,Sin alertas,,SIN ALERTA,SIN RIESGO,Sin alertas: Seguimiento mensual,0,0,1,1,1,No,MES 3,HASH-632A15781E7F
SCHOLAR-501E11345DBD,2026-05,2026-1,MES 3,COLOMBIA,Mentor-F14A1035,HASH-7938F9C4972C,Cohorte 2026 COL,Scholar-501E1134,Universidad EIA,Mentoría 3,2026-04,Virtual,Sí,Medio,,"MEDIO: Perdió parciales cruciales en dos o más materias.
MEDIO: Está teniendo dificultades para entender más de 1 asignatura.",0,2,Sin alertas,,SIN ALERTA,RIESGO MEDIO,Medio: 4-8 semanas,1,1,1,0,1,No,MES 3,HASH-B98B0F9F1EB1
SCHOLAR-CE2D5F2BFC89,2026-05,2026-1,MES 3,COLOMBIA,Mentor-7C4B3EAC,HASH-A4B52B5B9CB9,Cohorte 2025 COL,Scholar-CE2D5F2B,Universidad Icesi,Mentoría 3,2026-11,Virtual,No,Sin alertas,,SIN ALERTA,0,0,Bajo,,BAJO: Estrés académico ocasional.,RIESGO BAJO,Bajo: 4 semanas,0,0,1,1,1,No,MES 3,HASH-AED72E4E37EE
SCHOLAR-C8AF78F68638,2026-05,2026-1,MES 3,COLOMBIA,Mentor-F14A1035,HASH-7938F9C4972C,Cohorte 2026 COL,Scholar-C8AF78F6,Universidad EIA,Mentoría 4,2026-04,Virtual,Sí,Medio,,"MEDIO: Perdió parciales cruciales en dos o más materias.
MEDIO: Está teniendo dificultades para entender más de 1 asignatura.",0,3,Medio,,MEDIO: Mantiene bajo estado de ánimo o ansiedad por más de dos semanas (afecta su desempeño).,RIESGO MEDIO,Medio: 4-8 semanas,1,1,2,0,0,No,MES 3,HASH-91BDC516454E
SCHOLAR-BBFDC8E9E653,2026-05,2026-1,MES 3,COLOMBIA,Mentor-7C4B3EAC,HASH-A4B52B5B9CB9,Cohorte 2025 COL,Scholar-BBFDC8E9,Universidad EAFIT,Mentoría 3,2026-11,Virtual,No,Sin alertas,,SIN ALERTA,1,0,Bajo,,BAJO: Desacuerdos familiares o relacionales.,RIESGO BAJO,Bajo: 4 semanas,0,0,1,0,0,No,MES 3,HASH-71494934DE3C
SCHOLAR-AAB139ED070D,2026-05,2026-1,MES 3,COLOMBIA,Mentor-F14A1035,HASH-7938F9C4972C,Cohorte 2025 COL,Scholar-AAB139ED,Universidad EIA,Mentoría 3,2026-04,Virtual,Sí,Medio,,"MEDIO: Perdió parciales cruciales en dos o más materias.
MEDIO: Está teniendo dificultades para entender más de 1 asignatura.",0,3,Bajo,,BAJO: Estrés académico ocasional.,RIESGO MEDIO,Medio: 4-8 semanas,1,0,1,0,1,No,MES 3,HASH-9DF0AB6B8F0A
SCHOLAR-3991A7E653FD,2026-05,2026-1,MES 3,COLOMBIA,Mentor-F14A1035,HASH-7938F9C4972C,Cohorte 2026 COL,Scholar-3991A7E6,Pontificia Universidad Javeriana,Mentoría 3,2026-08,Virtual,No,Sin alertas,,SIN ALERTA,0,0,Sin alertas,,SIN ALERTA,SIN RIESGO,Sin alertas: Seguimiento mensual,1,2,1,0,0,No,MES 3,HASH-67278DA7E83E
SCHOLAR-AB90B7B0CD4A,2026-05,2026-1,MES 3,COLOMBIA,Mentor-CF89343C,HASH-1D9F62249B9D,Cohorte 2025 COL,Scholar-AB90B7B0,Universidad de los Andes,Mentoría 3,2026-04,Virtual,No,Medio,,"MEDIO: Está perdiendo una asignatura/curso.
MEDIO: Perdió parciales cruciales en dos o más materias.",0,1,Sin alertas,,SIN ALERTA,RIESGO MEDIO,Medio: 4-8 semanas,1,1,1,0,1,No,MES 3,HASH-C08FDFA6CE10
SCHOLAR-FF206785C6DB,2026-05,2026-1,MES 3,COLOMBIA,Mentor-7C4B3EAC,HASH-A4B52B5B9CB9,Cohorte 2025 COL,Scholar-FF206785,Universidad EAFIT,Mentoría 3,2026-11,Virtual,No,Medio,,MEDIO: Está perdiendo una asignatura/curso.,0,1,Bajo,,BAJO: Estrés académico ocasional.,RIESGO MEDIO,Medio: 4-8 semanas,2,1,1,0,0,No,MES 3,HASH-24AB6AB03B61
SCHOLAR-54EE3F1A634F,2026-05,2026-1,MES 3,COLOMBIA,Mentor-F14A1035,HASH-7938F9C4972C,Cohorte 2026 COL,Scholar-54EE3F1A,Universidad EIA,Mentoría 3,2026-04,Virtual,Sí,Bajo,,"BAJO: Presenta 1 parcial o examen con nota desaprobatoria.
BAJO: Está teniendo dificultades para entender 1 asignaturas.",0,1,Sin alertas,,SIN ALERTA,RIESGO BAJO,Bajo: 4 semanas,1,0,1,0,1,No,MES 3,HASH-B30017B8CCD0
SCHOLAR-16532EDAC529,2026-05,2026-1,MES 3,COLOMBIA,Mentor-F14A1035,HASH-7938F9C4972C,Cohorte 2026 COL,Scholar-16532EDA,Universidad EIA,Mentoría 3,2026-04,Virtual,Sí,Bajo,,BAJO: Está teniendo dificultades para entender 1 asignaturas.,0,1,Sin alertas,,SIN ALERTA,RIESGO BAJO,Bajo: 4 semanas,0,0,1,0,1,No,MES 3,HASH-5DC9A1158839
SCHOLAR-0C2D48E37C8A,2026-05,2026-1,MES 3,COLOMBIA,Mentor-7C4B3EAC,HASH-A4B52B5B9CB9,Cohorte 2025 COL,Scholar-0C2D48E3,Universidad Pontificia Bolivariana,Mentoría 3,2026-11,Virtual,No,Sin alertas,,SIN ALERTA,3,0,Sin alertas,,SIN ALERTA,SIN RIESGO,Sin alertas: Seguimiento mensual,1,0,1,0,1,No,MES 3,HASH-C4275FFD3B67
SCHOLAR-962748838F6E,2026-05,2026-1,MES 3,COLOMBIA,Mentor-F14A1035,HASH-7938F9C4972C,Cohorte 2025 COL,Scholar-96274883,Universidad EIA,Mentoría 3,2026-08,Virtual,No,Sin alertas,,SIN ALERTA,0,0,Sin alertas,,SIN ALERTA,SIN RIESGO,Sin alertas: Seguimiento mensual,0,0,1,1,1,No,MES 3,HASH-AB99D82C5FCA
SCHOLAR-A1291D8078A8,2026-05,2026-1,MES 3,COLOMBIA,Mentor-7C4B3EAC,HASH-A4B52B5B9CB9,Cohorte 2025 COL,Scholar-A1291D80,Universidad EAFIT,Mentoría 3,2026-11,Virtual,No,Sin alertas,,SIN ALERTA,2,0,Sin alertas,,SIN ALERTA,SIN RIESGO,Sin alertas: Seguimiento mensual,0,0,1,0,0,No,MES 3,HASH-1D8CD035F708
SCHOLAR-5E23D2806BAF,2026-05,2026-1,MES 3,COLOMBIA,Mentor-7C4B3EAC,HASH-A4B52B5B9CB9,Cohorte 2025 COL,Scholar-5E23D280,Universidad Pontificia Bolivariana,Mentoría 3,2026-11,Virtual,No,Bajo,,BAJO: Presenta 1 parcial o examen con nota desaprobatoria.,1,0,Bajo,,BAJO: Estrés académico ocasional.,RIESGO BAJO,Bajo: 4 semanas,2,0,1,1,0,No,MES 3,HASH-4869E541D2FF
SCHOLAR-D393B98CCAEB,2026-05,2026-1,MES 3,COLOMBIA,Mentor-7C4B3EAC,HASH-A4B52B5B9CB9,Cohorte 2025 COL,Scholar-D393B98C,Universidad Pontificia Bolivariana,Mentoría 3,2026-11,Virtual,No,Bajo,,BAJO: Tiene dificultades en hábitos y métodos de estudio.,1,0,Bajo,,BAJO: Estrés académico ocasional.,RIESGO BAJO,Bajo: 4 semanas,0,0,1,1,0,No,MES 3,HASH-7C5708CACC3B
SCHOLAR-632CD8060404,2026-05,2026-1,MES 3,COLOMBIA,Mentor-CF89343C,HASH-1D9F62249B9D,Cohorte 2025 COL,Scholar-632CD806,Universidad de los Andes,Mentoría 3,2026-04,Virtual,Sí,Medio,,"MEDIO: Está perdiendo una asignatura/curso.
MEDIO: Perdió parciales cruciales en dos o más materias.",0,1,Bajo,,"BAJO: Se ha sentido triste, ansioso/a o desmotivado/a en los últimos días.",RIESGO MEDIO,Medio: 4-8 semanas,6,0,1,0,1,No,MES 3,HASH-80CA5040D4C8
SCHOLAR-E97EA82B3ECD,2026-05,2026-1,MES 3,COLOMBIA,Mentor-7C4B3EAC,HASH-A4B52B5B9CB9,Cohorte 2025 COL,Scholar-E97EA82B,Universidad Pontificia Bolivariana,Mentoría 3,2026-11,Virtual,No,Medio,,MEDIO: Canceló/retiró más de 1 asignatura.,1,1,Medio,,"BAJO: Duda ocasional sobre sus capacidades académicas.
BAJO: Estrés académico ocasional.",RIESGO MEDIO,Medio: 4-8 semanas,6,0,2,0,0,No,MES 3,HASH-15FB99F11DA8
SCHOLAR-9181E5AB3D08,2026-05,2026-1,MES 3,COLOMBIA,Mentor-CF89343C,HASH-1D9F62249B9D,Cohorte 2025 COL,Scholar-9181E5AB,Universidad de los Andes,Mentoría 4,2026-04,Virtual,Sí,Alto,,"MEDIO: Perdió parciales cruciales en dos o más materias.
ALTO: Retiró/canceló 1 o 2 materias clave.",0,1,Medio,,MEDIO: Mantiene bajo estado de ánimo o ansiedad por más de dos semanas (afecta su desempeño).,RIESGO ALTO,Alto: 8-10 semanas,4,0,1,1,1,No,MES 3,HASH-ED2BE3DF179D
SCHOLAR-B1E5AA88DC49,2026-05,2026-1,MES 3,COLOMBIA,Mentor-CF89343C,HASH-1D9F62249B9D,Cohorte 2025 COL,Scholar-B1E5AA88,Universidad de los Andes,Mentoría 3,2026-04,Virtual,No,Alto,,ALTO: Retiró/canceló 1 o 2 materias clave.,0,1,Bajo,,BAJO: Estrés académico ocasional.,RIESGO ALTO,Alto: 8-10 semanas,3,1,1,0,1,No,MES 3,HASH-1076ADBDEF41
SCHOLAR-95C53E17DDE8,2026-05,2026-1,MES 3,COLOMBIA,Mentor-CF89343C,HASH-1D9F62249B9D,Cohorte 2025 COL,Scholar-95C53E17,Universidad de los Andes,Mentoría 3,2026-04,Virtual,No,Sin alertas,,SIN ALERTA,0,0,Sin alertas,,SIN ALERTA,SIN RIESGO,Sin alertas: Seguimiento mensual,3,1,1,0,0,No,MES 3,HASH-4A40DE4813C3
SCHOLAR-AEC807607E11,2026-05,2026-1,MES 3,COLOMBIA,Mentor-7C4B3EAC,HASH-A4B52B5B9CB9,Cohorte 2025 COL,Scholar-AEC80760,Universidad Icesi,,2026-11,Virtual,No,Bajo,,BAJO: Está teniendo dificultades para entender 1 asignaturas.,0,0,Sin alertas,,SIN ALERTA,RIESGO BAJO,Bajo: 4 semanas,0,0,1,1,1,No,MES 3,HASH-D5C870CC156D
SCHOLAR-F631CFB1AC12,2026-05,2026-1,MES 3,COLOMBIA,Mentor-E8A42252,HASH-6398EC59B9C3,Cohorte 2026 COL,Scholar-F631CFB1,Universidad EAFIT,Mentoría 3,2026-04,Virtual,No,Bajo,,BAJO: Presenta 1 parcial o examen con nota desaprobatoria.,0,0,Alto,,"ALTO: En proceso de duelo (pérdida, ruptura significativa).",RIESGO ALTO,Alto: 8-10 semanas,0,0,1,0,1,No,MES 3,HASH-2E45107645CD
SCHOLAR-3EFB2F5BBE8A,2026-05,2026-1,MES 3,COLOMBIA,Mentor-7C4B3EAC,HASH-A4B52B5B9CB9,Cohorte 2025 COL,Scholar-3EFB2F5B,Universidad EAFIT,Mentoría 3,2026-11,Virtual,No,Bajo,,BAJO: Tiene dificultades en hábitos y métodos de estudio.,2,0,Sin alertas,,SIN ALERTA,RIESGO BAJO,Bajo: 4 semanas,0,1,1,1,0,No,MES 3,HASH-4CA0A512A246
SCHOLAR-AFEF377642F4,2026-05,2026-1,MES 3,COLOMBIA,Mentor-E8A42252,HASH-6398EC59B9C3,Cohorte 2026 COL,Scholar-AFEF3776,Universidad EAFIT,Mentoría 3,2026-04,Presencial,No,Bajo,,BAJO: Presenta 1 parcial o examen con nota desaprobatoria.,0,0,Bajo,,BAJO: Estrés académico ocasional.,RIESGO BAJO,Bajo: 4 semanas,1,0,1,0,1,No,MES 3,HASH-DB6DF3D388B3
SCHOLAR-9118ABFE9626,2026-05,2026-1,MES 3,COLOMBIA,Mentor-7C4B3EAC,HASH-A4B52B5B9CB9,Cohorte 2025 COL,Scholar-9118ABFE,Universidad Icesi,Mentoría 3,2026-11,Virtual,No,Bajo,,BAJO: Tiene dificultades en hábitos y métodos de estudio.,0,0,Bajo,,BAJO: Estrés académico ocasional.,RIESGO BAJO,Bajo: 4 semanas,0,0,1,1,1,No,MES 3,HASH-8FADDA1D0FD4
SCHOLAR-9BEDD5E2F7AA,2026-05,2026-1,MES 3,COLOMBIA,Mentor-E8A42252,HASH-6398EC59B9C3,Cohorte 2026 COL,Scholar-9BEDD5E2,Universidad EAFIT,Mentoría 3,2026-04,Virtual,No,Bajo,,BAJO: Presenta 1 parcial o examen con nota desaprobatoria.,0,0,Bajo,,BAJO: Estrés académico ocasional.,RIESGO BAJO,Bajo: 4 semanas,0,1,1,0,1,No,MES 3,HASH-F9B11816AB7B
SCHOLAR-F41C6536F6FC,2026-05,2026-1,MES 3,COLOMBIA,Mentor-E8A42252,HASH-6398EC59B9C3,Cohorte 2026 COL,Scholar-F41C6536,Universidad EAFIT,Mentoría 3,2026-05,Presencial,No,Sin alertas,,SIN ALERTA,0,0,Sin alertas,,SIN ALERTA,SIN RIESGO,Sin alertas: Seguimiento mensual,0,0,1,0,1,No,MES 3,HASH-1E963EF35DF1
SCHOLAR-FBBF21827D3C,2026-05,2026-1,MES 3,COLOMBIA,Mentor-7C4B3EAC,HASH-A4B52B5B9CB9,Cohorte 2025 COL,Scholar-FBBF2182,Universidad Icesi,Mentoría 3,2026-11,Virtual,No,Bajo,,BAJO: Presenta 1 parcial o examen con nota desaprobatoria.,0,0,Sin alertas,,SIN ALERTA,RIESGO BAJO,Bajo: 4 semanas,1,0,1,1,1,No,MES 3,HASH-77E7036DC45B
SCHOLAR-B63727EC03E0,2026-05,2026-1,MES 3,COLOMBIA,Mentor-E8A42252,HASH-6398EC59B9C3,Cohorte 2026 COL,Scholar-B63727EC,Universidad EAFIT,Mentoría 3,2026-07,Presencial,No,Sin alertas,,SIN ALERTA,0,0,Sin alertas,,SIN ALERTA,SIN RIESGO,Sin alertas: Seguimiento mensual,0,0,1,0,1,No,MES 3,HASH-25BE78DE17FB
SCHOLAR-8D4E5E832303,2026-05,2026-1,MES 3,COLOMBIA,Mentor-E8A42252,HASH-6398EC59B9C3,Cohorte 2026 COL,Scholar-8D4E5E83,Universidad EAFIT,Mentoría 3,2026-04,Virtual,No,Bajo,,BAJO: Presenta 1 parcial o examen con nota desaprobatoria.,0,0,Sin alertas,,SIN ALERTA,RIESGO BAJO,Bajo: 4 semanas,0,2,1,0,1,No,MES 3,HASH-B2FD4C4C8818
SCHOLAR-2F2E3AC1ABEC,2026-05,2026-1,MES 3,COLOMBIA,Mentor-E8A42252,HASH-6398EC59B9C3,Cohorte 2026 COL,Scholar-2F2E3AC1,Universidad EAFIT,Mentoría 3,2026-04,Virtual,No,Bajo,,BAJO: Presenta 1 parcial o examen con nota desaprobatoria.,0,0,Bajo,,BAJO: Estrés académico ocasional.,RIESGO BAJO,Bajo: 4 semanas,0,1,1,0,1,No,MES 3,HASH-EFC4EDAFE8F1
SCHOLAR-F9436D1DB0F0,2026-05,2026-1,MES 3,COLOMBIA,Mentor-E8A42252,HASH-6398EC59B9C3,Cohorte 2026 COL,Scholar-F9436D1D,Universidad EAFIT,Mentoría 3,2026-04,Presencial,No,Bajo,,BAJO: Está teniendo dificultades para entender 1 asignaturas.,0,0,Bajo,,BAJO: Estrés académico ocasional.,RIESGO BAJO,Bajo: 4 semanas,0,0,1,0,1,No,MES 3,HASH-35723B7AFEFF
SCHOLAR-3BDF365D0B88,2026-05,2026-1,MES 3,COLOMBIA,Mentor-E8A42252,HASH-6398EC59B9C3,Cohorte 2026 COL,Scholar-3BDF365D,Universidad EAFIT,Mentoría 3,2026-04,Presencial,No,Sin alertas,,SIN ALERTA,0,0,Sin alertas,,SIN ALERTA,SIN RIESGO,Sin alertas: Seguimiento mensual,1,0,1,0,1,No,MES 3,HASH-41B2F6F214D6
SCHOLAR-A89AABB342E6,2026-05,2026-1,MES 3,COLOMBIA,Mentor-7C4B3EAC,HASH-A4B52B5B9CB9,Cohorte 2025 COL,Scholar-A89AABB3,Universidad Icesi,Mentoría 3,2026-11,Virtual,No,Medio,,MEDIO: Está teniendo dificultades para entender más de 1 asignatura.,0,0,Bajo,,BAJO: Duda ocasional sobre sus capacidades académicas.,RIESGO MEDIO,Medio: 4-8 semanas,0,0,1,1,1,No,MES 3,HASH-697B93EA1893
SCHOLAR-713CFFDDCB1A,2026-05,2026-1,MES 3,COLOMBIA,Mentor-E8A42252,HASH-6398EC59B9C3,Cohorte 2026 COL,Scholar-713CFFDD,Universidad EAFIT,Mentoría 3,2026-07,Virtual,No,Bajo,,"BAJO: Presenta 1 parcial o examen con nota desaprobatoria.
BAJO: Está teniendo dificultades para entender 1 asignaturas.",0,0,Sin alertas,,SIN ALERTA,RIESGO BAJO,Bajo: 4 semanas,0,1,1,0,1,No,MES 3,HASH-DF5DE7A324B8
SCHOLAR-48F5D11A53E6,2026-05,2026-1,MES 3,COLOMBIA,Mentor-E8A42252,HASH-6398EC59B9C3,Cohorte 2026 COL,Scholar-48F5D11A,Universidad EAFIT,Mentoría 3,2026-04,Presencial,No,Bajo,,BAJO: Presenta 1 parcial o examen con nota desaprobatoria.,0,0,Sin alertas,,SIN ALERTA,RIESGO BAJO,Bajo: 4 semanas,0,1,1,0,1,No,MES 3,HASH-B73342230196
SCHOLAR-35BA28D82AF3,2026-05,2026-1,MES 3,COLOMBIA,Mentor-E8A42252,HASH-6398EC59B9C3,Cohorte 2026 COL,Scholar-35BA28D8,Universidad EAFIT,Mentoría 3,2026-04,Virtual,No,Bajo,,BAJO: Presenta 1 parcial o examen con nota desaprobatoria.,0,0,Sin alertas,,SIN ALERTA,RIESGO BAJO,Bajo: 4 semanas,0,0,1,0,1,No,MES 3,HASH-C7FD15C1D9A4
SCHOLAR-7E8CEF09E3A7,2026-05,2026-1,MES 3,COLOMBIA,Mentor-E8A42252,HASH-6398EC59B9C3,Cohorte 2026 COL,Scholar-7E8CEF09,Universidad EAFIT,Mentoría 3,2026-04,Presencial,No,Bajo,,"BAJO: Presenta 1 parcial o examen con nota desaprobatoria.
BAJO: Está teniendo dificultades para entender 1 asignaturas.",0,0,Bajo,,BAJO: Estrés académico ocasional.,RIESGO BAJO,Bajo: 4 semanas,0,2,1,0,1,No,MES 3,HASH-EE6427594ECD
SCHOLAR-7E642909A62F,2026-05,2026-1,MES 3,COLOMBIA,Mentor-E8A42252,HASH-6398EC59B9C3,Cohorte 2026 COL,Scholar-7E642909,Universidad EAFIT,Mentoría 3,2026-04,Presencial,No,Sin alertas,,SIN ALERTA,0,0,Sin alertas,,SIN ALERTA,SIN RIESGO,Sin alertas: Seguimiento mensual,1,0,1,0,1,No,MES 3,HASH-780E7363FCEE
SCHOLAR-3A3947A230E8,2026-05,2026-1,MES 3,COLOMBIA,Mentor-E8A42252,HASH-6398EC59B9C3,Cohorte 2026 COL,Scholar-3A3947A2,Universidad EAFIT,Mentoría 3,2026-04,Presencial,No,Bajo,,"BAJO: Presenta 1 parcial o examen con nota desaprobatoria.
BAJO: Está teniendo dificultades para entender 1 asignaturas.",0,0,Bajo,,BAJO: Duda ocasional sobre sus capacidades académicas.,RIESGO BAJO,Bajo: 4 semanas,3,2,1,0,1,No,MES 3,HASH-B903555DF068
SCHOLAR-CD1699E4A59C,2026-05,2026-1,MES 3,COLOMBIA,Mentor-E8A42252,HASH-6398EC59B9C3,Cohorte 2026 COL,Scholar-CD1699E4,Universidad EAFIT,Mentoría 3,2026-04,Presencial,No,Sin alertas,,SIN ALERTA,0,0,Bajo,,BAJO: Duda ocasional sobre sus capacidades académicas.,RIESGO BAJO,Bajo: 4 semanas,0,0,1,0,1,No,MES 3,HASH-7AA24DCBEDB3
SCHOLAR-9DBD7F81E9E0,2026-05,2026-1,MES 3,COLOMBIA,Mentor-E8A42252,HASH-6398EC59B9C3,Cohorte 2026 COL,Scholar-9DBD7F81,Universidad EAFIT,Mentoría 3,2026-04,Presencial,No,Sin alertas,,SIN ALERTA,0,0,Sin alertas,,SIN ALERTA,SIN RIESGO,Sin alertas: Seguimiento mensual,0,0,1,0,1,No,MES 3,HASH-8A34ACEB787C
SCHOLAR-DE142D5A00D0,2026-05,2026-1,MES 3,COLOMBIA,Mentor-E8A42252,HASH-6398EC59B9C3,Cohorte 2026 COL,Scholar-DE142D5A,Universidad EAFIT,Mentoría 3,2026-04,Virtual,No,Bajo,,BAJO: Presenta 1 parcial o examen con nota desaprobatoria.,0,0,Sin alertas,,SIN ALERTA,RIESGO BAJO,Bajo: 4 semanas,0,0,1,0,0,No,MES 3,HASH-07D787251F8E
SCHOLAR-74E999B26884,2026-05,2026-1,MES 3,COLOMBIA,Mentor-E8A42252,HASH-6398EC59B9C3,Cohorte 2026 COL,Scholar-74E999B2,Universidad EAFIT,Mentoría 3,2026-05,Presencial,No,Bajo,,BAJO: Presenta 1 parcial o examen con nota desaprobatoria.,0,0,Medio,,MEDIO: Dificultades económicas que generan preocupación constante (afecta su desempeño).,RIESGO MEDIO,Medio: 4-8 semanas,0,0,1,0,1,No,MES 3,HASH-73AA17B480A3
SCHOLAR-4CB2C0B08DA7,2026-05,2026-1,MES 3,COLOMBIA,Mentor-E8A42252,HASH-6398EC59B9C3,Cohorte 2026 COL,Scholar-4CB2C0B0,Universidad EAFIT,Mentoría 3,2026-04,Presencial,No,Sin alertas,,SIN ALERTA,0,0,Sin alertas,,SIN ALERTA,SIN RIESGO,Sin alertas: Seguimiento mensual,0,0,1,0,1,No,MES 3,HASH-5E86479058B4
SCHOLAR-CA521EB9252F,2026-05,2026-1,MES 3,COLOMBIA,Mentor-E8A42252,HASH-6398EC59B9C3,Cohorte 2026 COL,Scholar-CA521EB9,Universidad EAFIT,Mentoría 3,2026-04,Presencial,No,Bajo,,BAJO: Presenta 1 parcial o examen con nota desaprobatoria.,0,0,Bajo,,BAJO: Duda ocasional sobre sus capacidades académicas.,RIESGO BAJO,Bajo: 4 semanas,0,1,1,0,0,No,MES 3,HASH-159E9D906250
SCHOLAR-C85E5875C68B,2026-05,2026-1,MES 3,COLOMBIA,Mentor-E8A42252,HASH-6398EC59B9C3,Cohorte 2026 COL,Scholar-C85E5875,Universidad EAFIT,Mentoría 3,2026-05,Presencial,No,Sin alertas,,SIN ALERTA,0,0,Sin alertas,,SIN ALERTA,SIN RIESGO,Sin alertas: Seguimiento mensual,0,0,1,0,1,No,MES 3,HASH-5D3A59F85119
SCHOLAR-1DE2D45B06F0,2026-05,2026-1,MES 3,COLOMBIA,Mentor-E8A42252,HASH-6398EC59B9C3,Cohorte 2026 COL,Scholar-1DE2D45B,Universidad EAFIT,Mentoría 3,2026-04,Virtual,No,Bajo,,BAJO: Presenta 1 parcial o examen con nota desaprobatoria.,0,0,Sin alertas,,"BAJO: Estrés académico ocasional.
SIN ALERTA",RIESGO BAJO,Bajo: 4 semanas,0,1,1,0,0,No,MES 3,HASH-C530AE078740
SCHOLAR-EA39FA32C972,2026-05,2026-1,MES 3,COLOMBIA,Mentor-E8A42252,HASH-6398EC59B9C3,Cohorte 2026 COL,Scholar-EA39FA32,Universidad EAFIT,Mentoría 3,2026-04,Virtual,No,Bajo,,"BAJO: Presenta 1 parcial o examen con nota desaprobatoria.
BAJO: Está teniendo dificultades para entender 1 asignaturas.",0,0,Sin alertas,,SIN ALERTA,RIESGO BAJO,Bajo: 4 semanas,0,1,1,0,1,No,MES 3,HASH-3F93735D968B
SCHOLAR-852A6B5608A1,2026-05,2026-1,MES 3,COLOMBIA,Mentor-E8A42252,HASH-6398EC59B9C3,Cohorte 2026 COL,Scholar-852A6B56,Universidad EAFIT,Mentoría 3,2026-04,Virtual,No,Medio,,MEDIO: Calificaciones parciales bajas que lo ponen en riesgo de reprobar.,0,0,Bajo,,"BAJO: Se ha sentido triste, ansioso/a o desmotivado/a en los últimos días.",RIESGO MEDIO,Medio: 4-8 semanas,1,0,1,0,1,No,MES 3,HASH-AF3C72458888
SCHOLAR-161B62FDC4B8,2026-05,2026-1,MES 3,COLOMBIA,Mentor-E8A42252,HASH-6398EC59B9C3,Cohorte 2026 COL,Scholar-161B62FD,Universidad EAFIT,Mentoría 3,2026-04,Virtual,Sí,Alto,,ALTO: Pierde dos o más materias/cursos.,0,0,Medio,,MEDIO: Conflictos recurrentes con familia o pareja (afecta su desempeño),RIESGO ALTO,Alto: 8-10 semanas,1,0,1,0,1,No,MES 3,HASH-139709F7ED2E
SCHOLAR-161B62FDC4B8,2026-05,2026-1,MES 3,COLOMBIA,Mentor-E8A42252,HASH-6398EC59B9C3,Cohorte 2026 COL,Scholar-161B62FD,Universidad EAFIT,Mentoría 4,2026-07,Presencial,Sí,Alto,,"MEDIO: Está perdiendo una asignatura/curso.
ALTO: Retiró/canceló 1 o 2 materias clave.",0,1,Medio,,MEDIO: Conflictos recurrentes con familia o pareja (afecta su desempeño),RIESGO ALTO,Alto: 8-10 semanas,1,0,1,0,1,No,MES 3,HASH-B935596F63EA
SCHOLAR-C3DEB10FF62A,2026-05,2026-1,MES 3,COLOMBIA,Mentor-E8A42252,HASH-6398EC59B9C3,Cohorte 2026 COL,Scholar-C3DEB10F,Universidad Icesi,Mentoría 3,2026-04,Virtual,No,Sin alertas,,SIN ALERTA,0,0,Sin alertas,,SIN ALERTA,SIN RIESGO,Sin alertas: Seguimiento mensual,0,0,1,0,1,No,MES 3,HASH-C050F24F58EE
SCHOLAR-B209F529DDE6,2026-05,2026-1,MES 3,COLOMBIA,Mentor-E8A42252,HASH-6398EC59B9C3,Cohorte 2026 COL,Scholar-B209F529,Universidad Icesi,Mentoría 3,2026-04,Virtual,No,Medio,,MEDIO: Está perdiendo una asignatura/curso.,0,0,Bajo,,BAJO: Duda ocasional sobre sus capacidades académicas.,RIESGO MEDIO,Medio: 4-8 semanas,0,0,1,0,1,No,MES 3,HASH-675A38439EBF
SCHOLAR-35CB49B303C3,2026-05,2026-1,MES 3,COLOMBIA,Mentor-E8A42252,HASH-6398EC59B9C3,Cohorte 2026 COL,Scholar-35CB49B3,Universidad Icesi,Mentoría 3,2026-04,Virtual,No,Sin alertas,,SIN ALERTA,0,0,Sin alertas,,SIN ALERTA,SIN RIESGO,Sin alertas: Seguimiento mensual,0,0,1,0,1,No,MES 3,HASH-7F1292CBCC10
SCHOLAR-EE18E73205BF,2026-05,2026-1,MES 3,COLOMBIA,Mentor-E8A42252,HASH-6398EC59B9C3,Cohorte 2026 COL,Scholar-EE18E732,Universidad Icesi,Mentoría 3,2026-11,Virtual,No,Sin alertas,,SIN ALERTA,0,0,Sin alertas,,SIN ALERTA,SIN RIESGO,Sin alertas: Seguimiento mensual,0,0,1,0,0,No,MES 3,HASH-5E0CB7DF6CA9
SCHOLAR-44DB46232F6D,2026-05,2026-1,MES 3,COLOMBIA,Mentor-E8A42252,HASH-6398EC59B9C3,Cohorte 2026 COL,Scholar-44DB4623,Universidad Icesi,Mentoría 3,2026-05,Virtual,No,Sin alertas,,SIN ALERTA,0,0,Bajo,,BAJO: Desacuerdos familiares o relacionales.,RIESGO BAJO,Bajo: 4 semanas,0,0,1,0,0,No,MES 3,HASH-EBF4D080F71C
SCHOLAR-A9BA1B505585,2026-05,2026-1,MES 3,COLOMBIA,Mentor-E8A42252,HASH-6398EC59B9C3,Cohorte 2026 COL,Scholar-A9BA1B50,Universidad Icesi,Mentoría 3,2026-05,Virtual,No,Sin alertas,,SIN ALERTA,0,0,Sin alertas,,SIN ALERTA,SIN RIESGO,Sin alertas: Seguimiento mensual,0,0,1,0,0,No,MES 3,HASH-BA18EC7736E0
SCHOLAR-EBD0405280A9,2026-05,2026-1,MES 3,COLOMBIA,Mentor-E8A42252,HASH-6398EC59B9C3,Cohorte 2026 COL,Scholar-EBD04052,Universidad Icesi,Mentoría 3,2026-04,Virtual,No,Sin alertas,,SIN ALERTA,0,0,Sin alertas,,SIN ALERTA,SIN RIESGO,Sin alertas: Seguimiento mensual,0,0,1,0,0,No,MES 3,HASH-273EF8CE1D38
SCHOLAR-77B48154224E,2026-05,2026-1,MES 3,COLOMBIA,Mentor-E8A42252,HASH-6398EC59B9C3,Cohorte 2026 COL,Scholar-77B48154,Universidad Icesi,Mentoría 3,2026-04,Virtual,No,Medio,,MEDIO: Calificaciones parciales bajas que lo ponen en riesgo de reprobar.,0,0,Bajo,,BAJO: Estrés académico ocasional.,RIESGO MEDIO,Medio: 4-8 semanas,0,0,1,0,0,No,MES 3,HASH-4CBF24E11FF8
SCHOLAR-AA8CAAF5BF76,2026-05,2026-1,MES 3,COLOMBIA,Mentor-F14A1035,HASH-7938F9C4972C,Cohorte 2025 COL,Scholar-AA8CAAF5,Universidad EIA,Mentoría 3,2026-08,Virtual,No,Sin alertas,,SIN ALERTA,0,0,Sin alertas,,SIN ALERTA,SIN RIESGO,Sin alertas: Seguimiento mensual,0,0,1,1,1,No,MES 3,HASH-5281A20B0B40
SCHOLAR-9247E829DBD8,2026-05,2026-1,MES 3,COLOMBIA,Mentor-E8A42252,HASH-6398EC59B9C3,Cohorte 2025 COL,Scholar-9247E829,Universidad del Norte,Mentoría 3,2026-06,Virtual,No,Medio,,MEDIO: Perdió parciales cruciales en dos o más materias.,0,0,Sin alertas,,SIN ALERTA,RIESGO MEDIO,Medio: 4-8 semanas,0,0,1,1,1,No,MES 3,HASH-48094F0A7382
SCHOLAR-57E907B58FB0,2026-05,2026-1,MES 3,COLOMBIA,Mentor-F14A1035,HASH-7938F9C4972C,Cohorte 2026 COL,Scholar-57E907B5,Pontificia Universidad Javeriana,Mentoría 3,2026-04,Virtual,Sí,Sin alertas,,SIN ALERTA,0,0,Bajo,,BAJO: Estrés académico ocasional.,RIESGO BAJO,Sin alertas: Seguimiento mensual,0,2,1,0,0,No,MES 3,HASH-213E9211697B
SCHOLAR-1EACD63EC9DA,2026-05,2026-1,MES 3,COLOMBIA,Mentor-E8A42252,HASH-6398EC59B9C3,Cohorte 2025 COL,Scholar-1EACD63E,Universidad del Norte,Mentoría 3,2026-04,Virtual,No,Medio,,MEDIO: Perdió parciales cruciales en dos o más materias.,0,0,Sin alertas,,SIN ALERTA,RIESGO MEDIO,Medio: 4-8 semanas,0,0,1,1,1,No,MES 3,HASH-917A236BD403
SCHOLAR-3FDB0A1C29B7,2026-05,2026-1,MES 3,COLOMBIA,Mentor-F14A1035,HASH-7938F9C4972C,Cohorte 2025 COL,Scholar-3FDB0A1C,Universidad EIA,Mentoría 3,2026-04,Virtual,Sí,Medio,,"BAJO: Tiene dificultades en hábitos y métodos de estudio.
MEDIO: Está teniendo dificultades para entender más de 1 asignatura.",0,2,Bajo,,BAJO: Duda ocasional sobre sus capacidades académicas.,RIESGO MEDIO,Medio: 4-8 semanas,4,0,1,1,1,No,MES 3,HASH-9D13D4FA11E4
SCHOLAR-66DEAE450C0B,2026-05,2026-1,MES 3,COLOMBIA,Mentor-F14A1035,HASH-7938F9C4972C,Cohorte 2026 COL,Scholar-66DEAE45,Universidad EIA,Mentoría 3,2026-08,Virtual,Sí,Bajo,,BAJO: Está teniendo dificultades para entender 1 asignaturas.,0,1,Sin alertas,,SIN ALERTA,RIESGO BAJO,Bajo: 4 semanas,0,0,1,0,0,No,MES 3,HASH-394A52983AEE
SCHOLAR-36594A0DFBD9,2026-05,2026-1,MES 3,COLOMBIA,Mentor-E8A42252,HASH-6398EC59B9C3,Cohorte 2025 COL,Scholar-36594A0D,Universidad del Norte,Mentoría 3,2026-04,Virtual,No,Bajo,,BAJO: Presenta 1 parcial o examen con nota desaprobatoria.,0,0,Sin alertas,,SIN ALERTA,RIESGO BAJO,Bajo: 4 semanas,0,0,1,1,1,No,MES 3,HASH-CC5776294AB3
SCHOLAR-F92E37E1006A,2026-05,2026-1,MES 3,COLOMBIA,Mentor-F14A1035,HASH-7938F9C4972C,Cohorte 2026 COL,Scholar-F92E37E1,Universidad EIA,Mentoría 3,2026-04,Virtual,Sí,Bajo,,"BAJO: Presenta 1 parcial o examen con nota desaprobatoria.
BAJO: Está teniendo dificultades para entender 1 asignaturas.",0,0,Bajo,,"BAJO: Duda ocasional sobre sus capacidades académicas.
BAJO: Desacuerdos familiares o relacionales.",RIESGO BAJO,Bajo: 4 semanas,2,0,1,0,1,No,MES 3,HASH-45BAC5F575CC
SCHOLAR-623FCC700280,2026-05,2026-1,MES 3,COLOMBIA,Mentor-E8A42252,HASH-6398EC59B9C3,Cohorte 2025 COL,Scholar-623FCC70,Universidad del Norte,Mentoría 3,2026-04,Virtual,No,Sin alertas,,SIN ALERTA,0,0,Sin alertas,,SIN ALERTA,SIN RIESGO,Sin alertas: Seguimiento mensual,0,0,1,1,1,No,MES 3,HASH-317F8969B74D
SCHOLAR-07A88DB490DF,2026-05,2026-1,MES 3,COLOMBIA,Mentor-F14A1035,HASH-7938F9C4972C,Cohorte 2025 COL,Scholar-07A88DB4,Pontificia Universidad Javeriana,Mentoría 3,2026-04,Virtual,Sí,Medio,,"BAJO: Está teniendo dificultades para entender 1 asignaturas.
MEDIO: Reprobó 1 o 2 asignaturas de cálculo/math el semestre anterior.",0,1,Bajo,,"BAJO: Duda ocasional sobre sus capacidades académicas.
BAJO: Se ha sentido triste, ansioso/a o desmotivado/a en los últimos días.",RIESGO MEDIO,Medio: 4-8 semanas,0,0,1,1,1,No,MES 3,HASH-0EDBFF3F0254
SCHOLAR-4C71BB8143A0,2026-05,2026-1,MES 3,COLOMBIA,Mentor-F14A1035,HASH-7938F9C4972C,Cohorte 2026 COL,Scholar-4C71BB81,Pontificia Universidad Javeriana,Mentoría 3,2026-04,Virtual,Sí,Bajo,,"BAJO: Presenta 1 parcial o examen con nota desaprobatoria.
BAJO: Está teniendo dificultades para entender 1 asignaturas.",0,1,Sin alertas,,SIN ALERTA,RIESGO BAJO,Bajo: 4 semanas,3,1,1,0,0,No,MES 3,HASH-E1FA8B3CF88A
SCHOLAR-1126FFD5623F,2026-05,2026-1,MES 3,COLOMBIA,Mentor-E8A42252,HASH-6398EC59B9C3,Cohorte 2025 COL,Scholar-1126FFD5,Universidad del Norte,Mentoría 3,2026-04,Virtual,No,Bajo,,BAJO: Presenta 1 parcial o examen con nota desaprobatoria.,0,0,Bajo,,BAJO: Estrés académico ocasional.,RIESGO BAJO,Bajo: 4 semanas,0,0,1,1,1,No,MES 3,HASH-785DE4B833AE
SCHOLAR-AFCF329DC4EE,2026-05,2026-1,MES 3,COLOMBIA,Mentor-E8A42252,HASH-6398EC59B9C3,Cohorte 2025 COL,Scholar-AFCF329D,Universidad del Norte,Mentoría 3,2026-04,Virtual,No,Sin alertas,,SIN ALERTA,0,0,Sin alertas,,SIN ALERTA,SIN RIESGO,Sin alertas: Seguimiento mensual,1,0,1,1,1,No,MES 3,HASH-376EEEEC4514
SCHOLAR-035BE8FB1094,2026-05,2026-1,MES 3,COLOMBIA,Mentor-E8A42252,HASH-6398EC59B9C3,Cohorte 2025 COL,Scholar-035BE8FB,Universidad del Norte,Mentoría 3,2026-04,Virtual,No,Bajo,,BAJO: Presenta 1 parcial o examen con nota desaprobatoria.,0,0,Sin alertas,,SIN ALERTA,RIESGO BAJO,Bajo: 4 semanas,0,0,1,1,1,No,MES 3,HASH-55C46046AE53
SCHOLAR-ED7DED95D0D9,2026-05,2026-1,MES 3,COLOMBIA,Mentor-E8A42252,HASH-6398EC59B9C3,Cohorte 2025 COL,Scholar-ED7DED95,Universidad del Norte,Mentoría 3,2026-04,Virtual,No,Bajo,,BAJO: Presenta 1 parcial o examen con nota desaprobatoria.,0,0,Sin alertas,,SIN ALERTA,RIESGO BAJO,Bajo: 4 semanas,0,0,1,0,1,No,MES 3,HASH-B516887FFD48
SCHOLAR-A06C29C33558,2026-05,2026-1,MES 3,COLOMBIA,Mentor-E8A42252,HASH-6398EC59B9C3,Cohorte 2025 COL,Scholar-A06C29C3,Universidad del Norte,Mentoría 3,2026-04,Virtual,No,Medio,,MEDIO: Perdió parciales cruciales en dos o más materias.,0,0,Bajo,,BAJO: Duda ocasional sobre sus capacidades académicas.,RIESGO MEDIO,Medio: 4-8 semanas,0,0,1,0,0,No,MES 3,HASH-45953FE856B4
SCHOLAR-A06C29C33558,2026-05,2026-1,MES 3,COLOMBIA,Mentor-E8A42252,HASH-6398EC59B9C3,Cohorte 2025 COL,Scholar-A06C29C3,Universidad del Norte,Mentoría 4,2026-08,Virtual,No,Medio,,MEDIO: Perdió parciales cruciales en dos o más materias.,0,0,Medio,,"BAJO: Se ha sentido triste, ansioso/a o desmotivado/a en los últimos días.
MEDIO: Conflictos recurrentes con familia o pareja (afecta su desempeño)",RIESGO MEDIO,Medio: 4-8 semanas,0,0,1,0,0,No,MES 3,HASH-307183EE3B2F
SCHOLAR-7E642909A62F,2026-05,2026-1,MES 3,COLOMBIA,Mentor-E8A42252,HASH-6398EC59B9C3,Cohorte 2026 COL,Scholar-7E642909,Universidad EAFIT,Mentoría 3,2026-04,Presencial,No,Sin alertas,,SIN ALERTA,0,0,Sin alertas,,SIN ALERTA,SIN RIESGO,Sin alertas: Seguimiento mensual,1,0,1,0,1,No,MES 3,HASH-5A4CD131663E
SCHOLAR-3A3947A230E8,2026-05,2026-1,MES 3,COLOMBIA,Mentor-E8A42252,HASH-6398EC59B9C3,Cohorte 2026 COL,Scholar-3A3947A2,Universidad EAFIT,Mentoría 3,2026-04,Presencial,No,Medio,,MEDIO: Calificaciones parciales bajas que lo ponen en riesgo de reprobar.,0,0,Bajo,,BAJO: Duda ocasional sobre sus capacidades académicas.,RIESGO MEDIO,Medio: 4-8 semanas,3,2,1,0,1,No,MES 3,HASH-5BD3898250CF
SCHOLAR-7FB0C90CD637,2026-05,2026-1,MES 3,COLOMBIA,Mentor-CF89343C,HASH-1D9F62249B9D,Cohorte 2025 COL,Scholar-7FB0C90C,Universidad de los Andes,Mentoría 3,2026-07,Virtual,No,Medio,,MEDIO: Perdió parciales cruciales en dos o más materias.,0,0,Sin alertas,,SIN ALERTA,RIESGO MEDIO,Medio: 4-8 semanas,5,1,1,1,1,No,MES 3,HASH-0A4D3EBE8856
SCHOLAR-332B4019EF9D,2026-05,2026-1,MES 3,COLOMBIA,Mentor-CF89343C,HASH-1D9F62249B9D,Cohorte 2026 COL,Scholar-332B4019,Universidad EIA,Mentoría 3,2026-04,Presencial,No,Sin alertas,,SIN ALERTA,0,0,Sin alertas,,SIN ALERTA,SIN RIESGO,Sin alertas: Seguimiento mensual,,,1,,,No,MES 3,HASH-223333BF6A56
SCHOLAR-96AF29D30254,2026-05,2026-1,MES 3,COLOMBIA,Mentor-2ADFAAC3,HASH-E1DE72098FF3,Cohorte 2026 COL,Scholar-96AF29D3,Universidad de los Andes,Mentoría 3,2026-05,Virtual,No,Bajo,,BAJO: Presenta 1 parcial o examen con nota desaprobatoria.,6,1,Sin alertas,,SIN ALERTA,RIESGO BAJO,Bajo: 4 semanas,0,0,1,0,1,No,MES 3,HASH-72CB6CE1A4F1
SCHOLAR-9622EAE9A49D,2026-05,2026-1,MES 3,PERÚ,Mentor-AE2075FE,HASH-4CBDDF7A390D,Cohorte 2026 PER,Scholar-9622EAE9,UPC,Mentoría 2,2026-05,Virtual,No,Sin alertas,,SIN ALERTA,0,0,Sin alertas,,SIN ALERTA,SIN RIESGO,Sin alertas: Seguimiento mensual,,,1,1,1,No,MES 3,HASH-1E89D56FCF35
SCHOLAR-C6363F3507EA,2026-05,2026-1,MES 3,PERÚ,Mentor-AE2075FE,HASH-4CBDDF7A390D,Cohorte 2026 PER,Scholar-C6363F35,UPC,Mentoría 2,2026-05,Virtual,No,Bajo,,"BAJO: Presenta 1 parcial o examen con nota desaprobatoria.
BAJO: Tiene dificultades en hábitos y métodos de estudio.",0,0,Bajo,,"BAJO: Duda ocasional sobre sus capacidades académicas.
BAJO: Estrés académico ocasional.",RIESGO BAJO,Bajo: 4 semanas,,3,1,1,1,No,MES 3,HASH-A30954614DDE
SCHOLAR-E0E119B4010B,2026-05,2026-1,MES 3,PERÚ,Mentor-AE2075FE,HASH-4CBDDF7A390D,Cohorte 2026 PER,Scholar-E0E119B4,UPC,,2026-05,Virtual,No,Medio,,"BAJO: Tiene dificultades en hábitos y métodos de estudio.
MEDIO: Está teniendo dificultades para entender más de 1 asignatura.",0,0,Bajo,,BAJO: Duda ocasional sobre sus capacidades académicas.,RIESGO MEDIO,Medio: 4-8 semanas,,3,1,1,1,No,MES 3,HASH-49A5D60D043C
SCHOLAR-373F1CE26945,2026-05,2026-1,MES 3,PERÚ,Mentor-AE2075FE,HASH-4CBDDF7A390D,Cohorte 2026 PER,Scholar-373F1CE2,UPC,Mentoría 3,2026-05,Virtual,No,Sin alertas,,SIN ALERTA,0,0,Sin alertas,,SIN ALERTA,SIN RIESGO,Sin alertas: Seguimiento mensual,,4,1,1,1,No,MES 3,HASH-C5EF78819E9E
SCHOLAR-5784F4261DA9,2026-05,2026-1,MES 3,PERÚ,Mentor-AE2075FE,HASH-4CBDDF7A390D,Cohorte 2026 PER,Scholar-5784F426,UPC,Mentoría 1,2026-05,Virtual,No,Sin alertas,,SIN ALERTA,0,0,Sin alertas,,SIN ALERTA,SIN RIESGO,Sin alertas: Seguimiento mensual,,3,1,1,1,No,MES 3,HASH-01C8279AA88C
SCHOLAR-2D9E7BAFD5C5,2026-05,2026-1,MES 3,PERÚ,Mentor-AE2075FE,HASH-4CBDDF7A390D,Cohorte 2026 PER,Scholar-2D9E7BAF,UPC,Mentoría 2,2026-05,Virtual,No,Bajo,,"BAJO: Presenta 1 parcial o examen con nota desaprobatoria.
BAJO: Tiene dificultades en hábitos y métodos de estudio.",0,0,Bajo,,"BAJO: Duda ocasional sobre sus capacidades académicas.
BAJO: Estrés académico ocasional.",RIESGO BAJO,Bajo: 4 semanas,,2,1,1,1,No,MES 3,HASH-39D392B20DBC
SCHOLAR-9B124BB22291,2026-05,2026-1,MES 3,PERÚ,Mentor-AE2075FE,HASH-4CBDDF7A390D,Cohorte 2026 PER,Scholar-9B124BB2,UPC,Mentoría 1,2026-05,Virtual,No,Sin alertas,,SIN ALERTA,0,0,Sin alertas,,SIN ALERTA,SIN RIESGO,Sin alertas: Seguimiento mensual,,,1,1,1,No,MES 3,HASH-02FDE34135C8
SCHOLAR-A3A1D2CF164C,2026-05,2026-1,MES 3,PERÚ,Mentor-AE2075FE,HASH-4CBDDF7A390D,Cohorte 2026 PER,Scholar-A3A1D2CF,UPC,Mentoría 1,2026-05,Virtual,No,Bajo,,"BAJO: Presenta 1 parcial o examen con nota desaprobatoria.
BAJO: Está teniendo dificultades para entender 1 asignaturas.",0,0,Bajo,,"BAJO: Se ha sentido triste, ansioso/a o desmotivado/a en los últimos días.
BAJO: Desacuerdos familiares o relacionales.",RIESGO BAJO,Bajo: 4 semanas,,3,1,1,1,No,MES 3,HASH-12DAA31C41A8
SCHOLAR-876BAC4113E0,2026-05,2026-1,MES 4,COLOMBIA,Mentor-2ADFAAC3,HASH-E1DE72098FF3,Cohorte 2025 COL,Scholar-876BAC41,Universidad de los Andes,Mentoría 4,2026-05,Virtual,No,Sin alertas,,SIN ALERTA,6,0,Sin alertas,,SIN ALERTA,SIN RIESGO,Sin alertas: Seguimiento mensual,0,0,1,0,1,No,MES 4,HASH-1AF933BFE754
SCHOLAR-18067FF02D47,2026-05,2026-1,MES 4,COLOMBIA,Mentor-2ADFAAC3,HASH-E1DE72098FF3,Cohorte 2026 COL,Scholar-18067FF0,Universidad de los Andes,Mentoría 4,2026-05,Virtual,No,Sin alertas,,SIN ALERTA,6,0,Sin alertas,,SIN ALERTA,SIN RIESGO,Sin alertas: Seguimiento mensual,3,1,1,0,0,No,MES 4,HASH-541C53540A61
SCHOLAR-99E4E94D43D4,2026-05,2026-1,MES 4,COLOMBIA,Mentor-2ADFAAC3,HASH-E1DE72098FF3,Cohorte 2026 COL,Scholar-99E4E94D,Universidad de los Andes,Mentoría 4,2026-05,Virtual,No,Sin alertas,,SIN ALERTA,6,0,Sin alertas,,SIN ALERTA,SIN RIESGO,Sin alertas: Seguimiento mensual,2,0,1,0,1,No,MES 4,HASH-273B19C9B4F6
SCHOLAR-B54CBF03C260,2026-05,2026-1,MES 3,PERÚ,Mentor-AE2075FE,HASH-4CBDDF7A390D,Cohorte 2026 PER,Scholar-B54CBF03,UTEC,Mentoría 1,2026-05,Virtual,No,Bajo,,"BAJO: Presenta 1 parcial o examen con nota desaprobatoria.
BAJO: Está teniendo dificultades para entender 1 asignaturas.",0,0,Bajo,,BAJO: Estrés académico ocasional.,RIESGO BAJO,Bajo: 4 semanas,,3,1,1,1,No,MES 3,HASH-2A4B08EDB927
SCHOLAR-B430C60C0612,2026-05,2026-1,MES 3,PERÚ,Mentor-AE2075FE,HASH-4CBDDF7A390D,Cohorte 2026 PER,Scholar-B430C60C,UTEC,Mentoría 3,2026-05,Virtual,Sí,Medio,,"MEDIO: Calificaciones parciales bajas que lo ponen en riesgo de reprobar.
MEDIO: Está teniendo dificultades para entender más de 1 asignatura.",0,0,Medio,,"MEDIO: Mantiene bajo estado de ánimo o ansiedad por más de dos semanas (afecta su desempeño).
MEDIO: Muestra desinterés o dudas frecuentes sobre la beca o carrera(afecta su desempeño).",RIESGO MEDIO,Alto: 8-10 semanas,,3,3,1,1,No,MES 3,HASH-AE437B59B161
SCHOLAR-26F3F62110B8,2026-05,2026-1,MES 3,PERÚ,Mentor-AE2075FE,HASH-4CBDDF7A390D,Cohorte 2026 PER,Scholar-26F3F621,UTEC,Mentoría 2,2026-05,Virtual,Sí,Medio,,"MEDIO: Calificaciones parciales bajas que lo ponen en riesgo de reprobar.
MEDIO: Está teniendo dificultades para entender más de 1 asignatura.",0,0,Bajo,,"BAJO: Duda ocasional sobre sus capacidades académicas.
BAJO: Estrés académico ocasional.",RIESGO MEDIO,Medio: 4-8 semanas,,2,1,1,1,No,MES 3,HASH-5FF79C254D4E
SCHOLAR-2CE2447FB2CA,2026-05,2026-1,MES 3,PERÚ,Mentor-AE2075FE,HASH-4CBDDF7A390D,Cohorte 2025 PER,Scholar-2CE2447F,UTEC,Mentoría 3,2026-05,Virtual,Sí,Alto,,"MEDIO: Calificaciones parciales bajas que lo ponen en riesgo de reprobar.
MEDIO: Retiró/canceló 1 o 2 materias clave el semestre anterior.",0,0,Medio,,"MEDIO: Mantiene bajo estado de ánimo o ansiedad por más de dos semanas (afecta su desempeño).
MEDIO: Muestra desinterés o dudas frecuentes sobre la beca o carrera(afecta su desempeño).",RIESGO ALTO,Alto: 8-10 semanas,3,,3,1,1,No,MES 3,HASH-90BF9AFD300B
SCHOLAR-1B8FD099F515,2026-05,2026-1,MES 3,PERÚ,Mentor-AE2075FE,HASH-4CBDDF7A390D,Cohorte 2026 PER,Scholar-1B8FD099,UPC,Mentoría 1,2026-05,Virtual,No,Bajo,,BAJO: Está teniendo dificultades para entender 1 asignaturas.,0,0,Sin alertas,,SIN ALERTA,RIESGO BAJO,Sin alertas: Seguimiento mensual,,2,1,1,1,No,MES 3,HASH-DB3E99A656E9
SCHOLAR-844B6D5B430E,2026-05,2026-1,MES 3,COLOMBIA,Mentor-F14A1035,HASH-7938F9C4972C,Cohorte 2026 COL,Scholar-844B6D5B,Universidad EIA,Mentoría 5,2026-04,Virtual,Sí,Crítico,,"ALTO: Está en riesgo real de perder el semestre.
ALTO: En riesgo de no obtener el promedio requerido (programa).",0,4,Alto,,"MEDIO: Desorganización persistente o procrastinación que afecta el rendimiento.
ALTO: Crisis emocional que afecta directamente el desempeño académico.",RIESGO ALTO,Crítico: 10-12 semanas,0,0,1,0,0,No,MES 3,HASH-94876DAF4A93
SCHOLAR-844B6D5B430E,2026-05,2026-1,MES 4,COLOMBIA,Mentor-F14A1035,HASH-7938F9C4972C,Cohorte 2026 COL,Scholar-844B6D5B,Universidad EIA,Mentoría 6,2026-05,Virtual,Sí,Crítico,,"ALTO: Pierde dos o más materias/cursos.
ALTO: En riesgo de no obtener el promedio requerido (programa).",0,4,Alto,,"MEDIO: Desorganización persistente o procrastinación que afecta el rendimiento.
ALTO: Crisis emocional que afecta directamente el desempeño académico.",RIESGO ALTO,Crítico: 10-12 semanas,3,0,3,0,1,No,MES 4,HASH-9CD28E7553FC
SCHOLAR-4C71BB8143A0,2026-05,2026-1,MES 4,COLOMBIA,Mentor-F14A1035,HASH-7938F9C4972C,Cohorte 2026 COL,Scholar-4C71BB81,Pontificia Universidad Javeriana,Mentoría 4,2026-05,Virtual,Sí,Bajo,,"BAJO: Está teniendo dificultades para entender 1 asignaturas.
MEDIO: Calificaciones parciales bajas que lo ponen en riesgo de reprobar.",0,1,Sin alertas,,SIN ALERTA,RIESGO BAJO,Medio: 4-8 semanas,2,1,1,0,0,No,MES 4,HASH-A00FCA5B44F3
SCHOLAR-56360FF40931,2026-05,2026-1,MES 4,COLOMBIA,Mentor-F14A1035,HASH-7938F9C4972C,Cohorte 2026 COL,Scholar-56360FF4,Pontificia Universidad Javeriana,Mentoría 4,2026-05,Virtual,Sí,Medio,,"MEDIO: Está perdiendo una asignatura/curso.
MEDIO: Calificaciones parciales bajas que lo ponen en riesgo de reprobar.",0,1,Sin alertas,,SIN ALERTA,RIESGO MEDIO,Medio: 4-8 semanas,4,1,1,0,0,No,MES 4,HASH-A8FC08A34153
SCHOLAR-AAB139ED070D,2026-05,2026-1,MES 4,COLOMBIA,Mentor-F14A1035,HASH-7938F9C4972C,Cohorte 2025 COL,Scholar-AAB139ED,Universidad EIA,Mentoría 4,2026-05,Virtual,Sí,Alto,,"MEDIO: Está teniendo dificultades para entender más de 1 asignatura.
MEDIO: Reprobó 1 o 2 asignaturas de cálculo/math el semestre anterior.",0,2,Bajo,,"BAJO: Se ha sentido triste, ansioso/a o desmotivado/a en los últimos días.",RIESGO ALTO,Alto: 8-10 semanas,2,0,1,0,0,No,MES 4,HASH-36172175771F
SCHOLAR-A985B6B52274,2026-05,2026-1,MES 4,COLOMBIA,Mentor-F14A1035,HASH-7938F9C4972C,Cohorte 2025 COL,Scholar-A985B6B5,Universidad EIA,Mentoría 4,2026-05,Virtual,Sí,Medio,,MEDIO: Perdió parciales cruciales en dos o más materias.,0,2,Bajo,,"BAJO: Se ha sentido triste, ansioso/a o desmotivado/a en los últimos días.
BAJO: Estrés académico ocasional.",RIESGO MEDIO,Medio: 4-8 semanas,2,0,1,0,0,No,MES 4,HASH-F5A61AB8BB77
SCHOLAR-A1BC51921E85,2026-05,2026-1,MES 4,COLOMBIA,Mentor-F14A1035,HASH-7938F9C4972C,Cohorte 2026 COL,Scholar-A1BC5192,Universidad EIA,Mentoría 4,2026-05,Virtual,Sí,Bajo,,"BAJO: Presenta 1 parcial o examen con nota desaprobatoria.
MEDIO: Está perdiendo una asignatura/curso.",0,1,Bajo,,"BAJO: Se ha sentido triste, ansioso/a o desmotivado/a en los últimos días.",RIESGO BAJO,Bajo: 4 semanas,1,0,1,0,1,No,MES 4,HASH-A0E1AA7121C1
SCHOLAR-639D5029D4A0,2026-05,2026-1,MES 4,COLOMBIA,Mentor-2ADFAAC3,HASH-E1DE72098FF3,Cohorte 2026 COL,Scholar-639D5029,Universidad de los Andes,Mentoría 4,2026-05,Virtual,No,Sin alertas,,SIN ALERTA,6,0,Sin alertas,,SIN ALERTA,SIN RIESGO,Sin alertas: Seguimiento mensual,2,0,1,0,0,No,MES 4,HASH-E8CEE4BBB53C
SCHOLAR-A2CBF9493F1C,2026-05,2026-1,MES 4,COLOMBIA,Mentor-2ADFAAC3,HASH-E1DE72098FF3,Cohorte 2026 COL,Scholar-A2CBF949,Universidad de los Andes,Mentoría 4,2026-05,Virtual,No,Bajo,,BAJO: Presenta 1 parcial o examen con nota desaprobatoria.,6,0,Sin alertas,,SIN ALERTA,RIESGO BAJO,Bajo: 4 semanas,3,0,1,0,0,No,MES 4,HASH-D9C484CBFAD1
SCHOLAR-7C2E4C8F7F1F,2026-05,2026-1,MES 4,COLOMBIA,Mentor-2ADFAAC3,HASH-E1DE72098FF3,Cohorte 2026 COL,Scholar-7C2E4C8F,Universidad de los Andes,Mentoría 4,2026-05,Virtual,No,Sin alertas,,SIN ALERTA,6,0,Sin alertas,,SIN ALERTA,SIN RIESGO,Sin alertas: Seguimiento mensual,2,0,1,0,1,No,MES 4,HASH-B9F90CB5B38D
SCHOLAR-224953FA49FC,2026-05,2026-1,MES 4,COLOMBIA,Mentor-2ADFAAC3,HASH-E1DE72098FF3,Cohorte 2026 COL,Scholar-224953FA,Universidad de los Andes,Mentoría 4,2026-05,Virtual,No,Sin alertas,,SIN ALERTA,6,0,Sin alertas,,SIN ALERTA,SIN RIESGO,Sin alertas: Seguimiento mensual,1,0,1,0,1,No,MES 4,HASH-672B8651D42A
SCHOLAR-9C5C835978AA,2026-05,2026-1,MES 4,COLOMBIA,Mentor-2ADFAAC3,HASH-E1DE72098FF3,Cohorte 2026 COL,Scholar-9C5C8359,Universidad de los Andes,Mentoría 4,2026-05,Virtual,No,Sin alertas,,SIN ALERTA,6,0,Sin alertas,,SIN ALERTA,SIN RIESGO,Sin alertas: Seguimiento mensual,2,0,1,0,1,No,MES 4,HASH-7071E7DDA097
SCHOLAR-DFE263079799,2026-05,2026-1,MES 4,COLOMBIA,Mentor-2ADFAAC3,HASH-E1DE72098FF3,Cohorte 2026 COL,Scholar-DFE26307,Universidad de los Andes,Mentoría 4,2026-05,Virtual,No,Sin alertas,,SIN ALERTA,6,0,Sin alertas,,SIN ALERTA,SIN RIESGO,Sin alertas: Seguimiento mensual,0,0,1,0,1,No,MES 4,HASH-7056D63AC944
SCHOLAR-0CECF9CF5C3B,2026-05,2026-1,MES 3,PERÚ,Mentor-9F97E727,HASH-F858B8D51425,Cohorte 2025 PER,Scholar-0CECF9CF,UTEC,Mentoría grupal 3,2026-05,Virtual,Sí,Bajo,,BAJO: Presenta 1 parcial o examen con nota desaprobatoria.,0,0,Sin alertas,,SIN ALERTA,RIESGO BAJO,Bajo: 4 semanas,,6,,1,1,No,MES 3,HASH-7DE3DEDECFB3
SCHOLAR-07D67C19DFB3,2026-05,2026-1,MES 3,PERÚ,Mentor-9F97E727,HASH-F858B8D51425,Cohorte 2025 PER,Scholar-07D67C19,UTEC,Mentoría grupal 3,2026-05,Virtual,Sí,Medio,,MEDIO: Perdió parciales cruciales en dos o más materias.,0,0,Sin alertas,,SIN ALERTA,RIESGO MEDIO,Medio: 4-8 semanas,,5,,1,1,No,MES 3,HASH-FF9BD4CCD28F
SCHOLAR-C91020B3F781,2026-05,2026-1,MES 3,PERÚ,Mentor-9F97E727,HASH-F858B8D51425,Cohorte 2025 PER,Scholar-C91020B3,UTEC,Mentoría grupal 3,2026-05,Virtual,Sí,Bajo,,BAJO: Presenta 1 parcial o examen con nota desaprobatoria.,0,0,Medio,,MEDIO: Desorganización persistente o procrastinación que afecta el rendimiento.,RIESGO MEDIO,Medio: 4-8 semanas,,5,1,1,1,No,MES 3,HASH-F31F0D72D92A
SCHOLAR-F90B5C9D5FCE,2026-05,2026-1,MES 3,PERÚ,Mentor-9F97E727,HASH-F858B8D51425,Cohorte 2025 PER,Scholar-F90B5C9D,UTEC,Mentoría grupal 3,2026-05,Virtual,Sí,Bajo,,BAJO: Presenta 1 parcial o examen con nota desaprobatoria.,0,0,Sin alertas,,SIN ALERTA,RIESGO BAJO,Bajo: 4 semanas,,,1,1,1,No,MES 3,HASH-AC650F349E9D
SCHOLAR-A05CB282264C,2026-05,2026-1,MES 3,PERÚ,Mentor-9F97E727,HASH-F858B8D51425,Cohorte 2025 PER,Scholar-A05CB282,UTEC,Mentoría grupal 3,2026-05,Virtual,Sí,Bajo,,BAJO: Presenta 1 parcial o examen con nota desaprobatoria.,0,0,Sin alertas,,SIN ALERTA,RIESGO BAJO,Bajo: 4 semanas,,6,1,1,1,No,MES 3,HASH-C934856B6D25
SCHOLAR-87962DECDE3F,2026-05,2026-1,MES 4,COLOMBIA,Mentor-F14A1035,HASH-7938F9C4972C,Cohorte 2026 COL,Scholar-87962DEC,Universidad EIA,Mentoría 4,2026-05,Virtual,Sí,Medio,,MEDIO: Calificaciones parciales bajas que lo ponen en riesgo de reprobar.,0,1,Sin alertas,,SIN ALERTA,RIESGO MEDIO,Medio: 4-8 semanas,1,0,1,0,1,No,MES 4,HASH-0F82A70F7F52
SCHOLAR-F8B14591F744,2026-05,2026-1,MES 4,COLOMBIA,Mentor-F14A1035,HASH-7938F9C4972C,Cohorte 2026 COL,Scholar-F8B14591,Pontificia Universidad Javeriana,Mentoría 5,2026-05,Virtual,Sí,Alto,,ALTO: Retiró/canceló 1 o 2 materias clave.,0,2,Medio,,"MEDIO: Mantiene bajo estado de ánimo o ansiedad por más de dos semanas (afecta su desempeño).
MEDIO: Desorganización persistente o procrastinación que afecta el rendimiento.",RIESGO ALTO,Medio: 4-8 semanas,1,1,2,0,1,No,MES 4,HASH-421D1C17BC1F
SCHOLAR-F8B14591F744,2026-05,2026-1,MES 4,COLOMBIA,Mentor-F14A1035,HASH-7938F9C4972C,Cohorte 2026 COL,Scholar-F8B14591,Pontificia Universidad Javeriana,Mentoría 5,2026-05,Virtual,Sí,Alto,,ALTO: Retiró/canceló 1 o 2 materias clave.,0,2,Bajo,,"BAJO: Se ha sentido triste, ansioso/a o desmotivado/a en los últimos días.",RIESGO ALTO,Alto: 8-10 semanas,1,1,2,0,1,No,MES 4,HASH-143BA607796E
SCHOLAR-545212696F0D,2026-05,2026-1,MES 4,COLOMBIA,Mentor-F14A1035,HASH-7938F9C4972C,Cohorte 2026 COL,Scholar-54521269,Universidad EIA,Mentoría 4,2026-05,Virtual,Sí,Bajo,,BAJO: Está teniendo dificultades para entender 1 asignaturas.,0,0,Sin alertas,,SIN ALERTA,RIESGO BAJO,Bajo: 4 semanas,0,1,1,0,0,No,MES 4,HASH-E007B4680074
SCHOLAR-A05CB282264C,2026-05,2026-1,MES 3,PERÚ,Mentor-9F97E727,HASH-F858B8D51425,Cohorte 2025 PER,Scholar-A05CB282,UTEC,Mentoría 1,2026-05,Virtual,Sí,Bajo,,BAJO: Presenta 1 parcial o examen con nota desaprobatoria.,0,0,Sin alertas,,SIN ALERTA,RIESGO BAJO,Bajo: 4 semanas,,6,1,1,1,No,MES 3,HASH-FBBE3CA20CFE
SCHOLAR-7ACB94937FDF,2026-05,2026-1,MES 4,COLOMBIA,Mentor-F14A1035,HASH-7938F9C4972C,Cohorte 2026 COL,Scholar-7ACB9493,Universidad EIA,Mentoría 4,2026-05,Virtual,No,Sin alertas,,SIN ALERTA,0,0,Sin alertas,,SIN ALERTA,SIN RIESGO,Sin alertas: Seguimiento mensual,2,0,1,0,1,No,MES 4,HASH-DDAD0730A019
SCHOLAR-C91020B3F781,2026-05,2026-1,MES 3,PERÚ,Mentor-9F97E727,HASH-F858B8D51425,Cohorte 2025 PER,Scholar-C91020B3,UTEC,Mentoría 1,2026-05,Virtual,Sí,Bajo,,BAJO: Presenta 1 parcial o examen con nota desaprobatoria.,0,0,Medio,,MEDIO: Desorganización persistente o procrastinación que afecta el rendimiento.,RIESGO MEDIO,Medio: 4-8 semanas,,5,1,1,1,No,MES 3,HASH-17D4A93DAB7F
SCHOLAR-A3EB842AB1A7,2026-05,2026-1,MES 3,PERÚ,Mentor-AE2075FE,HASH-4CBDDF7A390D,Cohorte 2025 PER,Scholar-A3EB842A,UTEC,Mentoría 1,2026-05,Virtual,No,Bajo,,BAJO: Presenta 1 parcial o examen con nota desaprobatoria.,0,0,Sin alertas,,SIN ALERTA,RIESGO BAJO,Bajo: 4 semanas,,,1,,1,No,MES 3,HASH-9F692B689847
SCHOLAR-F90B5C9D5FCE,2026-05,2026-1,MES 3,PERÚ,Mentor-9F97E727,HASH-F858B8D51425,Cohorte 2025 PER,Scholar-F90B5C9D,UTEC,Mentoría 1,2026-05,Virtual,Sí,Bajo,,BAJO: Presenta 1 parcial o examen con nota desaprobatoria.,0,0,Sin alertas,,SIN ALERTA,RIESGO BAJO,Bajo: 4 semanas,,,1,1,1,No,MES 3,HASH-E32012CC8311
SCHOLAR-FDD0C2DA3EC1,2026-05,2026-1,MES 4,COLOMBIA,Mentor-2ADFAAC3,HASH-E1DE72098FF3,Cohorte 2026 COL,Scholar-FDD0C2DA,Universidad de los Andes,Mentoría 4,2026-05,Virtual,No,Sin alertas,,SIN ALERTA,6,0,Sin alertas,,SIN ALERTA,SIN RIESGO,Sin alertas: Seguimiento mensual,2,0,1,0,1,No,MES 4,HASH-383331C90337
SCHOLAR-16532EDAC529,2026-05,2026-1,MES 4,COLOMBIA,Mentor-F14A1035,HASH-7938F9C4972C,Cohorte 2026 COL,Scholar-16532EDA,Universidad EIA,Mentoría 4,2026-05,Virtual,No,Sin alertas,,SIN ALERTA,0,0,Sin alertas,,SIN ALERTA,SIN RIESGO,Sin alertas: Seguimiento mensual,0,0,1,0,0,No,MES 4,HASH-0CE8B41372AE
SCHOLAR-3FDB0A1C29B7,2026-05,2026-1,MES 4,COLOMBIA,Mentor-F14A1035,HASH-7938F9C4972C,Cohorte 2025 COL,Scholar-3FDB0A1C,Universidad EIA,Mentoría 4,2026-05,Virtual,Sí,Medio,,MEDIO: Perdió parciales cruciales en dos o más materias.,0,2,Sin alertas,,SIN ALERTA,RIESGO MEDIO,Medio: 4-8 semanas,1,0,1,0,1,No,MES 4,HASH-215A8082B3B9
SCHOLAR-07A88DB490DF,2026-05,2026-1,MES 4,COLOMBIA,Mentor-F14A1035,HASH-7938F9C4972C,Cohorte 2025 COL,Scholar-07A88DB4,Pontificia Universidad Javeriana,Mentoría 4,2026-05,Virtual,Sí,Medio,,"MEDIO: Calificaciones parciales bajas que lo ponen en riesgo de reprobar.
MEDIO: Reprobó 1 o 2 asignaturas de cálculo/math el semestre anterior.",0,1,Sin alertas,,SIN ALERTA,RIESGO MEDIO,Medio: 4-8 semanas,0,0,1,1,0,No,MES 4,HASH-3B1287E94E06
SCHOLAR-501E11345DBD,2026-05,2026-1,MES 4,COLOMBIA,Mentor-F14A1035,HASH-7938F9C4972C,Cohorte 2026 COL,Scholar-501E1134,Universidad EIA,Mentoría 4,2026-05,Virtual,No,Sin alertas,,SIN ALERTA,0,0,Sin alertas,,SIN ALERTA,SIN RIESGO,Sin alertas: Seguimiento mensual,0,0,1,0,0,No,MES 4,HASH-77AE895F3A4E
SCHOLAR-EA029A0964AA,2026-05,2026-1,MES 4,COLOMBIA,Mentor-F14A1035,HASH-7938F9C4972C,Cohorte 2026 COL,Scholar-EA029A09,Universidad EIA,Mentoría 4,2026-05,Virtual,Sí,Medio,,MEDIO: Está perdiendo una asignatura/curso.,0,1,Sin alertas,,SIN ALERTA,RIESGO MEDIO,Medio: 4-8 semanas,1,0,1,0,0,No,MES 4,HASH-AE102BD041E6
SCHOLAR-0D4426F66090,2026-05,2026-1,MES 4,COLOMBIA,Mentor-2ADFAAC3,HASH-E1DE72098FF3,Cohorte 2026 COL,Scholar-0D4426F6,Universidad de los Andes,Mentoría 4,2026-05,Virtual,Sí,Alto,,ALTO: En riesgo de no obtener el promedio requerido (programa).,6,2,Bajo,,BAJO: Duda ocasional sobre sus capacidades académicas.,RIESGO ALTO,Alto: 8-10 semanas,2,1,1,0,1,No,MES 4,HASH-A3A4EEB091CC
SCHOLAR-7CF2E2274BFA,2026-05,2026-1,MES 4,COLOMBIA,Mentor-2ADFAAC3,HASH-E1DE72098FF3,Cohorte 2026 COL,Scholar-7CF2E227,Universidad de los Andes,Mentoría 4,2026-05,Virtual,No,Bajo,,ALTO: Pierde dos o más materias/cursos.,6,1,Bajo,,BAJO: Estrés académico ocasional.,RIESGO BAJO,Bajo: 4 semanas,1,1,1,0,0,No,MES 4,HASH-F1D674E4B455
SCHOLAR-AFDBEB2164D1,2026-05,2026-1,MES 4,COLOMBIA,Mentor-2ADFAAC3,HASH-E1DE72098FF3,Cohorte 2026 COL,Scholar-AFDBEB21,Universidad de los Andes,Mentoría 4,2026-05,Virtual,No,Bajo,,"BAJO: Presenta 1 parcial o examen con nota desaprobatoria.
BAJO: Tiene dificultades en hábitos y métodos de estudio.",6,1,Sin alertas,,SIN ALERTA,RIESGO BAJO,Bajo: 4 semanas,1,0,1,0,1,No,MES 4,HASH-01E05ADF7D0D
SCHOLAR-C4B43670F064,2026-05,2026-1,MES 4,COLOMBIA,Mentor-2ADFAAC3,HASH-E1DE72098FF3,Cohorte 2026 COL,Scholar-C4B43670,Universidad de los Andes,Mentoría 4,2026-05,Virtual,No,Medio,,MEDIO: Está perdiendiendo más de 1 asignatura/curso.,6,1,Sin alertas,,SIN ALERTA,RIESGO MEDIO,Medio: 4-8 semanas,3,0,1,0,1,No,MES 4,HASH-39DAE817800A
SCHOLAR-5C11522B98B9,2026-05,2026-1,MES 4,COLOMBIA,Mentor-2ADFAAC3,HASH-E1DE72098FF3,Cohorte 2026 COL,Scholar-5C11522B,Universidad de los Andes,Mentoría 4,2026-05,Virtual,No,Sin alertas,,SIN ALERTA,6,0,Sin alertas,,SIN ALERTA,SIN RIESGO,Sin alertas: Seguimiento mensual,5,0,1,0,0,No,MES 4,HASH-6DD496C7F94A
SCHOLAR-96AF29D30254,2026-05,2026-1,MES 4,COLOMBIA,Mentor-2ADFAAC3,HASH-E1DE72098FF3,Cohorte 2026 COL,Scholar-96AF29D3,Universidad de los Andes,Mentoría 4,2026-05,Virtual,No,Bajo,,BAJO: Presenta 1 parcial o examen con nota desaprobatoria.,6,0,Sin alertas,,SIN ALERTA,RIESGO BAJO,Bajo: 4 semanas,3,0,1,0,0,No,MES 4,HASH-4587E7EB4B17
SCHOLAR-67D28FC32E1A,2026-05,2026-1,MES 4,COLOMBIA,Mentor-2ADFAAC3,HASH-E1DE72098FF3,Cohorte 2026 COL,Scholar-67D28FC3,Universidad del Norte,Mentoría 4,2026-05,Virtual,No,Sin alertas,,SIN ALERTA,6,0,Sin alertas,,SIN ALERTA,SIN RIESGO,Sin alertas: Seguimiento mensual,1,1,1,0,1,No,MES 4,HASH-6A988E72DBB7
SCHOLAR-34F8AC22115C,2026-05,2026-1,MES 4,COLOMBIA,Mentor-2ADFAAC3,HASH-E1DE72098FF3,Cohorte 2026 COL,Scholar-34F8AC22,Universidad del Norte,Mentoría 4,2026-05,Virtual,No,Sin alertas,,SIN ALERTA,6,0,Sin alertas,,SIN ALERTA,SIN RIESGO,Sin alertas: Seguimiento mensual,0,1,1,0,1,No,MES 4,HASH-B682CD147A09
SCHOLAR-3F3C2B416ADA,2026-05,2026-1,MES 4,COLOMBIA,Mentor-2ADFAAC3,HASH-E1DE72098FF3,Cohorte 2026 COL,Scholar-3F3C2B41,Universidad de los Andes,Mentoría 4,2026-05,Virtual,No,Medio,,MEDIO: Está perdiendiendo más de 1 asignatura/curso.,6,1,Bajo,,"BAJO: Se ha sentido triste, ansioso/a o desmotivado/a en los últimos días.",RIESGO MEDIO,Medio: 4-8 semanas,2,0,1,0,0,No,MES 4,HASH-AAA3D2806F77
SCHOLAR-EA2C0BD7FF58,2026-05,2026-1,MES 4,COLOMBIA,Mentor-2ADFAAC3,HASH-E1DE72098FF3,Cohorte 2026 COL,Scholar-EA2C0BD7,Universidad de los Andes,Mentoría 4,2026-05,Virtual,No,Sin alertas,,SIN ALERTA,6,0,Sin alertas,,SIN ALERTA,SIN RIESGO,Sin alertas: Seguimiento mensual,0,0,1,0,0,No,MES 4,HASH-3D917BB11459
SCHOLAR-45C567D56777,2026-05,2026-1,MES 4,COLOMBIA,Mentor-2ADFAAC3,HASH-E1DE72098FF3,Cohorte 2026 COL,Scholar-45C567D5,Universidad de los Andes,Mentoría 4,2026-05,Virtual,No,Sin alertas,,SIN ALERTA,6,0,Sin alertas,,SIN ALERTA,SIN RIESGO,Sin alertas: Seguimiento mensual,1,0,1,0,1,No,MES 4,HASH-4C1BCEE6FE01
SCHOLAR-A7AD4C0B1060,2026-05,2026-1,MES 4,COLOMBIA,Mentor-2ADFAAC3,HASH-E1DE72098FF3,Cohorte 2026 COL,Scholar-A7AD4C0B,Universidad de los Andes,Mentoría 4,2026-05,Virtual,No,Sin alertas,,SIN ALERTA,6,0,Sin alertas,,SIN ALERTA,SIN RIESGO,Sin alertas: Seguimiento mensual,2,0,1,0,0,No,MES 4,HASH-E8C9B1A93C74
SCHOLAR-E48E6AEED740,2026-05,2026-1,MES 4,COLOMBIA,Mentor-2ADFAAC3,HASH-E1DE72098FF3,Cohorte 2026 COL,Scholar-E48E6AEE,Universidad del Norte,Mentoría 4,2026-05,Virtual,No,Sin alertas,,SIN ALERTA,6,0,Sin alertas,,SIN ALERTA,SIN RIESGO,Sin alertas: Seguimiento mensual,0,1,1,0,0,No,MES 4,HASH-76B21BEC722D
SCHOLAR-3F49A50AF900,2026-05,2026-1,MES 4,COLOMBIA,Mentor-2ADFAAC3,HASH-E1DE72098FF3,Cohorte 2026 COL,Scholar-3F49A50A,Universidad de los Andes,Mentoría 4,2026-05,Virtual,No,Medio,,MEDIO: Está perdiendo una asignatura/curso.,6,1,Sin alertas,,SIN ALERTA,RIESGO MEDIO,Medio: 4-8 semanas,1,0,1,0,1,No,MES 4,HASH-F874DB51FDFD
SCHOLAR-B51DE52246DE,2026-05,2026-1,MES 3,PERÚ,Mentor-16D91A6D,HASH-557A8A6E085C,Cohorte 2025 PER,Scholar-B51DE522,UTEC,Mentoría 3,2026-05,Virtual,No,Medio,,MEDIO: Perdió parciales cruciales en dos o más materias.,5,0,Bajo,,BAJO: Estrés académico ocasional.,RIESGO MEDIO,Medio: 4-8 semanas,,8,3,1,1,No,MES 3,HASH-04AA7A7F99B6
SCHOLAR-73D5611DBD4C,2026-05,2026-1,MES 3,PERÚ,Mentor-16D91A6D,HASH-557A8A6E085C,Cohorte 2025 PER,Scholar-73D5611D,UTEC,Mentoría 3,2026-05,Virtual,Sí,Medio,,MEDIO: Está teniendo dificultades para entender más de 1 asignatura.,5,0,Bajo,,"BAJO: Duda ocasional sobre sus capacidades académicas.
BAJO: Estrés académico ocasional.",RIESGO MEDIO,Medio: 4-8 semanas,,,2,1,1,No,MES 3,HASH-3D5261578FF0
SCHOLAR-82AF52B0C1EA,2026-05,2026-1,MES 3,PERÚ,Mentor-16D91A6D,HASH-557A8A6E085C,Cohorte 2025 PER,Scholar-82AF52B0,UTEC,Mentoría 3,2026-05,Virtual,Sí,Medio,,"MEDIO: Está teniendo dificultades para entender más de 1 asignatura.
MEDIO: No tiene buenos métodos ni hábitos de estudio.",5,0,Alto,,MEDIO: Desorganización persistente o procrastinación que afecta el rendimiento.,RIESGO ALTO,Alto: 8-10 semanas,9,9,4,1,1,No,MES 3,HASH-CFF81A425308
SCHOLAR-5578D789BF0A,2026-05,2026-1,MES 3,PERÚ,Mentor-16D91A6D,HASH-557A8A6E085C,Cohorte 2025 PER,Scholar-5578D789,UTEC,Mentoría 3,2026-05,Virtual,Sí,Medio,,MEDIO: Perdió parciales cruciales en dos o más materias.,5,0,Bajo,,BAJO: Estrés académico ocasional.,RIESGO MEDIO,Alto: 8-10 semanas,9,9,4,1,1,No,MES 3,HASH-8BB8DF100A2A
SCHOLAR-1A9EC95C0C74,2026-05,2026-1,MES 3,PERÚ,Mentor-16D91A6D,HASH-557A8A6E085C,Cohorte 2025 PER,Scholar-1A9EC95C,UTEC,Mentoría 3,2026-05,Virtual,Sí,Medio,,MEDIO: Perdió parciales cruciales en dos o más materias.,5,0,Bajo,,BAJO: Estrés académico ocasional.,RIESGO MEDIO,Medio: 4-8 semanas,,10,3,1,1,No,MES 3,HASH-3E6329B09E2F
SCHOLAR-CFC72B6E041A,2026-05,2026-1,MES 3,PERÚ,Mentor-16D91A6D,HASH-557A8A6E085C,Cohorte 2025 PER,Scholar-CFC72B6E,UTEC,Mentoría 3,2026-05,Virtual,Sí,Medio,,MEDIO: Está teniendo dificultades para entender más de 1 asignatura.,5,0,Medio,,"BAJO: Estrés académico ocasional.
MEDIO: Desorganización persistente o procrastinación que afecta el rendimiento.",RIESGO MEDIO,Medio: 4-8 semanas,,9,4,1,1,No,MES 3,HASH-116CC9D4759D
SCHOLAR-552D7FF8ECB9,2026-05,2026-1,MES 3,PERÚ,Mentor-16D91A6D,HASH-557A8A6E085C,Cohorte 2025 PER,Scholar-552D7FF8,UTEC,Mentoría 3,2026-05,Virtual,No,Bajo,,BAJO: Presenta 1 parcial o examen con nota desaprobatoria.,5,0,Medio,,MEDIO: Mantiene bajo estado de ánimo o ansiedad por más de dos semanas (afecta su desempeño).,RIESGO MEDIO,Medio: 4-8 semanas,,,4,1,1,No,MES 3,HASH-6166394E2B08
SCHOLAR-9666A95203A8,2026-05,2026-1,MES 3,PERÚ,Mentor-16D91A6D,HASH-557A8A6E085C,Cohorte 2025 PER,Scholar-9666A952,UTEC,Mentoría 3,2026-05,Virtual,Sí,Alto,,MEDIO: Perdió parciales cruciales en dos o más materias.,5,1,Medio,,"BAJO: Duda ocasional sobre sus capacidades académicas.
BAJO: Estrés académico ocasional.",RIESGO ALTO,Medio: 4-8 semanas,,9,3,1,,No,MES 3,HASH-B0CEAA1753C2
SCHOLAR-45C487A6CCDB,2026-05,2026-1,MES 3,PERÚ,Mentor-AE2075FE,HASH-4CBDDF7A390D,Cohorte 2025 PER,Scholar-45C487A6,UTEC,Mentoría 1,2026-05,Virtual,Sí,Alto,,"MEDIO: No tiene buenos métodos ni hábitos de estudio.
ALTO: Pierde dos o más materias/cursos.",0,0,Medio,,MEDIO: Desorganización persistente o procrastinación que afecta el rendimiento.,RIESGO ALTO,Alto: 8-10 semanas,,2,1,1,1,No,MES 3,HASH-AE885AA54F0A
SCHOLAR-A26DAD3B7F39,2026-05,2026-1,MES 3,PERÚ,Mentor-AE2075FE,HASH-4CBDDF7A390D,Cohorte 2026 PER,Scholar-A26DAD3B,UPC,Mentoría 1,2026-05,Virtual,No,Sin alertas,,SIN ALERTA,0,0,Sin alertas,,SIN ALERTA,SIN RIESGO,Sin alertas: Seguimiento mensual,2,2,1,1,1,No,MES 3,HASH-343E9410527E
SCHOLAR-7200CAC79F5E,2026-05,2026-1,MES 3,PERÚ,Mentor-AE2075FE,HASH-4CBDDF7A390D,Cohorte 2026 PER,Scholar-7200CAC7,UPC,Mentoría 2,2026-05,Virtual,No,Sin alertas,,SIN ALERTA,0,0,Sin alertas,,SIN ALERTA,SIN RIESGO,Sin alertas: Seguimiento mensual,,3,1,1,1,No,MES 3,HASH-B9514CACDFA9
SCHOLAR-33525D1346DD,2026-05,2026-1,MES 3,PERÚ,Mentor-AE2075FE,HASH-4CBDDF7A390D,Cohorte 2026 PER,Scholar-33525D13,UPC,Mentoría 2,2026-05,Virtual,No,Bajo,,"BAJO: Presenta 1 parcial o examen con nota desaprobatoria.
BAJO: Está teniendo dificultades para entender 1 asignaturas.",0,0,Sin alertas,,SIN ALERTA,RIESGO BAJO,Bajo: 4 semanas,,3,1,1,1,No,MES 2,HASH-3DBD17B62909
SCHOLAR-9ADBDB8814AC,2026-05,2026-1,MES 3,PERÚ,Mentor-16D91A6D,HASH-557A8A6E085C,Cohorte 2025 PER,Scholar-9ADBDB88,UTEC,Mentoría 3,2026-05,Virtual,Sí,Medio,,MEDIO: Perdió parciales cruciales en dos o más materias.,5,2,Bajo,,BAJO: Estrés académico ocasional.,RIESGO MEDIO,Medio: 4-8 semanas,,9,3,1,,No,MES 3,HASH-CA5C801BE7D1
SCHOLAR-4ABEEA0E0BD3,2026-05,2026-1,MES 3,PERÚ,Mentor-16D91A6D,HASH-557A8A6E085C,Cohorte 2026 PER,Scholar-4ABEEA0E,UTEC,Mentoría 3,2026-05,Virtual,No,Bajo,,BAJO: Presenta 1 parcial o examen con nota desaprobatoria.,5,0,Bajo,,BAJO: Estrés académico ocasional.,RIESGO BAJO,Bajo: 4 semanas,1,9,2,1,1,No,MES 3,HASH-F4180777BC50
SCHOLAR-5B3485209C81,2026-05,2026-1,MES 3,PERÚ,Mentor-16D91A6D,HASH-84635EF5D43D,Cohorte 2026 PER,Scholar-5B348520,UTEC,Mentoría 3,2026-05,Virtual,Sí,Medio,,"MEDIO: Perdió parciales cruciales en dos o más materias.
MEDIO: Calificaciones parciales bajas que lo ponen en riesgo de reprobar.",3,2,Medio,,BAJO: Estrés académico ocasional.,RIESGO MEDIO,Medio: 4-8 semanas,,,3,1,1,No,MES 3,HASH-BCA3852D0DCE
SCHOLAR-07464BA86073,2026-05,2026-1,MES 3,PERÚ,Mentor-16D91A6D,HASH-557A8A6E085C,Cohorte 2026 PER,Scholar-07464BA8,UTEC,Mentoría 3,2026-10,Virtual,Sí,Medio,,MEDIO: Está perdiendiendo más de 1 asignatura/curso.,4,1,Medio,,BAJO: Estrés académico ocasional.,RIESGO MEDIO,Medio: 4-8 semanas,8,9,3,1,1,No,MES 3,HASH-E05419F9EFD0
SCHOLAR-4EC81CE0D757,2026-05,2026-1,MES 3,PERÚ,Mentor-16D91A6D,HASH-557A8A6E085C,Cohorte 2026 PER,Scholar-4EC81CE0,UTEC,Mentoría 3,2026-05,Virtual,No,Bajo,,SIN ALERTA,5,0,Sin alertas,,SIN ALERTA,RIESGO BAJO,Bajo: 4 semanas,,,2,1,1,No,MES 3,HASH-2E56868AB56A
SCHOLAR-CB038A22CC30,2026-05,2026-1,MES 3,PERÚ,Mentor-16D91A6D,HASH-557A8A6E085C,Cohorte 2026 PER,Scholar-CB038A22,UTEC,Mentoría 3,2026-05,Virtual,No,Sin alertas,,SIN ALERTA,5,0,Sin alertas,,SIN ALERTA,SIN RIESGO,Sin alertas: Seguimiento mensual,,,2,1,1,No,MES 3,HASH-BC27ED497A99
SCHOLAR-D73B41074B4F,2026-05,2026-1,MES 3,PERÚ,Mentor-16D91A6D,HASH-557A8A6E085C,Cohorte 2026 PER,Scholar-D73B4107,UTEC,Mentoría 3,2026-05,Virtual,No,Sin alertas,,SIN ALERTA,5,0,Sin alertas,,SIN ALERTA,SIN RIESGO,Sin alertas: Seguimiento mensual,,,2,1,1,No,MES 3,HASH-1BC58F9BDB41
SCHOLAR-23FD3F77423A,2026-05,2026-1,MES 3,PERÚ,Mentor-16D91A6D,HASH-557A8A6E085C,Cohorte 2026 PER,Scholar-23FD3F77,UTEC,Mentoría 3,2026-05,Virtual,No,Sin alertas,,SIN ALERTA,5,0,Medio,,BAJO: Estrés académico ocasional.,RIESGO MEDIO,Medio: 4-8 semanas,,,4,1,1,No,MES 3,HASH-BBDB4F5D022E
SCHOLAR-F82109761B57,2026-05,2026-1,MES 3,PERÚ,Mentor-16D91A6D,HASH-557A8A6E085C,Cohorte 2026 PER,Scholar-F8210976,UTEC,Mentoría 3,2026-05,Virtual,No,Medio,,MEDIO: Calificaciones parciales bajas que lo ponen en riesgo de reprobar.,3,2,Bajo,,BAJO: Estrés académico ocasional.,RIESGO MEDIO,Medio: 4-8 semanas,,8,2,1,1,No,MES 3,HASH-FF77B8A4B7C7
SCHOLAR-2CE17FA8ED48,2026-05,2026-1,MES 3,PERÚ,Mentor-16D91A6D,HASH-557A8A6E085C,Cohorte 2026 PER,Scholar-2CE17FA8,UTEC,Mentoría 3,2026-05,Virtual,No,Bajo,,BAJO: Presenta 1 parcial o examen con nota desaprobatoria.,4,1,Sin alertas,,SIN ALERTA,RIESGO BAJO,Bajo: 4 semanas,,8,2,1,1,No,MES 3,HASH-269C843EC858
SCHOLAR-DF991B4888B7,2026-05,2026-1,MES 3,PERÚ,Mentor-16D91A6D,HASH-557A8A6E085C,Cohorte 2026 PER,Scholar-DF991B48,UTEC,Mentoría 3,2026-05,Virtual,No,Bajo,,BAJO: Está teniendo dificultades para entender 1 asignaturas.,4,1,Sin alertas,,SIN ALERTA,RIESGO BAJO,Bajo: 4 semanas,,,2,1,1,No,MES 3,HASH-4A4358405F0E
SCHOLAR-B4DC85CB13A3,2026-05,2026-1,MES 3,PERÚ,Mentor-16D91A6D,HASH-557A8A6E085C,Cohorte 2026 PER,Scholar-B4DC85CB,UTEC,Mentoría 3,2026-05,Virtual,No,Bajo,,BAJO: Está teniendo dificultades para entender 1 asignaturas.,5,0,Sin alertas,,BAJO: Duda ocasional sobre sus capacidades académicas.,RIESGO BAJO,Sin alertas: Seguimiento mensual,,,2,1,1,No,MES 3,HASH-97E7119D1B99
SCHOLAR-B4DC85CB13A3,2026-05,2026-1,MES 3,PERÚ,Mentor-16D91A6D,HASH-557A8A6E085C,Cohorte 2026 PER,Scholar-B4DC85CB,UTEC,Mentoría 3,2026-05,Virtual,No,Bajo,,BAJO: Presenta 1 parcial o examen con nota desaprobatoria.,5,0,Bajo,,BAJO: Estrés académico ocasional.,RIESGO BAJO,Bajo: 4 semanas,,8,2,3,1,No,MES 3,HASH-449C216DAC69
SCHOLAR-3BB386216063,2026-05,2026-1,MES 3,PERÚ,Mentor-16D91A6D,HASH-557A8A6E085C,Cohorte 2026 PER,Scholar-3BB38621,UTEC,Mentoría 3,2026-05,Virtual,Sí,Medio,,MEDIO: Reprobó 1 o 2 asignaturas de cálculo/math el semestre anterior.,4,1,Medio,,MEDIO: Desorganización persistente o procrastinación que afecta el rendimiento.,RIESGO MEDIO,Medio: 4-8 semanas,,8,3,1,1,No,MES 3,HASH-E4746835E578
SCHOLAR-AFC08FE24D64,2026-05,2026-1,MES 3,PERÚ,Mentor-16D91A6D,HASH-557A8A6E085C,Cohorte 2026 PER,Scholar-AFC08FE2,UTEC,Mentoría 3,2026-05,Virtual,Sí,Medio,,MEDIO: Está teniendo dificultades para entender más de 1 asignatura.,3,3,Medio,,"BAJO: Estrés académico ocasional.
MEDIO: Desorganización persistente o procrastinación que afecta el rendimiento.",RIESGO MEDIO,Medio: 4-8 semanas,,8,2,1,1,No,MES 3,HASH-6E6CBD8ED11D
SCHOLAR-ED374F9778A5,2026-05,2026-1,MES 3,PERÚ,Mentor-16D91A6D,HASH-557A8A6E085C,Cohorte 2026 PER,Scholar-ED374F97,UTEC,Mentoría 3,2026-05,Virtual,No,Bajo,,BAJO: Está teniendo dificultades para entender 1 asignaturas.,5,0,Sin alertas,,SIN ALERTA,RIESGO BAJO,Sin alertas: Seguimiento mensual,,9,2,1,1,No,MES 3,HASH-D66BDC63A14C
SCHOLAR-4500335623AC,2026-05,2026-1,MES 3,PERÚ,Mentor-16D91A6D,HASH-557A8A6E085C,Cohorte 2026 PER,Scholar-45003356,UTEC,Mentoría 3,2026-05,Virtual,No,Medio,,MEDIO: Está teniendo dificultades para entender más de 1 asignatura.,3,2,Medio,,"BAJO: Estrés académico ocasional.
MEDIO: Mantiene bajo estado de ánimo o ansiedad por más de dos semanas (afecta su desempeño).",RIESGO MEDIO,Medio: 4-8 semanas,,8,4,1,,No,MES 3,HASH-95990645822B
SCHOLAR-C048EC2BE89E,2026-05,2026-1,MES 3,PERÚ,Mentor-16D91A6D,HASH-557A8A6E085C,Cohorte 2026 PER,Scholar-C048EC2B,UTEC,Mentoría 3,2026-05,Virtual,No,Sin alertas,,SIN ALERTA,5,0,Sin alertas,,SIN ALERTA,SIN RIESGO,Bajo: 4 semanas,,8,2,1,1,No,MES 3,HASH-16D087774C39
SCHOLAR-AD02EAC9DC9D,2026-05,2026-1,MES 3,PERÚ,Mentor-16D91A6D,HASH-557A8A6E085C,Cohorte 2026 PER,Scholar-AD02EAC9,UTEC,Mentoría 3,2026-05,Virtual,No,Sin alertas,,SIN ALERTA,5,0,Sin alertas,,SIN ALERTA,SIN RIESGO,Bajo: 4 semanas,,8,2,1,1,No,MES 3,HASH-F43607AD6BBE
SCHOLAR-211868B9C2B9,2026-05,2026-1,MES 3,PERÚ,Mentor-AE2075FE,HASH-4CBDDF7A390D,Cohorte 2026 PER,Scholar-211868B9,UPC,Mentoría 1,2026-05,Virtual,No,Sin alertas,,SIN ALERTA,0,0,Bajo,,BAJO: Desacuerdos familiares o relacionales.,RIESGO BAJO,Sin alertas: Seguimiento mensual,,4,1,1,1,No,MES 3,HASH-2FDB37C122A5
SCHOLAR-F6CA9692C37E,2026-05,2026-1,MES 3,PERÚ,Mentor-AE2075FE,HASH-4CBDDF7A390D,Cohorte 2026 PER,Scholar-F6CA9692,UPC,Mentoría 2,2026-05,Virtual,Sí,Medio,,MEDIO: Está teniendo dificultades para entender más de 1 asignatura.,0,0,Bajo,,"BAJO: Duda ocasional sobre sus capacidades académicas.
BAJO: Se ha sentido triste, ansioso/a o desmotivado/a en los últimos días.",RIESGO MEDIO,Medio: 4-8 semanas,,4,1,1,1,No,MES 3,HASH-C777ABE59087
SCHOLAR-33525D1346DD,2026-05,2026-1,MES 3,PERÚ,Mentor-AE2075FE,HASH-4CBDDF7A390D,Cohorte 2026 PER,Scholar-33525D13,UPC,Mentoría 2,2026-05,Virtual,No,Bajo,,BAJO: Presenta 1 parcial o examen con nota desaprobatoria.,0,0,Bajo,,BAJO: Estrés académico ocasional.,RIESGO BAJO,Bajo: 4 semanas,1,3,1,1,1,No,MES 3,HASH-C3DC2E4C040D
SCHOLAR-97479C739ED8,2026-05,2026-1,MES 3,PERÚ,Mentor-AE2075FE,HASH-4CBDDF7A390D,Cohorte 2026 PER,Scholar-97479C73,UPC,Mentoría 1,2026-05,Virtual,No,Bajo,,"BAJO: Presenta 1 parcial o examen con nota desaprobatoria.
BAJO: Está teniendo dificultades para entender 1 asignaturas.",0,0,Bajo,,BAJO: Duda ocasional sobre sus capacidades académicas.,RIESGO BAJO,Bajo: 4 semanas,,2,1,1,1,No,MES 3,HASH-BC117534CBCC
SCHOLAR-67B4E5C29BC3,2026-05,2026-1,MES 3,PERÚ,Mentor-AE2075FE,HASH-4CBDDF7A390D,Cohorte 2026 PER,Scholar-67B4E5C2,UPC,Mentoría 1,2026-05,Virtual,No,Sin alertas,,SIN ALERTA,0,0,Sin alertas,,SIN ALERTA,SIN RIESGO,Sin alertas: Seguimiento mensual,,4,1,1,1,No,MES 3,HASH-F28A301EC6E7
SCHOLAR-759BBB2BAD28,2026-05,2026-1,MES 3,PERÚ,Mentor-AE2075FE,HASH-4CBDDF7A390D,Cohorte 2026 PER,Scholar-759BBB2B,UPC,Mentoría 2,2026-05,Virtual,No,Sin alertas,,SIN ALERTA,0,0,Sin alertas,,SIN ALERTA,SIN RIESGO,Sin alertas: Seguimiento mensual,,4,1,1,1,No,MES 3,HASH-E80AA6C1BFEF
SCHOLAR-ADFFB30281FB,2026-05,2026-1,MES 3,PERÚ,Mentor-AE2075FE,HASH-4CBDDF7A390D,Cohorte 2026 PER,Scholar-ADFFB302,UPC,Mentoría 2,2026-05,Virtual,No,Bajo,,BAJO: Presenta 1 parcial o examen con nota desaprobatoria.,0,0,Sin alertas,,SIN ALERTA,RIESGO BAJO,Sin alertas: Seguimiento mensual,,4,1,1,1,No,MES 3,HASH-42FCD14433B9
SCHOLAR-33581B98C2AF,2026-05,2026-1,MES 3,PERÚ,Mentor-AE2075FE,HASH-4CBDDF7A390D,Cohorte 2026 PER,Scholar-33581B98,UPC,Mentoría 2,2026-05,Virtual,Sí,Medio,,MEDIO: Calificaciones parciales bajas que lo ponen en riesgo de reprobar.,0,0,Bajo,,"BAJO: Duda ocasional sobre sus capacidades académicas.
BAJO: Estrés académico ocasional.",RIESGO MEDIO,Medio: 4-8 semanas,,4,1,1,1,No,MES 3,HASH-DD976EDB968E
SCHOLAR-3CA5988BFD5A,2026-05,2026-1,MES 3,PERÚ,Mentor-AE2075FE,HASH-4CBDDF7A390D,Cohorte 2026 PER,Scholar-3CA5988B,UPC,Mentoría 2,2026-05,Virtual,Sí,Medio,,"MEDIO: Calificaciones parciales bajas que lo ponen en riesgo de reprobar.
MEDIO: Está teniendo dificultades para entender más de 1 asignatura.",0,0,Bajo,,BAJO: Estrés académico ocasional.,RIESGO MEDIO,Medio: 4-8 semanas,1,6,1,1,1,No,MES 3,HASH-73578FD89F97
SCHOLAR-CE2D5F2BFC89,2026-06,2026-1,MES 4,COLOMBIA,Mentor-7C4B3EAC,HASH-A4B52B5B9CB9,Cohorte 2025 COL,Scholar-CE2D5F2B,Universidad Icesi,Mentoría 4,2026-01,Virtual,No,Sin alertas,,SIN ALERTA,0,0,Sin alertas,,SIN ALERTA,SIN RIESGO,Sin alertas: Seguimiento mensual,0,0,1,0,0,No,MES 4,HASH-3A893B064972
SCHOLAR-3E9AE4C9F04D,2026-06,2026-1,MES 4,COLOMBIA,Mentor-7C4B3EAC,HASH-A4B52B5B9CB9,Cohorte 2025 COL,Scholar-3E9AE4C9,Universidad EAFIT,Mentoría 4,2026-01,Virtual,No,Sin alertas,,SIN ALERTA,5,0,Sin alertas,,SIN ALERTA,SIN RIESGO,Sin alertas: Seguimiento mensual,0,0,1,0,0,No,MES 4,HASH-7361DA235780
SCHOLAR-12A9656BFEFA,2026-06,2026-1,MES 4,COLOMBIA,Mentor-2ADFAAC3,HASH-E1DE72098FF3,Cohorte 2026 COL,Scholar-12A9656B,Universidad del Norte,Mentoría 4,2026-01,Virtual,No,Sin alertas,,SIN ALERTA,6,0,Sin alertas,,SIN ALERTA,SIN RIESGO,Sin alertas: Seguimiento mensual,0,1,1,0,1,No,MES 4,HASH-52C6044A2A86
SCHOLAR-323746906800,2026-06,2026-1,MES 4,COLOMBIA,Mentor-2ADFAAC3,HASH-E1DE72098FF3,Cohorte 2026 COL,Scholar-32374690,Universidad del Norte,Mentoría 4,2026-01,Virtual,No,Sin alertas,,SIN ALERTA,6,0,Sin alertas,,SIN ALERTA,SIN RIESGO,Sin alertas: Seguimiento mensual,0,1,1,0,0,No,MES 4,HASH-DDFDD03720F3
SCHOLAR-D9BF6BEB4089,2026-06,2026-1,MES 4,COLOMBIA,Mentor-F14A1035,HASH-7938F9C4972C,Cohorte 2026 COL,Scholar-D9BF6BEB,Universidad EIA,Mentoría 4,2026-05,Virtual,Sí,Medio,,MEDIO: Calificaciones parciales bajas que lo ponen en riesgo de reprobar.,0,2,Bajo,,BAJO: Desacuerdos familiares o relacionales.,RIESGO MEDIO,Medio: 4-8 semanas,1,0,1,0,0,No,MES 4,HASH-96495B605975
SCHOLAR-0277D43B2D10,2026-06,2026-1,MES 4,COLOMBIA,Mentor-F14A1035,HASH-7938F9C4972C,Cohorte 2026 COL,Scholar-0277D43B,Universidad EIA,Mentoría 4,2026-05,Virtual,Sí,Medio,,MEDIO: Perdió parciales cruciales en dos o más materias.,0,2,Bajo,,BAJO: Estrés académico ocasional.,RIESGO MEDIO,Medio: 4-8 semanas,0,0,1,0,0,No,MES 4,HASH-12A8EED01DD7
SCHOLAR-54EE3F1A634F,2026-06,2026-1,MES 4,COLOMBIA,Mentor-F14A1035,HASH-7938F9C4972C,Cohorte 2026 COL,Scholar-54EE3F1A,Universidad EIA,Mentoría 4,2026-05,Virtual,Sí,Bajo,,BAJO: Está teniendo dificultades para entender 1 asignaturas.,0,1,Bajo,,BAJO: Estrés académico ocasional.,RIESGO BAJO,Bajo: 4 semanas,2,1,1,0,0,No,MES 4,HASH-4479546F1E8A
SCHOLAR-0C2D48E37C8A,2026-06,2026-1,MES 4,COLOMBIA,Mentor-7C4B3EAC,HASH-A4B52B5B9CB9,Cohorte 2025 COL,Scholar-0C2D48E3,Universidad Pontificia Bolivariana,Mentoría 4,2026-02,Virtual,No,Sin alertas,,SIN ALERTA,6,0,Sin alertas,,SIN ALERTA,SIN RIESGO,Sin alertas: Seguimiento mensual,2,1,1,1,1,No,MES 4,HASH-51539D6824E5
SCHOLAR-AEC807607E11,2026-06,2026-1,MES 4,COLOMBIA,Mentor-7C4B3EAC,HASH-A4B52B5B9CB9,Cohorte 2025 COL,Scholar-AEC80760,Universidad Icesi,Mentoría 4,2026-02,Virtual,No,Sin alertas,,SIN ALERTA,0,0,Sin alertas,,SIN ALERTA,SIN RIESGO,Sin alertas: Seguimiento mensual,0,0,1,1,1,No,MES 4,HASH-EB368470733E
SCHOLAR-A1291D8078A8,2026-06,2026-1,MES 4,COLOMBIA,Mentor-7C4B3EAC,HASH-A4B52B5B9CB9,Cohorte 2025 COL,Scholar-A1291D80,Universidad EAFIT,Mentoría 4,2026-02,Virtual,No,Sin alertas,,SIN ALERTA,6,0,Sin alertas,,SIN ALERTA,SIN RIESGO,Sin alertas: Seguimiento mensual,0,0,1,0,0,No,MES 4,HASH-38B012B6381E
SCHOLAR-BBFDC8E9E653,2026-06,2026-1,MES 4,COLOMBIA,Mentor-7C4B3EAC,HASH-A4B52B5B9CB9,Cohorte 2025 COL,Scholar-BBFDC8E9,Universidad EAFIT,Mentoría 4,2026-02,Virtual,No,Sin alertas,,SIN ALERTA,6,0,Sin alertas,,SIN ALERTA,SIN RIESGO,Sin alertas: Seguimiento mensual,0,0,1,0,0,No,MES 4,HASH-C5B534B8A81D
SCHOLAR-101CA44EA4D5,2026-06,2026-1,MES 4,COLOMBIA,Mentor-7C4B3EAC,HASH-A4B52B5B9CB9,Cohorte 2025 COL,Scholar-101CA44E,Universidad EAFIT,Mentoría 4,2026-02,Virtual,No,Sin alertas,,SIN ALERTA,5,0,Sin alertas,,SIN ALERTA,SIN RIESGO,Sin alertas: Seguimiento mensual,0,0,1,0,0,No,MES 4,HASH-9D295855D315
SCHOLAR-D26DE19C0D86,2026-06,2026-1,MES 4,COLOMBIA,Mentor-F14A1035,HASH-7938F9C4972C,Cohorte 2026 COL,Scholar-D26DE19C,Universidad EIA,Mentoría 4,2026-05,Virtual,Sí,Medio,,MEDIO: Calificaciones parciales bajas que lo ponen en riesgo de reprobar.,0,0,Sin alertas,,"BAJO: Estrés académico ocasional.
SIN ALERTA",RIESGO MEDIO,Medio: 4-8 semanas,3,1,1,0,0,No,MES 4,HASH-68BE2E8C5DF1
SCHOLAR-66DEAE450C0B,2026-06,2026-1,MES 4,COLOMBIA,Mentor-F14A1035,HASH-7938F9C4972C,Cohorte 2026 COL,Scholar-66DEAE45,Universidad EIA,Mentoría 4,2026-05,Virtual,No,Sin alertas,,SIN ALERTA,0,0,Sin alertas,,SIN ALERTA,SIN RIESGO,Sin alertas: Seguimiento mensual,0,0,1,0,0,No,MES 4,HASH-39FF414DA331
SCHOLAR-E510C6B0F74D,2026-06,2026-1,MES 4,COLOMBIA,Mentor-F14A1035,HASH-7938F9C4972C,Cohorte 2026 COL,Scholar-E510C6B0,Universidad EIA,Mentoría 4,2026-05,Virtual,No,Sin alertas,,SIN ALERTA,0,0,Sin alertas,,SIN ALERTA,SIN RIESGO,Sin alertas: Seguimiento mensual,1,1,1,0,1,No,MES 4,HASH-024C1CDBDD0A
SCHOLAR-F92E37E1006A,2026-06,2026-1,MES 4,COLOMBIA,Mentor-F14A1035,HASH-7938F9C4972C,Cohorte 2026 COL,Scholar-F92E37E1,Universidad EIA,Mentoría 4,2026-01,Virtual,Sí,Medio,,MEDIO: Calificaciones parciales bajas que lo ponen en riesgo de reprobar.,0,2,Bajo,,"BAJO: Estrés académico ocasional.
SIN ALERTA",RIESGO MEDIO,Medio: 4-8 semanas,0,0,1,0,1,No,MES 4,HASH-1A4BEBD2FE40
SCHOLAR-FF206785C6DB,2026-06,2026-1,MES 4,COLOMBIA,Mentor-7C4B3EAC,HASH-A4B52B5B9CB9,Cohorte 2025 COL,Scholar-FF206785,Universidad EAFIT,Mentoría 4,2026-03,Virtual,No,Sin alertas,,SIN ALERTA,5,0,Sin alertas,,SIN ALERTA,SIN RIESGO,Sin alertas: Seguimiento mensual,0,0,1,0,0,No,MES 4,HASH-38BDEFDDC55C
SCHOLAR-3EFB2F5BBE8A,2026-06,2026-1,MES 4,COLOMBIA,Mentor-7C4B3EAC,HASH-A4B52B5B9CB9,Cohorte 2025 COL,Scholar-3EFB2F5B,Universidad EAFIT,Mentoría 4,2026-03,Virtual,No,Sin alertas,,SIN ALERTA,6,0,Sin alertas,,SIN ALERTA,SIN RIESGO,Sin alertas: Seguimiento mensual,0,0,1,1,0,No,MES 4,HASH-F2CFFC36E9FA
SCHOLAR-D393B98CCAEB,2026-06,2026-1,MES 4,COLOMBIA,Mentor-7C4B3EAC,HASH-A4B52B5B9CB9,Cohorte 2025 COL,Scholar-D393B98C,Universidad Pontificia Bolivariana,Mentoría 4,2026-03,Virtual,No,Sin alertas,,SIN ALERTA,5,0,Sin alertas,,SIN ALERTA,SIN RIESGO,Sin alertas: Seguimiento mensual,0,0,1,1,0,No,MES 4,HASH-D26AAAAF4DB9
SCHOLAR-5E23D2806BAF,2026-06,2026-1,MES 4,COLOMBIA,Mentor-7C4B3EAC,HASH-A4B52B5B9CB9,Cohorte 2025 COL,Scholar-5E23D280,Universidad Pontificia Bolivariana,Mentoría 4,2026-03,Virtual,No,Sin alertas,,SIN ALERTA,6,0,Sin alertas,,SIN ALERTA,SIN RIESGO,Sin alertas: Seguimiento mensual,2,1,1,1,0,No,MES 4,HASH-55FE2B50705E
SCHOLAR-FBBF21827D3C,2026-06,2026-1,MES 4,COLOMBIA,Mentor-7C4B3EAC,HASH-A4B52B5B9CB9,Cohorte 2025 COL,Scholar-FBBF2182,Universidad Icesi,Mentoría 4,2026-03,Virtual,No,Sin alertas,,SIN ALERTA,2,0,Sin alertas,,SIN ALERTA,SIN RIESGO,Sin alertas: Seguimiento mensual,0,0,1,1,1,No,MES 4,HASH-609211D5BE68
SCHOLAR-C8AF78F68638,2026-06,2026-1,MES 4,COLOMBIA,Mentor-F14A1035,HASH-7938F9C4972C,Cohorte 2026 COL,Scholar-C8AF78F6,Universidad EIA,Mentoría 5,2026-01,Virtual,Sí,Medio,,MEDIO: Calificaciones parciales bajas que lo ponen en riesgo de reprobar.,0,2,Medio,,BAJO: Estrés académico ocasional.,RIESGO MEDIO,Medio: 4-8 semanas,3,0,1,0,0,No,MES 4,HASH-7B9A0FE258B7
SCHOLAR-3991A7E653FD,2026-06,2026-1,MES 4,COLOMBIA,Mentor-F14A1035,HASH-7938F9C4972C,Cohorte 2026 COL,Scholar-3991A7E6,Pontificia Universidad Javeriana,Mentoría 4,2026-03,Virtual,No,Sin alertas,,SIN ALERTA,0,0,Sin alertas,,SIN ALERTA,SIN RIESGO,Sin alertas: Seguimiento mensual,5,1,1,0,1,No,MES 4,HASH-83A54902A933
SCHOLAR-844B6D5B430E,2026-06,2026-1,MES 4,COLOMBIA,Mentor-F14A1035,HASH-7938F9C4972C,Cohorte 2026 COL,Scholar-844B6D5B,Universidad EIA,Mentoría 7,2026-01,Virtual,Sí,Crítico,,ALTO: Pierde dos o más materias/cursos.,0,4,Alto,,ALTO: Crisis emocional que afecta directamente el desempeño académico.,RIESGO ALTO,Crítico: 10-12 semanas,3,0,3,0,1,No,MES 4,HASH-AD59D622D379
SCHOLAR-75A78E27DD3F,2026-06,2026-1,MES 4,COLOMBIA,Mentor-AC82DE0B,HASH-297816898AF6,Cohorte 2025 COL,Scholar-75A78E27,Pontificia Universidad Javeriana,Mentoría 4,2026-05,Virtual,No,Bajo,,BAJO: Presenta 1 parcial o examen con nota desaprobatoria.,0,0,Bajo,,BAJO: Estrés académico ocasional.,RIESGO BAJO,Bajo: 4 semanas,1,0,1,0,0,No,MES 4,HASH-C7CA857D209C
SCHOLAR-57E907B58FB0,2026-06,2026-1,MES 4,COLOMBIA,Mentor-AC82DE0B,HASH-297816898AF6,Cohorte 2026 COL,Scholar-57E907B5,Pontificia Universidad Javeriana,Mentoría 4,2026-05,Virtual,No,Sin alertas,,SIN ALERTA,0,0,Bajo,,BAJO: Estrés académico ocasional.,RIESGO BAJO,Bajo: 4 semanas,1,1,1,0,0,No,MES 4,HASH-AF389F1CA3F3
SCHOLAR-8FE0F88AA594,2026-06,2026-1,MES 4,COLOMBIA,Mentor-AC82DE0B,HASH-297816898AF6,Cohorte 2025 COL,Scholar-8FE0F88A,Pontificia Universidad Javeriana,Mentoría 4,2026-05,Virtual,Sí,Sin alertas,,SIN ALERTA,0,0,Medio,,"BAJO: Desacuerdos familiares o relacionales.
MEDIO: Dificultades económicas que generan preocupación constante (afecta su desempeño).",RIESGO MEDIO,Medio: 4-8 semanas,1,0,1,1,0,No,MES 4,HASH-53108B5C27A3
SCHOLAR-8FB2F1AF6F77,2026-06,2026-1,MES 4,COLOMBIA,Mentor-AC82DE0B,HASH-297816898AF6,Cohorte 2025 COL,Scholar-8FB2F1AF,Universidad EIA,Mentoría 4,2026-05,Virtual,No,Bajo,,BAJO: Presenta 1 parcial o examen con nota desaprobatoria.,0,0,Bajo,,"BAJO: Se ha sentido triste, ansioso/a o desmotivado/a en los últimos días.
BAJO: Estrés académico ocasional.",RIESGO BAJO,Bajo: 4 semanas,0,0,1,0,0,No,MES 4,HASH-E4BA14D5A5DF
SCHOLAR-7C41AB6CAB6D,2026-06,2026-1,MES 4,COLOMBIA,Mentor-AC82DE0B,HASH-297816898AF6,Cohorte 2025 COL,Scholar-7C41AB6C,Pontificia Universidad Javeriana,Mentoría 4,2026-05,Virtual,No,Sin alertas,,SIN ALERTA,0,0,Sin alertas,,SIN ALERTA,SIN RIESGO,Sin alertas: Seguimiento mensual,0,0,1,1,0,No,MES 4,HASH-617DAD132868
SCHOLAR-5E1800A7C7BD,2026-06,2026-1,MES 4,COLOMBIA,Mentor-AC82DE0B,HASH-297816898AF6,Cohorte 2026 COL,Scholar-5E1800A7,Universidad EIA,Mentoría 4,2026-05,Virtual,No,Sin alertas,,SIN ALERTA,0,0,Bajo,,BAJO: Estrés académico ocasional.,RIESGO BAJO,Bajo: 4 semanas,0,0,1,0,0,No,MES 4,HASH-55AD8DE688EA
SCHOLAR-AA8CAAF5BF76,2026-06,2026-1,MES 4,COLOMBIA,Mentor-AC82DE0B,HASH-297816898AF6,Cohorte 2025 COL,Scholar-AA8CAAF5,Universidad EIA,Mentoría 4,2026-05,Virtual,No,Sin alertas,,SIN ALERTA,0,0,Sin alertas,,SIN ALERTA,SIN RIESGO,Sin alertas: Seguimiento mensual,0,0,1,1,0,No,MES 4,HASH-01698B191613
SCHOLAR-962748838F6E,2026-06,2026-1,MES 4,COLOMBIA,Mentor-AC82DE0B,HASH-297816898AF6,Cohorte 2025 COL,Scholar-96274883,Universidad EIA,Mentoría 4,2026-02,Virtual,No,Bajo,,BAJO: Presenta 1 parcial o examen con nota desaprobatoria.,0,0,Bajo,,BAJO: Estrés académico ocasional.,RIESGO BAJO,Bajo: 4 semanas,0,0,1,0,0,No,MES 4,HASH-48D3A8C187CF
SCHOLAR-9118ABFE9626,2026-06,2026-1,MES 4,COLOMBIA,Mentor-7C4B3EAC,HASH-A4B52B5B9CB9,Cohorte 2025 COL,Scholar-9118ABFE,Universidad Icesi,Mentoría 4,2026-04,Virtual,No,Sin alertas,,SIN ALERTA,0,0,Sin alertas,,SIN ALERTA,SIN RIESGO,Sin alertas: Seguimiento mensual,0,0,1,0,1,No,MES 4,HASH-FED482918724
SCHOLAR-E97EA82B3ECD,2026-06,2026-1,MES 4,COLOMBIA,Mentor-7C4B3EAC,HASH-A4B52B5B9CB9,Cohorte 2025 COL,Scholar-E97EA82B,Universidad Pontificia Bolivariana,Mentoría 4,2026-04,Virtual,No,Medio,,ALTO: Retiró/canceló 1 o 2 materias clave.,5,1,Sin alertas,,SIN ALERTA,RIESGO MEDIO,Alto: 8-10 semanas,1,1,1,0,0,No,MES 4,HASH-707BD79F21CD
SCHOLAR-A89AABB342E6,2026-06,2026-1,MES 4,COLOMBIA,Mentor-7C4B3EAC,HASH-A4B52B5B9CB9,Cohorte 2025 COL,Scholar-A89AABB3,Universidad Icesi,Mentoría 4,2026-04,Virtual,Sí,Crítico,,"ALTO: No asiste a clases de dos o más materias.
ALTO: Está en riesgo real de perder el semestre.",0,6,Crítico,,"ALTO: Desmotivación fuerte frente a la carrera o universidad.
ALTO: Está considerando abandonar la carrera.",RIESGO ALTO,Crítico: 10-12 semanas,0,0,1,0,0,No,MES 4,HASH-C67397BA8480
SCHOLAR-95C53E17DDE8,2026-06,2026-1,MES 4,COLOMBIA,Mentor-797B1977,HASH-2C98D1CF09FF,Cohorte 2025 COL,Scholar-95C53E17,Universidad de los Andes,Mentoría 4,2026-05,Virtual,No,Sin alertas,,SIN ALERTA,6,0,Sin alertas,,SIN ALERTA,SIN RIESGO,Sin alertas: Seguimiento mensual,1,0,1,0,1,No,MES 4,HASH-274FB65670CA
SCHOLAR-B1E5AA88DC49,2026-06,2026-1,MES 4,COLOMBIA,Mentor-797B1977,HASH-2C98D1CF09FF,Cohorte 2025 COL,Scholar-B1E5AA88,Universidad de los Andes,Mentoría 4,2026-05,Virtual,No,Medio,,MEDIO: Canceló/retiró más de 1 asignatura.,0,0,Sin alertas,,SIN ALERTA,RIESGO MEDIO,Medio: 4-8 semanas,1,0,1,1,1,No,MES 4,HASH-C6935CB18176
SCHOLAR-7FB0C90CD637,2026-06,2026-1,MES 4,COLOMBIA,Mentor-797B1977,HASH-2C98D1CF09FF,Cohorte 2025 COL,Scholar-7FB0C90C,Universidad de los Andes,Mentoría 4,2026-05,Virtual,No,Sin alertas,,SIN ALERTA,0,0,Sin alertas,,SIN ALERTA,SIN RIESGO,Sin alertas: Seguimiento mensual,0,0,1,0,1,No,MES 4,HASH-52777272E672
SCHOLAR-632CD8060404,2026-06,2026-1,MES 4,COLOMBIA,Mentor-797B1977,HASH-2C98D1CF09FF,Cohorte 2025 COL,Scholar-632CD806,Universidad de los Andes,Mentoría 4,2026-05,Virtual,Sí,Alto,,"MEDIO: Está perdiendo una asignatura/curso.
ALTO: En riesgo de no obtener el promedio requerido (programa).",0,1,Alto,,ALTO: Crisis emocional que afecta directamente el desempeño académico.,RIESGO CRÍTICO,Crítico: 10-12 semanas,0,0,1,1,0,No,MES 4,HASH-A098502D0684
SCHOLAR-7166D56308E7,2026-06,2026-1,MES 4,COLOMBIA,Mentor-797B1977,HASH-2C98D1CF09FF,Cohorte 2025 COL,Scholar-7166D563,Universidad de los Andes,Mentoría 4,2026-05,Virtual,No,Sin alertas,,SIN ALERTA,0,0,Sin alertas,,SIN ALERTA,SIN RIESGO,Sin alertas: Seguimiento mensual,1,0,1,1,0,No,MES 4,HASH-8E235B0BA969
SCHOLAR-AB90B7B0CD4A,2026-06,2026-1,MES 4,COLOMBIA,Mentor-797B1977,HASH-2C98D1CF09FF,Cohorte 2025 COL,Scholar-AB90B7B0,Universidad de los Andes,Mentoría 4,2026-05,Virtual,No,Bajo,,"BAJO: Está teniendo dificultades para entender 1 asignaturas.
BAJO: Tiene dificultades en hábitos y métodos de estudio.",0,0,Bajo,,BAJO: Estrés académico ocasional.,RIESGO BAJO,Bajo: 4 semanas,0,0,1,1,1,No,MES 4,HASH-5D7BC218EC6F
SCHOLAR-9181E5AB3D08,2026-06,2026-1,MES 4,COLOMBIA,Mentor-797B1977,HASH-2C98D1CF09FF,Cohorte 2025 COL,Scholar-9181E5AB,Universidad de los Andes,Mentoría 5,2026-05,Virtual,Sí,Alto,,"MEDIO: Está perdiendo una asignatura/curso.
ALTO: Retiró/canceló 1 o 2 materias clave.",0,1,Medio,,MEDIO: Dificultades económicas que generan preocupación constante (afecta su desempeño).,RIESGO ALTO,Alto: 8-10 semanas,2,0,1,0,1,No,MES 4,HASH-837715D1279F
SCHOLAR-332B4019EF9D,2026-06,2026-1,MES 4,COLOMBIA,Mentor-797B1977,HASH-2C98D1CF09FF,Cohorte 2026 COL,Scholar-332B4019,Universidad EIA,Mentoría 4,2026-05,Virtual,No,Sin alertas,,SIN ALERTA,0,0,Sin alertas,,SIN ALERTA,SIN RIESGO,Sin alertas: Seguimiento mensual,,,,,,No,MES 4,HASH-FA31D00CDE53
SCHOLAR-A08285CB8D93,2026-06,2026-1,MES 4,COLOMBIA,Mentor-AC82DE0B,HASH-297816898AF6,Cohorte 2026 COL,Scholar-A08285CB,Universidad EIA,Mentoría 4,2026-02,Virtual,No,Bajo,,"BAJO: Está teniendo dificultades para entender 1 asignaturas.
BAJO: Tiene dificultades en hábitos y métodos de estudio.",0,0,Bajo,,BAJO: Estrés académico ocasional.,RIESGO BAJO,Bajo: 4 semanas,2,0,1,0,0,No,MES 4,HASH-65768B5C5615
SCHOLAR-36594A0DFBD9,2026-06,2026-1,MES 4,COLOMBIA,Mentor-E8A42252,HASH-6398EC59B9C3,Cohorte 2025 COL,Scholar-36594A0D,Universidad del Norte,Mentoría 4,2026-05,Virtual,No,Sin alertas,,SIN ALERTA,5,0,Sin alertas,,SIN ALERTA,SIN RIESGO,Sin alertas: Seguimiento mensual,1,0,1,1,1,No,MES 4,HASH-2E903C0CBA65
SCHOLAR-64485B0DF3E3,2026-06,2026-1,MES 4,COLOMBIA,Mentor-2ADFAAC3,HASH-E1DE72098FF3,Cohorte 2026 COL,Scholar-64485B0D,Universidad del Norte,Mentoría 4,2026-01,Virtual,No,Sin alertas,,SIN ALERTA,6,0,Sin alertas,,SIN ALERTA,SIN RIESGO,Sin alertas: Seguimiento mensual,1,0,1,0,0,No,MES 4,HASH-B6ACD93C78EE
SCHOLAR-A06C29C33558,2026-06,2026-1,MES 4,COLOMBIA,Mentor-E8A42252,HASH-6398EC59B9C3,Cohorte 2025 COL,Scholar-A06C29C3,Universidad del Norte,Mentoría 5,2026-05,Virtual,Sí,Alto,,"MEDIO: Está perdiendo una asignatura/curso.
ALTO: En riesgo de no obtener el promedio requerido (programa).",4,1,Bajo,,"BAJO: Se ha sentido triste, ansioso/a o desmotivado/a en los últimos días.",RIESGO ALTO,Alto: 8-10 semanas,3,0,2,0,0,No,MES 4,HASH-800F1821FD87
SCHOLAR-CFFD2DCD7EE5,2026-06,2026-1,MES 4,COLOMBIA,Mentor-2ADFAAC3,HASH-E1DE72098FF3,Cohorte 2026 COL,Scholar-CFFD2DCD,Universidad de los Andes,Mentoría 4,2026-02,Virtual,No,Alto,,ALTO: Retiró/canceló 1 o 2 materias clave.,6,0,Sin alertas,,SIN ALERTA,RIESGO ALTO,Alto: 8-10 semanas,1,0,1,0,1,No,MES 4,HASH-78CA9D0DDF3F
SCHOLAR-AFCF329DC4EE,2026-06,2026-1,MES 4,COLOMBIA,Mentor-E8A42252,HASH-6398EC59B9C3,Cohorte 2025 COL,Scholar-AFCF329D,Universidad del Norte,Mentoría 4,2026-05,Virtual,No,Sin alertas,,SIN ALERTA,5,0,Sin alertas,,SIN ALERTA,SIN RIESGO,Sin alertas: Seguimiento mensual,0,0,1,0,1,No,MES 4,HASH-9A6453F5AA2B
SCHOLAR-ED7DED95D0D9,2026-06,2026-1,MES 4,COLOMBIA,Mentor-E8A42252,HASH-6398EC59B9C3,Cohorte 2025 COL,Scholar-ED7DED95,Universidad del Norte,Mentoría 4,2026-05,Virtual,No,Sin alertas,,SIN ALERTA,5,0,Sin alertas,,SIN ALERTA,SIN RIESGO,Sin alertas: Seguimiento mensual,0,0,1,0,0,No,MES 4,HASH-5C3128700FA5
SCHOLAR-623FCC700280,2026-06,2026-1,MES 4,COLOMBIA,Mentor-E8A42252,HASH-6398EC59B9C3,Cohorte 2025 COL,Scholar-623FCC70,Universidad del Norte,Mentoría 4,2026-05,Virtual,No,Sin alertas,,SIN ALERTA,5,0,Sin alertas,,SIN ALERTA,SIN RIESGO,Sin alertas: Seguimiento mensual,0,0,1,1,1,No,MES 4,HASH-163BF956DB07
SCHOLAR-1126FFD5623F,2026-06,2026-1,MES 4,COLOMBIA,Mentor-E8A42252,HASH-6398EC59B9C3,Cohorte 2025 COL,Scholar-1126FFD5,Universidad del Norte,Mentoría 4,2026-05,Virtual,No,Sin alertas,,SIN ALERTA,5,0,Sin alertas,,SIN ALERTA,SIN RIESGO,Sin alertas: Seguimiento mensual,3,0,1,1,1,No,MES 4,HASH-97AD6996AA13
SCHOLAR-A127344ED21F,2026-06,2026-1,MES 5,COLOMBIA,Mentor-2ADFAAC3,HASH-E1DE72098FF3,Cohorte 2026 COL,Scholar-A127344E,Universidad de los Andes,Mentoría 5,2026-06,Virtual,No,Alto,,ALTO: Retiró/canceló 1 o 2 materias clave.,6,1,Bajo,,BAJO: Duda ocasional sobre sus capacidades académicas.,RIESGO ALTO,Alto: 8-10 semanas,0,1,1,0,0,No,MES 5,HASH-E3EB780823B0
SCHOLAR-1EACD63EC9DA,2026-06,2026-1,MES 4,COLOMBIA,Mentor-E8A42252,HASH-6398EC59B9C3,Cohorte 2025 COL,Scholar-1EACD63E,Universidad del Norte,Mentoría 4,2026-05,Virtual,No,Sin alertas,,SIN ALERTA,5,0,Sin alertas,,SIN ALERTA,SIN RIESGO,Sin alertas: Seguimiento mensual,0,0,1,1,0,No,MES 4,HASH-280210D43CA3
SCHOLAR-9247E829DBD8,2026-06,2026-1,MES 4,COLOMBIA,Mentor-E8A42252,HASH-6398EC59B9C3,Cohorte 2025 COL,Scholar-9247E829,Universidad del Norte,Mentoría 4,2026-05,Virtual,No,Sin alertas,,SIN ALERTA,5,0,Sin alertas,,SIN ALERTA,SIN RIESGO,Sin alertas: Seguimiento mensual,2,0,1,0,0,No,MES 4,HASH-10C4AB2C50E8
SCHOLAR-035BE8FB1094,2026-06,2026-1,MES 4,COLOMBIA,Mentor-E8A42252,HASH-6398EC59B9C3,Cohorte 2025 COL,Scholar-035BE8FB,Universidad del Norte,Mentoría 4,2026-05,Virtual,No,Sin alertas,,SIN ALERTA,5,0,Sin alertas,,SIN ALERTA,SIN RIESGO,Sin alertas: Seguimiento mensual,0,0,1,1,1,No,MES 4,HASH-40DCA18841F4
SCHOLAR-3A4016B24520,2026-06,2026-1,MES 4,COLOMBIA,Mentor-2ADFAAC3,HASH-E1DE72098FF3,Cohorte 2026 COL,Scholar-3A4016B2,Universidad de los Andes,Mentoría 4,2026-02,Virtual,No,Alto,,MEDIO: Está teniendo dificultades para entender más de 1 asignatura.,6,1,Bajo,,"BAJO: Se ha sentido triste, ansioso/a o desmotivado/a en los últimos días.",RIESGO ALTO,Alto: 8-10 semanas,3,0,1,0,1,No,MES 4,HASH-D9F09123DC17
SCHOLAR-35BA28D82AF3,2026-06,2026-1,MES 4,COLOMBIA,Mentor-E8A42252,HASH-6398EC59B9C3,Cohorte 2026 COL,Scholar-35BA28D8,Universidad EAFIT,Mentoría 4,2026-05,Virtual,No,Sin alertas,,SIN ALERTA,9,0,Sin alertas,,SIN ALERTA,SIN RIESGO,Sin alertas: Seguimiento mensual,0,1,1,0,0,No,MES 4,HASH-4644DAAA5A35
SCHOLAR-51D494705753,2026-06,2026-1,MES 4,COLOMBIA,Mentor-2ADFAAC3,HASH-E1DE72098FF3,Cohorte 2026 COL,Scholar-51D49470,Universidad del Norte,Mentoría 4,2026-03,Virtual,No,Sin alertas,,SIN ALERTA,6,0,Sin alertas,,SIN ALERTA,SIN RIESGO,Sin alertas: Seguimiento mensual,0,1,1,0,1,No,MES 4,HASH-463FBCCF5690
SCHOLAR-CA521EB9252F,2026-06,2026-1,MES 4,COLOMBIA,Mentor-E8A42252,HASH-6398EC59B9C3,Cohorte 2026 COL,Scholar-CA521EB9,Universidad EAFIT,Mentoría 4,2026-05,Virtual,No,Sin alertas,,SIN ALERTA,9,0,Bajo,,BAJO: Duda ocasional sobre sus capacidades académicas.,RIESGO BAJO,Bajo: 4 semanas,0,0,1,0,1,No,MES 4,HASH-EA65127DD1FA
SCHOLAR-7FB4327269A2,2026-06,2026-1,MES 4,COLOMBIA,Mentor-2ADFAAC3,HASH-E1DE72098FF3,Cohorte 2026 COL,Scholar-7FB43272,Universidad de los Andes,Mentoría 4,2026-10,Virtual,No,Sin alertas,,SIN ALERTA,6,0,Sin alertas,,SIN ALERTA,SIN RIESGO,Sin alertas: Seguimiento mensual,0,0,1,0,0,No,MES 4,HASH-461162DF01B8
SCHOLAR-F631CFB1AC12,2026-06,2026-1,MES 4,COLOMBIA,Mentor-E8A42252,HASH-6398EC59B9C3,Cohorte 2026 COL,Scholar-F631CFB1,Universidad EAFIT,Mentoría 4,2026-02,Virtual,No,Sin alertas,,SIN ALERTA,9,0,Sin alertas,,SIN ALERTA,SIN RIESGO,Sin alertas: Seguimiento mensual,3,2,1,0,0,No,MES 4,HASH-07692B697349
SCHOLAR-9DBD7F81E9E0,2026-06,2026-1,MES 4,COLOMBIA,Mentor-E8A42252,HASH-6398EC59B9C3,Cohorte 2026 COL,Scholar-9DBD7F81,Universidad EAFIT,Mentoría 4,2026-05,Presencial,No,Sin alertas,,SIN ALERTA,9,0,Sin alertas,,SIN ALERTA,SIN RIESGO,Sin alertas: Seguimiento mensual,0,1,1,0,0,No,MES 4,HASH-BAE4A30A7A52
SCHOLAR-DD3F9E1C0B52,2026-06,2026-1,MES 4,COLOMBIA,Mentor-2ADFAAC3,HASH-E1DE72098FF3,Cohorte 2026 COL,Scholar-DD3F9E1C,Universidad de los Andes,Mentoría 4,2026-02,Virtual,No,Sin alertas,,SIN ALERTA,6,0,Sin alertas,,SIN ALERTA,SIN RIESGO,Sin alertas: Seguimiento mensual,0,0,1,0,0,No,MES 4,HASH-22C5411A1D58
SCHOLAR-3A3947A230E8,2026-06,2026-1,MES 4,COLOMBIA,Mentor-E8A42252,HASH-6398EC59B9C3,Cohorte 2026 COL,Scholar-3A3947A2,Universidad EAFIT,Mentoría 4,2026-05,Virtual,No,Sin alertas,,SIN ALERTA,9,0,Sin alertas,,SIN ALERTA,SIN RIESGO,Sin alertas: Seguimiento mensual,4,2,2,0,0,No,MES 4,HASH-4856F1896D5E
SCHOLAR-8D31FE4A3A67,2026-06,2026-1,MES 4,COLOMBIA,Mentor-2ADFAAC3,HASH-E1DE72098FF3,Cohorte 2026 COL,Scholar-8D31FE4A,Universidad del Norte,Mentoría 4,2026-01,Virtual,No,Sin alertas,,SIN ALERTA,6,0,Sin alertas,,SIN ALERTA,SIN RIESGO,Sin alertas: Seguimiento mensual,1,1,1,0,1,No,MES 4,HASH-F8521550A4DF
SCHOLAR-161B62FDC4B8,2026-06,2026-1,MES 4,COLOMBIA,Mentor-E8A42252,HASH-6398EC59B9C3,Cohorte 2026 COL,Scholar-161B62FD,Universidad EAFIT,Mentoría 5,2026-05,Virtual,Sí,Alto,,ALTO: Retiró/canceló 1 o 2 materias clave.,8,1,Sin alertas,,SIN ALERTA,RIESGO ALTO,Alto: 8-10 semanas,2,0,2,0,0,No,MES 4,HASH-6BDDDBB4CE67
SCHOLAR-1DE2D45B06F0,2026-06,2026-1,MES 4,COLOMBIA,Mentor-E8A42252,HASH-6398EC59B9C3,Cohorte 2026 COL,Scholar-1DE2D45B,Universidad EAFIT,Mentoría 4,2026-05,Virtual,No,Sin alertas,,SIN ALERTA,9,0,Alto,,"ALTO: En proceso de duelo (pérdida, ruptura significativa).",RIESGO ALTO,Alto: 8-10 semanas,0,3,1,0,0,No,MES 4,HASH-0956EE51AF97
SCHOLAR-7E642909A62F,2026-06,2026-1,MES 4,COLOMBIA,Mentor-E8A42252,HASH-6398EC59B9C3,Cohorte 2026 COL,Scholar-7E642909,Universidad EAFIT,Mentoría 4,2026-05,Virtual,No,Sin alertas,,SIN ALERTA,9,0,Sin alertas,,SIN ALERTA,SIN RIESGO,Sin alertas: Seguimiento mensual,0,0,2,0,0,No,MES 4,HASH-57138AEC1DE5
SCHOLAR-852A6B5608A1,2026-06,2026-1,MES 4,COLOMBIA,Mentor-E8A42252,HASH-6398EC59B9C3,Cohorte 2026 COL,Scholar-852A6B56,Universidad EAFIT,Mentoría 4,2026-05,Virtual,No,Medio,,MEDIO: Está perdiendo una asignatura/curso.,8,1,Bajo,,"BAJO: Se ha sentido triste, ansioso/a o desmotivado/a en los últimos días.",RIESGO MEDIO,Medio: 4-8 semanas,1,2,1,0,1,No,MES 4,HASH-9BB386D49D83
SCHOLAR-C85E5875C68B,2026-06,2026-1,MES 4,COLOMBIA,Mentor-E8A42252,HASH-6398EC59B9C3,Cohorte 2026 COL,Scholar-C85E5875,Universidad EAFIT,Mentoría 4,2026-05,Presencial,No,Sin alertas,,SIN ALERTA,9,0,Sin alertas,,SIN ALERTA,SIN RIESGO,Sin alertas: Seguimiento mensual,0,0,1,0,0,No,MES 4,HASH-80BD83C6BA4D
SCHOLAR-E2B30DD26CD8,2026-06,2026-1,MES 4,COLOMBIA,Mentor-2ADFAAC3,HASH-E1DE72098FF3,Cohorte 2026 COL,Scholar-E2B30DD2,Universidad del Norte,Mentoría 4,2026-04,Virtual,No,Sin alertas,,SIN ALERTA,6,0,Sin alertas,,SIN ALERTA,SIN RIESGO,Sin alertas: Seguimiento mensual,0,1,1,0,0,No,MES 4,HASH-1562620C70C2
SCHOLAR-7E8CEF09E3A7,2026-06,2026-1,MES 4,COLOMBIA,Mentor-E8A42252,HASH-6398EC59B9C3,Cohorte 2026 COL,Scholar-7E8CEF09,Universidad EAFIT,Mentoría 4,2026-05,Presencial,No,Sin alertas,,SIN ALERTA,9,0,Sin alertas,,SIN ALERTA,SIN RIESGO,Sin alertas: Seguimiento mensual,0,2,1,0,0,No,MES 4,HASH-D3A840D5DD57
SCHOLAR-DE142D5A00D0,2026-06,2026-1,MES 4,COLOMBIA,Mentor-E8A42252,HASH-6398EC59B9C3,Cohorte 2026 COL,Scholar-DE142D5A,Universidad EAFIT,Mentoría 4,2026-05,Virtual,No,Sin alertas,,SIN ALERTA,9,0,Sin alertas,,SIN ALERTA,SIN RIESGO,Sin alertas: Seguimiento mensual,0,0,1,0,1,No,MES 4,HASH-B6D2F9BC82D7
SCHOLAR-74E999B26884,2026-06,2026-1,MES 4,COLOMBIA,Mentor-E8A42252,HASH-6398EC59B9C3,Cohorte 2026 COL,Scholar-74E999B2,Universidad EAFIT,Mentoría 4,2026-05,Virtual,No,Sin alertas,,SIN ALERTA,9,0,Sin alertas,,SIN ALERTA,SIN RIESGO,Sin alertas: Seguimiento mensual,0,0,1,0,0,No,MES 4,HASH-ACD638A7D669
SCHOLAR-EA39FA32C972,2026-06,2026-1,MES 4,COLOMBIA,Mentor-E8A42252,HASH-6398EC59B9C3,Cohorte 2026 COL,Scholar-EA39FA32,Universidad EAFIT,Mentoría 4,2026-05,Presencial,No,Sin alertas,,SIN ALERTA,9,0,Sin alertas,,SIN ALERTA,SIN RIESGO,Sin alertas: Seguimiento mensual,1,2,1,0,0,No,MES 4,HASH-BD864782E224
SCHOLAR-CD1699E4A59C,2026-06,2026-1,MES 4,COLOMBIA,Mentor-E8A42252,HASH-6398EC59B9C3,Cohorte 2026 COL,Scholar-CD1699E4,Universidad EAFIT,Mentoría 4,2026-05,Virtual,No,Sin alertas,,SIN ALERTA,9,0,Sin alertas,,SIN ALERTA,SIN RIESGO,Sin alertas: Seguimiento mensual,0,0,1,0,1,No,MES 4,HASH-4C213EE7A09E
SCHOLAR-48F5D11A53E6,2026-06,2026-1,MES 4,COLOMBIA,Mentor-E8A42252,HASH-6398EC59B9C3,Cohorte 2026 COL,Scholar-48F5D11A,Universidad EAFIT,Mentoría 4,2026-05,Virtual,No,Sin alertas,,SIN ALERTA,9,0,Sin alertas,,SIN ALERTA,SIN RIESGO,Sin alertas: Seguimiento mensual,0,0,1,0,0,No,MES 4,HASH-D9C873E0307C
SCHOLAR-9BEDD5E2F7AA,2026-06,2026-1,MES 4,COLOMBIA,Mentor-E8A42252,HASH-6398EC59B9C3,Cohorte 2026 COL,Scholar-9BEDD5E2,Universidad EAFIT,Mentoría 4,2026-05,Virtual,No,Sin alertas,,SIN ALERTA,9,0,Sin alertas,,SIN ALERTA,SIN RIESGO,Sin alertas: Seguimiento mensual,2,1,1,0,1,No,MES 4,HASH-0D5DFDEB6EA1
SCHOLAR-3BDF365D0B88,2026-06,2026-1,MES 4,COLOMBIA,Mentor-E8A42252,HASH-6398EC59B9C3,Cohorte 2026 COL,Scholar-3BDF365D,Universidad EAFIT,Mentoría 4,2026-05,Virtual,No,Sin alertas,,SIN ALERTA,9,0,Sin alertas,,SIN ALERTA,SIN RIESGO,Sin alertas: Seguimiento mensual,0,2,1,0,1,No,MES 4,HASH-99AAD094274C
SCHOLAR-8D4E5E832303,2026-06,2026-1,MES 4,COLOMBIA,Mentor-E8A42252,HASH-6398EC59B9C3,Cohorte 2026 COL,Scholar-8D4E5E83,Universidad EAFIT,Mentoría 4,2026-05,Virtual,No,Sin alertas,,SIN ALERTA,9,0,Sin alertas,,SIN ALERTA,SIN RIESGO,Sin alertas: Seguimiento mensual,1,1,1,0,0,No,MES 4,HASH-A3C96D4A3A67
SCHOLAR-F41C6536F6FC,2026-06,2026-1,MES 4,COLOMBIA,Mentor-E8A42252,HASH-6398EC59B9C3,Cohorte 2026 COL,Scholar-F41C6536,Universidad EAFIT,Mentoría 4,2026-05,Virtual,No,Sin alertas,,SIN ALERTA,9,0,Sin alertas,,SIN ALERTA,SIN RIESGO,Sin alertas: Seguimiento mensual,0,0,1,0,0,No,MES 4,HASH-C44BE20E82E1
SCHOLAR-713CFFDDCB1A,2026-06,2026-1,MES 4,COLOMBIA,Mentor-E8A42252,HASH-6398EC59B9C3,Cohorte 2026 COL,Scholar-713CFFDD,Universidad EAFIT,Mentoría 4,2026-05,Virtual,No,Sin alertas,,SIN ALERTA,9,0,Alto,,"ALTO: En proceso de duelo (pérdida, ruptura significativa).",RIESGO ALTO,Alto: 8-10 semanas,3,1,1,0,0,No,MES 4,HASH-EF59ABF5EB31
SCHOLAR-F9436D1DB0F0,2026-06,2026-1,MES 4,COLOMBIA,Mentor-E8A42252,HASH-6398EC59B9C3,Cohorte 2026 COL,Scholar-F9436D1D,Universidad EAFIT,Mentoría 4,2026-05,Presencial,No,Sin alertas,,SIN ALERTA,9,0,Sin alertas,,SIN ALERTA,SIN RIESGO,Sin alertas: Seguimiento mensual,1,2,1,0,0,No,MES 4,HASH-706D35E6528E
SCHOLAR-2F2E3AC1ABEC,2026-06,2026-1,MES 4,COLOMBIA,Mentor-E8A42252,HASH-6398EC59B9C3,Cohorte 2026 COL,Scholar-2F2E3AC1,Universidad EAFIT,Mentoría 4,2026-05,Virtual,No,Sin alertas,,SIN ALERTA,9,0,Sin alertas,,SIN ALERTA,SIN RIESGO,Sin alertas: Seguimiento mensual,1,0,1,0,1,No,MES 4,HASH-8595B16FF925
SCHOLAR-AFEF377642F4,2026-06,2026-1,MES 4,COLOMBIA,Mentor-E8A42252,HASH-6398EC59B9C3,Cohorte 2026 COL,Scholar-AFEF3776,Universidad EAFIT,Mentoría 4,2026-05,Presencial,No,Sin alertas,,SIN ALERTA,9,0,Sin alertas,,SIN ALERTA,SIN RIESGO,Sin alertas: Seguimiento mensual,0,3,1,0,1,No,MES 4,HASH-0B06D49BC8A8
SCHOLAR-B63727EC03E0,2026-06,2026-1,MES 4,COLOMBIA,Mentor-E8A42252,HASH-6398EC59B9C3,Cohorte 2026 COL,Scholar-B63727EC,Universidad EAFIT,Mentoría 4,2026-05,Presencial,No,Sin alertas,,SIN ALERTA,9,0,Sin alertas,,SIN ALERTA,SIN RIESGO,Sin alertas: Seguimiento mensual,0,2,1,0,1,No,MES 4,HASH-2A019B4C601D
SCHOLAR-C3DEB10FF62A,2026-06,2026-1,MES 4,COLOMBIA,Mentor-E8A42252,HASH-6398EC59B9C3,Cohorte 2026 COL,Scholar-C3DEB10F,Universidad Icesi,Mentoría 4,2026-05,Virtual,No,Sin alertas,,SIN ALERTA,0,0,Sin alertas,,SIN ALERTA,SIN RIESGO,Sin alertas: Seguimiento mensual,0,0,1,0,0,No,MES 4,HASH-1D3CBD8055D9
SCHOLAR-B209F529DDE6,2026-06,2026-1,MES 4,COLOMBIA,Mentor-E8A42252,HASH-6398EC59B9C3,Cohorte 2026 COL,Scholar-B209F529,Universidad Icesi,Mentoría 4,2026-05,Virtual,No,Sin alertas,,SIN ALERTA,0,0,Sin alertas,,SIN ALERTA,SIN RIESGO,Sin alertas: Seguimiento mensual,1,0,1,0,0,No,MES 4,HASH-70A4ED34C924
SCHOLAR-44DB46232F6D,2026-06,2026-1,MES 4,COLOMBIA,Mentor-E8A42252,HASH-6398EC59B9C3,Cohorte 2026 COL,Scholar-44DB4623,Universidad Icesi,Mentoría 4,2026-05,Virtual,No,Sin alertas,,SIN ALERTA,0,0,Sin alertas,,SIN ALERTA,SIN RIESGO,Sin alertas: Seguimiento mensual,0,0,1,0,0,No,MES 4,HASH-A48024BE679B
SCHOLAR-35CB49B303C3,2026-06,2026-1,MES 4,COLOMBIA,Mentor-E8A42252,HASH-6398EC59B9C3,Cohorte 2026 COL,Scholar-35CB49B3,Universidad Icesi,Mentoría 4,2026-05,Virtual,No,Sin alertas,,SIN ALERTA,0,0,Sin alertas,,SIN ALERTA,SIN RIESGO,Sin alertas: Seguimiento mensual,0,0,1,0,0,No,MES 4,HASH-19E568B14790
SCHOLAR-EBD0405280A9,2026-06,2026-1,MES 4,COLOMBIA,Mentor-E8A42252,HASH-6398EC59B9C3,Cohorte 2026 COL,Scholar-EBD04052,Universidad Icesi,Mentoría 4,2026-05,Virtual,No,Sin alertas,,SIN ALERTA,0,0,Sin alertas,,SIN ALERTA,SIN RIESGO,Sin alertas: Seguimiento mensual,0,0,1,0,0,No,MES 4,HASH-BD796781F024
SCHOLAR-EE18E73205BF,2026-06,2026-1,MES 4,COLOMBIA,Mentor-E8A42252,HASH-6398EC59B9C3,Cohorte 2026 COL,Scholar-EE18E732,Universidad Icesi,Mentoría 4,2026-05,Virtual,No,Sin alertas,,SIN ALERTA,0,0,Sin alertas,,SIN ALERTA,SIN RIESGO,Sin alertas: Seguimiento mensual,0,0,1,0,0,No,MES 4,HASH-E093D612F4E4
SCHOLAR-A9BA1B505585,2026-06,2026-1,MES 4,COLOMBIA,Mentor-E8A42252,HASH-6398EC59B9C3,Cohorte 2026 COL,Scholar-A9BA1B50,Universidad Icesi,Mentoría 4,2026-05,Virtual,No,Sin alertas,,SIN ALERTA,0,0,Sin alertas,,SIN ALERTA,SIN RIESGO,Sin alertas: Seguimiento mensual,0,0,1,0,0,No,MES 4,HASH-C378D85769F5
SCHOLAR-77B48154224E,2026-06,2026-1,MES 4,COLOMBIA,Mentor-E8A42252,HASH-6398EC59B9C3,Cohorte 2026 COL,Scholar-77B48154,Universidad Icesi,Mentoría 4,2026-05,Virtual,Sí,Medio,,MEDIO: Está perdiendo una asignatura/curso.,0,1,Bajo,,"BAJO: Se ha sentido triste, ansioso/a o desmotivado/a en los últimos días.",RIESGO MEDIO,Medio: 4-8 semanas,3,0,1,0,1,No,MES 4,HASH-3D6A995D788B
SCHOLAR-577E2CB6585B,2026-06,2026-1,MES 4,COLOMBIA,Mentor-2ADFAAC3,HASH-E1DE72098FF3,Cohorte 2026 COL,Scholar-577E2CB6,Universidad del Norte,Mentoría 4,2026-05,Virtual,No,Sin alertas,,SIN ALERTA,6,0,Sin alertas,,SIN ALERTA,SIN RIESGO,Sin alertas: Seguimiento mensual,0,0,1,0,0,No,MES 4,HASH-BEDB518DC8C2
SCHOLAR-4CB2C0B08DA7,2026-06,2026-1,MES 4,COLOMBIA,Mentor-E8A42252,HASH-6398EC59B9C3,Cohorte 2026 COL,Scholar-4CB2C0B0,Universidad EAFIT,Mentoría 4,2026-05,Virtual,No,Sin alertas,,SIN ALERTA,9,0,Sin alertas,,SIN ALERTA,SIN RIESGO,Sin alertas: Seguimiento mensual,0,0,1,0,0,No,MES 4,HASH-194874FCBFF2
SCHOLAR-A6A522BA2A3D,2026-06,2026-1,MES 4,COLOMBIA,Mentor-2ADFAAC3,HASH-E1DE72098FF3,Cohorte 2026 COL,Scholar-A6A522BA,Universidad de los Andes,Mentoría 4,2026-03,Virtual,No,Sin alertas,,SIN ALERTA,6,0,Sin alertas,,SIN ALERTA,SIN RIESGO,Sin alertas: Seguimiento mensual,3,0,1,0,0,No,MES 4,HASH-13F2DE201384
SCHOLAR-DD8B04764A25,2026-06,2026-1,MES 4,COLOMBIA,Mentor-2ADFAAC3,HASH-E1DE72098FF3,Cohorte 2026 COL,Scholar-DD8B0476,Universidad del Norte,Mentoría 4,2026-01,Virtual,No,Sin alertas,,SIN ALERTA,6,0,Sin alertas,,SIN ALERTA,SIN RIESGO,Sin alertas: Seguimiento mensual,1,0,1,0,0,No,MES 4,HASH-303CE5F9FDF3
SCHOLAR-94B2ADB70651,2026-06,2026-1,MES 4,COLOMBIA,Mentor-2ADFAAC3,HASH-E1DE72098FF3,Cohorte 2026 COL,Scholar-94B2ADB7,Universidad del Norte,Mentoría 4,2026-02,Virtual,No,Sin alertas,,SIN ALERTA,6,0,Sin alertas,,SIN ALERTA,SIN RIESGO,Sin alertas: Seguimiento mensual,0,1,1,0,0,No,MES 4,HASH-4C0D71616FAD
SCHOLAR-914BBA8604F4,2026-06,2026-1,MES 4,COLOMBIA,Mentor-2ADFAAC3,HASH-E1DE72098FF3,Cohorte 2026 COL,Scholar-914BBA86,Universidad del Norte,Mentoría 4,2026-01,Virtual,No,Sin alertas,,SIN ALERTA,6,0,Sin alertas,,SIN ALERTA,SIN RIESGO,Sin alertas: Seguimiento mensual,0,0,1,0,0,No,MES 4,HASH-FC87D82D8A60
SCHOLAR-A1B24F19188A,2026-06,2026-1,MES 4,COLOMBIA,Mentor-2ADFAAC3,HASH-E1DE72098FF3,Cohorte 2026 COL,Scholar-A1B24F19,Universidad de los Andes,Mentoría 4,2026-05,Virtual,No,Sin alertas,,SIN ALERTA,6,0,Sin alertas,,SIN ALERTA,SIN RIESGO,Sin alertas: Seguimiento mensual,0,0,1,0,1,No,MES 4,HASH-F6618F301600
SCHOLAR-41CE2FD24B22,2026-06,2026-1,MES 4,COLOMBIA,Mentor-2ADFAAC3,HASH-E1DE72098FF3,Cohorte 2026 COL,Scholar-41CE2FD2,Universidad del Norte,Mentoría 4,2026-05,Virtual,No,Sin alertas,,SIN ALERTA,6,0,Sin alertas,,SIN ALERTA,SIN RIESGO,Sin alertas: Seguimiento mensual,0,0,1,0,0,No,MES 4,HASH-84C05601A513
SCHOLAR-8FE0F88AA594,2026-06,2026-1,MES 5,COLOMBIA,Mentor-AC82DE0B,HASH-297816898AF6,Cohorte 2025 COL,Scholar-8FE0F88A,Pontificia Universidad Javeriana,Mentoría 5,2026-06,Virtual,No,Sin alertas,,SIN ALERTA,6,0,Bajo,,BAJO: Desacuerdos familiares o relacionales.,RIESGO BAJO,Bajo: 4 semanas,0,0,1,0,0,No,MES 5,HASH-C8181A16422B
SCHOLAR-07A88DB490DF,2026-06,2026-1,MES 5,COLOMBIA,Mentor-F14A1035,HASH-7938F9C4972C,Cohorte 2025 COL,Scholar-07A88DB4,Pontificia Universidad Javeriana,Mentoría 5,2026-06,Virtual,No,Sin alertas,,SIN ALERTA,6,0,Sin alertas,,SIN ALERTA,SIN RIESGO,Sin alertas: Seguimiento mensual,1,0,1,0,0,No,MES 5,HASH-E23CCC68BAFC
SCHOLAR-75A78E27DD3F,2026-06,2026-1,MES 5,COLOMBIA,Mentor-AC82DE0B,HASH-297816898AF6,Cohorte 2025 COL,Scholar-75A78E27,Pontificia Universidad Javeriana,Mentoría 5,2026-06,Virtual,No,Sin alertas,,SIN ALERTA,6,0,Sin alertas,,SIN ALERTA,SIN RIESGO,Sin alertas: Seguimiento mensual,0,0,1,0,0,No,MES 5,HASH-BBB93759B146
SCHOLAR-F92E37E1006A,2026-06,2026-1,MES 5,COLOMBIA,Mentor-F14A1035,HASH-7938F9C4972C,Cohorte 2026 COL,Scholar-F92E37E1,Universidad EIA,Mentoría 5,2026-06,Virtual,Sí,Alto,,ALTO: Pierde dos o más materias/cursos.,4,2,Medio,,"MEDIO: Conflictos recurrentes con familia o pareja (afecta su desempeño)
MEDIO: Aislamiento social progresivo (afecta su desempeño).",RIESGO ALTO,Alto: 8-10 semanas,0,1,1,0,0,No,MES 5,HASH-1BCD68ABF03C
SCHOLAR-66DEAE450C0B,2026-06,2026-1,MES 5,COLOMBIA,Mentor-F14A1035,HASH-7938F9C4972C,Cohorte 2026 COL,Scholar-66DEAE45,Universidad EIA,Mentoría 5,2026-06,Virtual,No,Sin alertas,,SIN ALERTA,6,0,Sin alertas,,SIN ALERTA,SIN RIESGO,Sin alertas: Seguimiento mensual,0,0,1,0,0,No,MES 5,HASH-A9A4FE54B23D
SCHOLAR-AA8CAAF5BF76,2026-06,2026-1,MES 5,COLOMBIA,Mentor-AC82DE0B,HASH-297816898AF6,Cohorte 2025 COL,Scholar-AA8CAAF5,Universidad EIA,Mentoría 5,2026-06,Virtual,No,Sin alertas,,SIN ALERTA,6,0,Bajo,,"BAJO: Se ha sentido triste, ansioso/a o desmotivado/a en los últimos días.",RIESGO BAJO,Bajo: 4 semanas,0,0,1,0,0,No,MES 5,HASH-0D316A5940CF
SCHOLAR-7C41AB6CAB6D,2026-06,2026-1,MES 5,COLOMBIA,Mentor-AC82DE0B,HASH-297816898AF6,Cohorte 2025 COL,Scholar-7C41AB6C,Pontificia Universidad Javeriana,Mentoría 5,2026-06,Virtual,No,Sin alertas,,SIN ALERTA,7,0,Sin alertas,,SIN ALERTA,SIN RIESGO,Sin alertas: Seguimiento mensual,0,0,1,0,0,No,MES 5,HASH-49D5C3569B69
SCHOLAR-8FB2F1AF6F77,2026-06,2026-1,MES 5,COLOMBIA,Mentor-AC82DE0B,HASH-297816898AF6,Cohorte 2025 COL,Scholar-8FB2F1AF,Universidad EIA,Mentoría 5,2026-06,Virtual,No,Sin alertas,,SIN ALERTA,6,0,Sin alertas,,SIN ALERTA,SIN RIESGO,Sin alertas: Seguimiento mensual,0,0,1,0,0,No,MES 5,HASH-FD0BB7C29EB1
SCHOLAR-7C2E4C8F7F1F,2026-06,2026-1,MES 5,COLOMBIA,Mentor-2ADFAAC3,HASH-E1DE72098FF3,Cohorte 2026 COL,Scholar-7C2E4C8F,Universidad de los Andes,Mentoría 5,2026-06,Virtual,No,Sin alertas,,SIN ALERTA,6,0,Sin alertas,,SIN ALERTA,SIN RIESGO,Sin alertas: Seguimiento mensual,2,0,1,0,0,No,MES 5,HASH-6B53EC4B53C5
SCHOLAR-844B6D5B430E,2026-06,2026-1,MES 5,COLOMBIA,Mentor-F14A1035,HASH-7938F9C4972C,Cohorte 2026 COL,Scholar-844B6D5B,Universidad EIA,Mentoría 8,2026-06,Virtual,Sí,Crítico,,"ALTO: Retiró/canceló 1 o 2 materias clave.
ALTO: Inasistencia a las actividades de acompañamiento.",3,0,Alto,,ALTO: Crisis emocional que afecta directamente el desempeño académico.,RIESGO ALTO,Crítico: 10-12 semanas,0,0,2,0,0,No,MES 5,HASH-230DF2B9B4E0
SCHOLAR-34F8AC22115C,2026-06,2026-1,MES 5,COLOMBIA,Mentor-2ADFAAC3,HASH-E1DE72098FF3,Cohorte 2026 COL,Scholar-34F8AC22,Universidad del Norte,Mentoría 5,2026-06,Virtual,No,Sin alertas,,SIN ALERTA,6,0,Sin alertas,,SIN ALERTA,SIN RIESGO,Sin alertas: Seguimiento mensual,0,1,1,0,0,No,MES 5,HASH-F3E68D80B181
SCHOLAR-56360FF40931,2026-06,2026-1,MES 5,COLOMBIA,Mentor-F14A1035,HASH-7938F9C4972C,Cohorte 2026 COL,Scholar-56360FF4,Pontificia Universidad Javeriana,Mentoría 5,2026-06,Virtual,Sí,Alto,,ALTO: Pierde dos o más materias/cursos.,6,1,Sin alertas,,SIN ALERTA,RIESGO ALTO,Alto: 8-10 semanas,3,0,1,0,0,No,MES 5,HASH-5A0CDEEAE144
SCHOLAR-7CF2E2274BFA,2026-06,2026-1,MES 5,COLOMBIA,Mentor-2ADFAAC3,HASH-E1DE72098FF3,Cohorte 2026 COL,Scholar-7CF2E227,Universidad de los Andes,Mentoría 5,2026-06,Virtual,No,Medio,,MEDIO: Está perdiendo una asignatura/curso.,6,1,Sin alertas,,SIN ALERTA,RIESGO MEDIO,Bajo: 4 semanas,2,0,1,0,0,No,MES 5,HASH-0261C086445D
SCHOLAR-D9BF6BEB4089,2026-06,2026-1,MES 5,COLOMBIA,Mentor-F14A1035,HASH-7938F9C4972C,Cohorte 2026 COL,Scholar-D9BF6BEB,Universidad EIA,Mentoría 5,2026-06,Virtual,No,Sin alertas,,SIN ALERTA,6,0,Sin alertas,,SIN ALERTA,SIN RIESGO,Sin alertas: Seguimiento mensual,0,2,1,0,0,No,MES 5,HASH-C7DD99F1C66D
SCHOLAR-4C71BB8143A0,2026-06,2026-1,MES 5,COLOMBIA,Mentor-F14A1035,HASH-7938F9C4972C,Cohorte 2025 COL,Scholar-4C71BB81,Pontificia Universidad Javeriana,Mentoría 5,2026-06,Virtual,No,Sin alertas,,SIN ALERTA,7,0,Sin alertas,,SIN ALERTA,SIN RIESGO,Sin alertas: Seguimiento mensual,2,0,1,0,0,No,MES 5,HASH-3687F9801528
SCHOLAR-A08285CB8D93,2026-06,2026-1,MES 5,COLOMBIA,Mentor-AC82DE0B,HASH-297816898AF6,Cohorte 2026 COL,Scholar-A08285CB,Universidad EIA,Mentoría 5,2026-06,Virtual,No,Sin alertas,,SIN ALERTA,6,0,Sin alertas,,SIN ALERTA,SIN RIESGO,Sin alertas: Seguimiento mensual,0,1,1,0,0,No,MES 5,HASH-2A10DAFBE382
SCHOLAR-5E1800A7C7BD,2026-06,2026-1,MES 5,COLOMBIA,Mentor-AC82DE0B,HASH-297816898AF6,Cohorte 2026 COL,Scholar-5E1800A7,Universidad EIA,Mentoría 5,2026-06,Virtual,No,Sin alertas,,SIN ALERTA,6,0,Sin alertas,,SIN ALERTA,SIN RIESGO,Sin alertas: Seguimiento mensual,0,0,1,0,0,No,MES 5,HASH-7590AFADEA2D
SCHOLAR-FDD0C2DA3EC1,2026-06,2026-1,MES 5,COLOMBIA,Mentor-2ADFAAC3,HASH-E1DE72098FF3,Cohorte 2026 COL,Scholar-FDD0C2DA,Universidad de los Andes,Mentoría 5,2026-06,Virtual,No,Sin alertas,,SIN ALERTA,6,0,Sin alertas,,SIN ALERTA,SIN RIESGO,Sin alertas: Seguimiento mensual,2,0,1,0,0,No,MES 5,HASH-AA89F0323DCF
SCHOLAR-C4B43670F064,2026-06,2026-1,MES 5,COLOMBIA,Mentor-2ADFAAC3,HASH-E1DE72098FF3,Cohorte 2026 COL,Scholar-C4B43670,Universidad de los Andes,Mentoría 5,2026-06,Virtual,No,Medio,,MEDIO: Reprobó 1 o 2 asignaturas de cálculo/math el semestre anterior.,6,0,Sin alertas,,SIN ALERTA,RIESGO MEDIO,Medio: 4-8 semanas,3,0,1,0,0,No,MES 5,HASH-24A821191C5F
SCHOLAR-F8B14591F744,2026-06,2026-1,MES 5,COLOMBIA,Mentor-F14A1035,HASH-7938F9C4972C,Cohorte 2026 COL,Scholar-F8B14591,Pontificia Universidad Javeriana,Mentoría 7,2026-06,Virtual,Sí,Crítico,,ALTO: Pierde dos o más materias/cursos.,5,1,Bajo,,BAJO: Duda ocasional sobre sus capacidades académicas.,RIESGO ALTO,Crítico: 10-12 semanas,5,2,7,,3,No,MES 5,HASH-64E25C7693C0
SCHOLAR-C8AF78F68638,2026-06,2026-1,MES 5,COLOMBIA,Mentor-F14A1035,HASH-7938F9C4972C,Cohorte 2026 COL,Scholar-C8AF78F6,Universidad EIA,Mentoría 6,2026-06,Virtual,Sí,Alto,,ALTO: Pierde dos o más materias/cursos.,4,2,Bajo,,"BAJO: Duda ocasional sobre sus capacidades académicas.
BAJO: Estrés académico ocasional.",RIESGO ALTO,Alto: 8-10 semanas,7,1,6,,1,No,MES 5,HASH-8ECF6DBA8B87
SCHOLAR-DD8B04764A25,2026-06,2026-1,MES 5,COLOMBIA,Mentor-2ADFAAC3,HASH-E1DE72098FF3,Cohorte 2026 COL,Scholar-DD8B0476,Universidad del Norte,Mentoría 5,2026-06,Virtual,No,Sin alertas,,SIN ALERTA,6,0,Sin alertas,,SIN ALERTA,SIN RIESGO,Sin alertas: Seguimiento mensual,3,1,5,,2,No,MES 5,HASH-20FFBB76AEDD
SCHOLAR-A2CBF9493F1C,2026-06,2026-1,MES 5,COLOMBIA,Mentor-2ADFAAC3,HASH-E1DE72098FF3,Cohorte 2026 COL,Scholar-A2CBF949,Universidad de los Andes,Mentoría 5,2026-06,Virtual,No,Sin alertas,,SIN ALERTA,6,0,Sin alertas,,SIN ALERTA,SIN RIESGO,Sin alertas: Seguimiento mensual,6,1,5,,,No,MES 5,HASH-EA52BCCAADFE
SCHOLAR-9C5C835978AA,2026-06,2026-1,MES 5,COLOMBIA,Mentor-2ADFAAC3,HASH-E1DE72098FF3,Cohorte 2026 COL,Scholar-9C5C8359,Universidad de los Andes,Mentoría 5,2026-06,Virtual,No,Sin alertas,,SIN ALERTA,6,0,Sin alertas,,SIN ALERTA,SIN RIESGO,Sin alertas: Seguimiento mensual,4,1,5,,2,No,MES 5,HASH-6937320ECEAC
SCHOLAR-577E2CB6585B,2026-06,2026-1,MES 5,COLOMBIA,Mentor-2ADFAAC3,HASH-E1DE72098FF3,Cohorte 2026 COL,Scholar-577E2CB6,Universidad del Norte,Mentoría 5,2026-06,Virtual,No,Sin alertas,,SIN ALERTA,6,0,Sin alertas,,SIN ALERTA,SIN RIESGO,Sin alertas: Seguimiento mensual,,1,5,,,No,MES 5,HASH-FC22EEB3CD7D
SCHOLAR-A1BC51921E85,2026-06,2026-1,MES 5,COLOMBIA,Mentor-F14A1035,HASH-7938F9C4972C,Cohorte 2026 COL,Scholar-A1BC5192,Universidad EIA,Mentoría 5,2026-06,Virtual,Sí,Alto,,"ALTO: Pierde dos o más materias/cursos.
ALTO: Incumplió una falta en la universidad.",4,2,Bajo,,BAJO: Duda ocasional sobre sus capacidades académicas.,RIESGO ALTO,Alto: 8-10 semanas,2,3,5,,2,No,MES 5,HASH-BFC33814F680
SCHOLAR-323746906800,2026-06,2026-1,MES 5,COLOMBIA,Mentor-2ADFAAC3,HASH-E1DE72098FF3,Cohorte 2026 COL,Scholar-32374690,Universidad del Norte,Mentoría 5,2026-06,Virtual,No,Sin alertas,,SIN ALERTA,6,0,Sin alertas,,SIN ALERTA,SIN RIESGO,Sin alertas: Seguimiento mensual,,2,4,,2,No,MES 5,HASH-6BB1843E2695
SCHOLAR-211868B9C2B9,2026-06,2026-1,MES 4,PERÚ,Mentor-AE2075FE,HASH-4CBDDF7A390D,Cohorte 2026 PER,Scholar-211868B9,Universidad Pontificia Bolivariana,Mentoría 4,2026-11,Virtual,No,Bajo,,"BAJO: Presenta 1 parcial o examen con nota desaprobatoria.
BAJO: Está teniendo dificultades para entender 1 asignaturas.",0,0,Sin alertas,,SIN ALERTA,RIESGO BAJO,Sin alertas: Seguimiento mensual,,,1,1,1,No,MES 4,HASH-7A28D7362E62
SCHOLAR-DD3F9E1C0B52,2026-06,2026-1,MES 5,COLOMBIA,Mentor-2ADFAAC3,HASH-E1DE72098FF3,Cohorte 2026 COL,Scholar-DD3F9E1C,Universidad de los Andes,Mentoría 5,2026-06,Virtual,No,Sin alertas,,SIN ALERTA,6,0,Sin alertas,,SIN ALERTA,SIN RIESGO,Sin alertas: Seguimiento mensual,,,4,,1,No,MES 5,HASH-5384943B1F4A
SCHOLAR-96AF29D30254,2026-06,2026-1,MES 5,COLOMBIA,Mentor-2ADFAAC3,HASH-E1DE72098FF3,Cohorte 2026 COL,Scholar-96AF29D3,Universidad de los Andes,Mentoría 5,2026-06,Virtual,No,Bajo,,BAJO: Tiene dificultades en hábitos y métodos de estudio.,6,0,Sin alertas,,SIN ALERTA,RIESGO BAJO,Bajo: 4 semanas,7,2,4,,2,No,MES 5,HASH-BEABD3C83679
SCHOLAR-A7AD4C0B1060,2026-06,2026-1,MES 5,COLOMBIA,Mentor-2ADFAAC3,HASH-E1DE72098FF3,Cohorte 2026 COL,Scholar-A7AD4C0B,Universidad del Norte,Mentoría 5,2026-06,Virtual,No,Sin alertas,,"MEDIO: Reprobó 1 o 2 asignaturas de cálculo/math el semestre anterior.
SIN ALERTA",6,0,Sin alertas,,SIN ALERTA,SIN RIESGO,Sin alertas: Seguimiento mensual,3,3,4,,2,No,MES 5,HASH-178D2C4470B7
SCHOLAR-3F49A50AF900,2026-06,2026-1,MES 5,COLOMBIA,Mentor-2ADFAAC3,HASH-E1DE72098FF3,Cohorte 2026 COL,Scholar-3F49A50A,Universidad de los Andes,Mentoría 5,2026-06,Virtual,No,Medio,,MEDIO: Reprobó 1 o 2 asignaturas de cálculo/math el semestre anterior.,5,1,Sin alertas,,SIN ALERTA,RIESGO MEDIO,Medio: 4-8 semanas,9,,4,,3,No,MES 5,HASH-0C196CD5811C
SCHOLAR-CFFD2DCD7EE5,2026-06,2026-1,MES 5,COLOMBIA,Mentor-2ADFAAC3,HASH-E1DE72098FF3,Cohorte 2026 COL,Scholar-CFFD2DCD,Universidad de los Andes,Mentoría 5,2026-06,Virtual,No,Medio,,MEDIO: Está perdiendo una asignatura/curso.,5,1,Sin alertas,,SIN ALERTA,RIESGO MEDIO,Medio: 4-8 semanas,8,1,4,,2,No,MES 5,HASH-F05C9A6D6165
SCHOLAR-E48E6AEED740,2026-06,2026-1,MES 5,COLOMBIA,Mentor-2ADFAAC3,HASH-E1DE72098FF3,Cohorte 2026 COL,Scholar-E48E6AEE,Universidad del Norte,Mentoría 5,2026-06,Virtual,No,Sin alertas,,SIN ALERTA,6,0,Sin alertas,,SIN ALERTA,SIN RIESGO,Sin alertas: Seguimiento mensual,1,,4,,1,No,MES 5,HASH-7C15DCF57D6C
SCHOLAR-A127344ED21F,2026-06,2026-1,MES 5,COLOMBIA,Mentor-2ADFAAC3,HASH-E1DE72098FF3,Cohorte 2026 COL,Scholar-A127344E,Universidad de los Andes,Mentoría 6,2026-06,Virtual,No,Medio,,BAJO: Tiene dificultades en hábitos y métodos de estudio.,5,1,Sin alertas,,SIN ALERTA,RIESGO MEDIO,Medio: 4-8 semanas,9,1,4,,,No,MES 5,HASH-DA01769230D2
SCHOLAR-64485B0DF3E3,2026-06,2026-1,MES 5,COLOMBIA,Mentor-2ADFAAC3,HASH-E1DE72098FF3,Cohorte 2026 COL,Scholar-64485B0D,Universidad del Norte,Mentoría 5,2026-06,Virtual,No,Sin alertas,,SIN ALERTA,6,0,Sin alertas,,SIN ALERTA,SIN RIESGO,Sin alertas: Seguimiento mensual,3,1,4,,2,No,MES 5,HASH-FC5274018D44
SCHOLAR-BBFDC8E9E653,2026-06,2026-1,MES 5,COLOMBIA,Mentor-7C4B3EAC,HASH-A4B52B5B9CB9,Cohorte 2025 COL,Scholar-BBFDC8E9,Universidad EAFIT,Mentoría 5,2026-06,Virtual,No,Sin alertas,,SIN ALERTA,6,0,Sin alertas,,SIN ALERTA,SIN RIESGO,Sin alertas: Seguimiento mensual,,,5,,,No,MES 5,HASH-3FAF70853AE9
SCHOLAR-A1291D8078A8,2026-06,2026-1,MES 5,COLOMBIA,Mentor-7C4B3EAC,HASH-A4B52B5B9CB9,Cohorte 2025 COL,Scholar-A1291D80,Universidad EAFIT,Mentoría 5,2026-06,Virtual,No,Sin alertas,,SIN ALERTA,6,0,Sin alertas,,SIN ALERTA,SIN RIESGO,Sin alertas: Seguimiento mensual,,,5,,,No,MES 5,HASH-D01231501C0C
SCHOLAR-D393B98CCAEB,2026-06,2026-1,MES 5,COLOMBIA,Mentor-7C4B3EAC,HASH-A4B52B5B9CB9,Cohorte 2025 COL,Scholar-D393B98C,Universidad Pontificia Bolivariana,Mentoría 5,2026-06,Virtual,No,Sin alertas,,SIN ALERTA,5,0,Sin alertas,,SIN ALERTA,SIN RIESGO,Sin alertas: Seguimiento mensual,,,1,,,No,MES 5,HASH-A0D213BD8505
SCHOLAR-0C2D48E37C8A,2026-06,2026-1,MES 5,COLOMBIA,Mentor-7C4B3EAC,HASH-A4B52B5B9CB9,Cohorte 2025 COL,Scholar-0C2D48E3,Universidad Pontificia Bolivariana,Mentoría 5,2026-06,Virtual,No,Sin alertas,,SIN ALERTA,6,0,Sin alertas,,SIN ALERTA,SIN RIESGO,Sin alertas: Seguimiento mensual,,,1,,,No,MES 5,HASH-C717782E7564
SCHOLAR-51D494705753,2026-06,2026-1,MES 5,COLOMBIA,Mentor-2ADFAAC3,HASH-E1DE72098FF3,Cohorte 2026 COL,Scholar-51D49470,Universidad del Norte,Mentoría 5,2026-06,Virtual,No,Sin alertas,,SIN ALERTA,6,0,Sin alertas,,SIN ALERTA,SIN RIESGO,Sin alertas: Seguimiento mensual,,3,4,,2,No,MES 5,HASH-8A79371222FB
SCHOLAR-639D5029D4A0,2026-06,2026-1,MES 5,COLOMBIA,Mentor-2ADFAAC3,HASH-E1DE72098FF3,Cohorte 2026 COL,Scholar-639D5029,Universidad de los Andes,Mentoría 5,2026-06,Virtual,No,Sin alertas,,SIN ALERTA,6,0,Sin alertas,,SIN ALERTA,SIN RIESGO,Sin alertas: Seguimiento mensual,5,1,4,,1,No,MES 5,HASH-1F3C85D397B3
SCHOLAR-876BAC4113E0,2026-06,2026-1,MES 5,COLOMBIA,Mentor-2ADFAAC3,HASH-E1DE72098FF3,Cohorte 2026 COL,Scholar-876BAC41,Universidad de los Andes,Mentoría 5,2026-06,Virtual,No,Sin alertas,,SIN ALERTA,6,0,Sin alertas,,SIN ALERTA,SIN RIESGO,Sin alertas: Seguimiento mensual,4,,4,,2,No,MES 5,HASH-DD9880E310C7
SCHOLAR-EA2C0BD7FF58,2026-06,2026-1,MES 5,COLOMBIA,Mentor-2ADFAAC3,HASH-E1DE72098FF3,Cohorte 2026 COL,Scholar-EA2C0BD7,Universidad de los Andes,Mentoría 5,2026-06,Virtual,No,Sin alertas,,SIN ALERTA,6,0,Sin alertas,,SIN ALERTA,SIN RIESGO,Sin alertas: Seguimiento mensual,,,4,,1,No,MES 5,HASH-2B4FBF6CE649
SCHOLAR-3991A7E653FD,2026-06,2026-1,MES 5,COLOMBIA,Mentor-F14A1035,HASH-7938F9C4972C,Cohorte 2026 COL,Scholar-3991A7E6,Pontificia Universidad Javeriana,Mentoría 5,2026-06,Virtual,No,Sin alertas,,SIN ALERTA,7,0,Sin alertas,,SIN ALERTA,SIN RIESGO,Sin alertas: Seguimiento mensual,2,3,5,,2,No,MES 5,HASH-3C1F15C5C427
SCHOLAR-94B2ADB70651,2026-06,2026-1,MES 5,COLOMBIA,Mentor-2ADFAAC3,HASH-E1DE72098FF3,Cohorte 2026 COL,Scholar-94B2ADB7,Universidad de los Andes,Mentoría 5,2026-06,Virtual,No,Sin alertas,,SIN ALERTA,6,0,Sin alertas,,SIN ALERTA,SIN RIESGO,Sin alertas: Seguimiento mensual,,2,4,,2,No,MES 5,HASH-B64A34C6945A
SCHOLAR-57E907B58FB0,2026-06,2026-1,MES 5,COLOMBIA,Mentor-AC82DE0B,HASH-297816898AF6,Cohorte 2026 COL,Scholar-57E907B5,Pontificia Universidad Javeriana,Mentoría 5,2026-06,Virtual,No,Sin alertas,,SIN ALERTA,7,0,Sin alertas,,SIN ALERTA,SIN RIESGO,Sin alertas: Seguimiento mensual,1,3,4,,1,No,MES 5,HASH-148AA07EA0E0
SCHOLAR-3F3C2B416ADA,2026-06,2026-1,MES 5,COLOMBIA,Mentor-2ADFAAC3,HASH-E1DE72098FF3,Cohorte 2026 COL,Scholar-3F3C2B41,Universidad de los Andes,Mentoría 5,2026-06,Virtual,No,Sin alertas,,SIN ALERTA,6,0,Sin alertas,,SIN ALERTA,SIN RIESGO,Sin alertas: Seguimiento mensual,4,1,4,,1,No,MES 5,HASH-FE244A03AFCE
SCHOLAR-AFDBEB2164D1,2026-06,2026-1,MES 5,COLOMBIA,Mentor-2ADFAAC3,HASH-E1DE72098FF3,Cohorte 2026 COL,Scholar-AFDBEB21,Universidad de los Andes,Mentoría 5,2026-06,Virtual,No,Sin alertas,,SIN ALERTA,6,0,Sin alertas,,SIN ALERTA,SIN RIESGO,Sin alertas: Seguimiento mensual,3,,4,,2,No,MES 5,HASH-EAA70FD93226
SCHOLAR-962748838F6E,2026-06,2026-1,MES 5,COLOMBIA,Mentor-AC82DE0B,HASH-297816898AF6,Cohorte 2025 COL,Scholar-96274883,Universidad EIA,Mentoría 5,2026-06,Virtual,No,Sin alertas,,SIN ALERTA,6,0,Sin alertas,,SIN ALERTA,SIN RIESGO,Sin alertas: Seguimiento mensual,,,4,2,1,No,MES 5,HASH-3E44943281DD
SCHOLAR-54EE3F1A634F,2026-06,2026-1,MES 5,COLOMBIA,Mentor-F14A1035,HASH-7938F9C4972C,Cohorte 2026 COL,Scholar-54EE3F1A,Universidad EIA,Mentoría 5,2026-06,Virtual,Sí,Sin alertas,,SIN ALERTA,6,0,Sin alertas,,SIN ALERTA,SIN RIESGO,Sin alertas: Seguimiento mensual,1,2,5,,1,No,MES 5,HASH-2A481B7B0EE2
SCHOLAR-3FDB0A1C29B7,2026-06,2026-1,MES 5,COLOMBIA,Mentor-F14A1035,HASH-7938F9C4972C,Cohorte 2025 COL,Scholar-3FDB0A1C,Universidad EAFIT,Mentoría 5,2026-06,Virtual,No,Sin alertas,,SIN ALERTA,6,0,Sin alertas,,SIN ALERTA,SIN RIESGO,Sin alertas: Seguimiento mensual,1,1,5,1,3,No,MES 5,HASH-56562D9702B9
SCHOLAR-E510C6B0F74D,2026-06,2026-1,MES 5,COLOMBIA,Mentor-F14A1035,HASH-7938F9C4972C,Cohorte 2026 COL,Scholar-E510C6B0,Universidad EIA,Mentoría 5,2026-06,Virtual,No,Sin alertas,,SIN ALERTA,6,0,Sin alertas,,SIN ALERTA,SIN RIESGO,Sin alertas: Seguimiento mensual,,6,5,,3,No,MES 5,HASH-FE0FB17E25E2
SCHOLAR-87962DECDE3F,2026-06,2026-1,MES 5,COLOMBIA,Mentor-F14A1035,HASH-7938F9C4972C,Cohorte 2026 COL,Scholar-87962DEC,Universidad EIA,Mentoría 5,2026-06,Virtual,No,Sin alertas,,SIN ALERTA,6,0,Sin alertas,,SIN ALERTA,SIN RIESGO,Sin alertas: Seguimiento mensual,1,3,5,,3,No,MES 5,HASH-9643388F0353
SCHOLAR-501E11345DBD,2026-06,2026-1,MES 5,COLOMBIA,Mentor-F14A1035,HASH-7938F9C4972C,Cohorte 2026 COL,Scholar-501E1134,Universidad EIA,Mentoría 5,2026-06,Virtual,No,Sin alertas,,SIN ALERTA,6,0,Sin alertas,,SIN ALERTA,SIN RIESGO,Sin alertas: Seguimiento mensual,,3,5,,2,No,MES 5,HASH-A6FEA3469538
SCHOLAR-16532EDAC529,2026-06,2026-1,MES 5,COLOMBIA,Mentor-F14A1035,HASH-7938F9C4972C,Cohorte 2026 COL,Scholar-16532EDA,Universidad EIA,Mentoría 5,2026-06,Virtual,No,Sin alertas,,SIN ALERTA,6,0,Sin alertas,,SIN ALERTA,SIN RIESGO,Sin alertas: Seguimiento mensual,,,5,,1,No,MES 5,HASH-4A3BF66A60E7
SCHOLAR-A985B6B52274,2026-06,2026-1,MES 5,COLOMBIA,Mentor-F14A1035,HASH-7938F9C4972C,Cohorte 2025 COL,Scholar-A985B6B5,Universidad EIA,Mentoría 5,2026-06,Virtual,No,Sin alertas,,SIN ALERTA,7,0,Sin alertas,,SIN ALERTA,SIN RIESGO,Sin alertas: Seguimiento mensual,1,,5,2,2,No,MES 5,HASH-0C011E64A598
SCHOLAR-545212696F0D,2026-06,2026-1,MES 5,COLOMBIA,Mentor-F14A1035,HASH-7938F9C4972C,Cohorte 2026 COL,Scholar-54521269,Universidad EIA,Mentoría 5,2026-06,Virtual,No,Sin alertas,,SIN ALERTA,6,0,Sin alertas,,SIN ALERTA,SIN RIESGO,Sin alertas: Seguimiento mensual,2,6,5,,2,No,MES 5,HASH-5D5C668A22DC
SCHOLAR-7ACB94937FDF,2026-06,2026-1,MES 5,COLOMBIA,Mentor-F14A1035,HASH-7938F9C4972C,Cohorte 2026 COL,Scholar-7ACB9493,Universidad EIA,Mentoría 5,2026-06,Virtual,No,Sin alertas,,SIN ALERTA,6,0,Sin alertas,,SIN ALERTA,SIN RIESGO,Sin alertas: Seguimiento mensual,2,3,5,,3,No,MES 5,HASH-0AE5116F1BE9
SCHOLAR-EA029A0964AA,2026-06,2026-1,MES 5,COLOMBIA,Mentor-F14A1035,HASH-7938F9C4972C,Cohorte 2026 COL,Scholar-EA029A09,Universidad EIA,Mentoría 5,2026-06,Virtual,No,Sin alertas,,SIN ALERTA,6,0,Sin alertas,,SIN ALERTA,SIN RIESGO,Sin alertas: Seguimiento mensual,,1,5,,1,No,MES 5,HASH-559B4DD70044
SCHOLAR-B51DE52246DE,2026-06,2026-1,MES 4,PERÚ,Mentor-16D91A6D,HASH-557A8A6E085C,Cohorte 2025 PER,Scholar-B51DE522,UTEC,Mentoría 5,2026-10,Virtual,No,Bajo,,BAJO: Está teniendo dificultades para entender 1 asignaturas.,5,0,Bajo,,BAJO: Estrés académico ocasional.,RIESGO BAJO,Bajo: 4 semanas,,10,3,1,1,No,MES 5,HASH-4A170FA703C9
SCHOLAR-73D5611DBD4C,2026-06,2026-1,MES 4,PERÚ,Mentor-16D91A6D,HASH-557A8A6E085C,Cohorte 2025 PER,Scholar-73D5611D,UTEC,Mentoría 5,2026-10,Virtual,No,Sin alertas,,SIN ALERTA,5,0,Sin alertas,,SIN ALERTA,SIN RIESGO,Sin alertas: Seguimiento mensual,,9,2,1,1,No,MES 5,HASH-C38A5456C307
SCHOLAR-82AF52B0C1EA,2026-06,2026-1,MES 4,PERÚ,Mentor-16D91A6D,HASH-557A8A6E085C,Cohorte 2025 PER,Scholar-82AF52B0,UTEC,Mentoría 5,2026-10,Virtual,Sí,Alto,,"MEDIO: Calificaciones parciales bajas que lo ponen en riesgo de reprobar.
ALTO: Pierde dos o más materias/cursos.",5,1,Alto,,"ALTO: Desmotivación fuerte frente a la carrera o universidad.
ALTO: Está considerando abandonar la carrera.",RIESGO CRÍTICO,Medio: 4-8 semanas,,9,3,1,1,No,MES 5,HASH-40AE6E3D350B
SCHOLAR-5578D789BF0A,2026-06,2026-1,MES 4,PERÚ,Mentor-16D91A6D,HASH-557A8A6E085C,Cohorte 2025 PER,Scholar-5578D789,UTEC,Mentoría 5,2026-10,Virtual,No,Bajo,,BAJO: Está teniendo dificultades para entender 1 asignaturas.,5,0,Bajo,,BAJO: Estrés académico ocasional.,RIESGO BAJO,Bajo: 4 semanas,,9,2,1,1,No,MES 5,HASH-E4971419A44F
SCHOLAR-1A9EC95C0C74,2026-06,2026-1,MES 4,PERÚ,Mentor-16D91A6D,HASH-557A8A6E085C,Cohorte 2025 PER,Scholar-1A9EC95C,UTEC,Mentoría 5,2026-10,Virtual,No,Bajo,,BAJO: Está teniendo dificultades para entender 1 asignaturas.,6,1,Bajo,,BAJO: Estrés académico ocasional.,RIESGO BAJO,Medio: 4-8 semanas,,9,2,1,1,No,MES 5,HASH-57EFAA78DEAD
SCHOLAR-CFC72B6E041A,2026-06,2026-1,MES 4,PERÚ,Mentor-16D91A6D,HASH-557A8A6E085C,Cohorte 2025 PER,Scholar-CFC72B6E,UTEC,Mentoría 5,2026-10,Virtual,No,Medio,,MEDIO: Está teniendo dificultades para entender más de 1 asignatura.,5,1,Alto,,ALTO: Crisis emocional que afecta directamente el desempeño académico.,RIESGO ALTO,Alto: 8-10 semanas,,9,5,1,1,No,MES 5,HASH-61BFCBD8C0E9
SCHOLAR-552D7FF8ECB9,2026-06,2026-1,MES 4,PERÚ,Mentor-16D91A6D,HASH-557A8A6E085C,Cohorte 2025 PER,Scholar-552D7FF8,UTEC,Mentoría 5,2026-10,Virtual,No,Bajo,,BAJO: Presenta 1 parcial o examen con nota desaprobatoria.,6,1,Bajo,,BAJO: Estrés académico ocasional.,RIESGO BAJO,Bajo: 4 semanas,,9,2,1,1,No,MES 5,HASH-09537B1A582E
SCHOLAR-9666A95203A8,2026-06,2026-1,MES 4,PERÚ,Mentor-16D91A6D,HASH-557A8A6E085C,Cohorte 2025 PER,Scholar-9666A952,UTEC,Mentoría 5,2026-10,Virtual,Sí,Medio,,MEDIO: Perdió parciales cruciales en dos o más materias.,5,2,Medio,,MEDIO: Mantiene bajo estado de ánimo o ansiedad por más de dos semanas (afecta su desempeño).,RIESGO MEDIO,Medio: 4-8 semanas,,10,4,1,1,No,MES 5,HASH-36191DC479D8
SCHOLAR-F82109761B57,2026-06,2026-1,MES 4,PERÚ,Mentor-16D91A6D,HASH-557A8A6E085C,Cohorte 2026 PER,Scholar-F8210976,UTEC,Mentoría 5,2026-06,Virtual,No,Bajo,,BAJO: Tiene dificultades en hábitos y métodos de estudio.,5,1,Bajo,,BAJO: Estrés académico ocasional.,RIESGO BAJO,Bajo: 4 semanas,,9,2,1,1,No,MES 5,HASH-0DFF6F6FEBBA
SCHOLAR-9ADBDB8814AC,2026-06,2026-1,MES 4,PERÚ,Mentor-16D91A6D,HASH-557A8A6E085C,Cohorte 2026 PER,Scholar-9ADBDB88,UTEC,Mentoría 5,2026-06,Virtual,No,Bajo,,BAJO: Está teniendo dificultades para entender 1 asignaturas.,5,1,Bajo,,BAJO: Estrés académico ocasional.,RIESGO BAJO,Bajo: 4 semanas,,9,2,1,1,No,MES 5,HASH-8F37DE683990
SCHOLAR-4ABEEA0E0BD3,2026-06,2026-1,MES 4,PERÚ,Mentor-16D91A6D,HASH-557A8A6E085C,Cohorte 2026 PER,Scholar-4ABEEA0E,UTEC,Mentoría 5,2025-06,Virtual,No,Sin alertas,,SIN ALERTA,6,0,Sin alertas,,SIN ALERTA,SIN RIESGO,Sin alertas: Seguimiento mensual,,9,2,1,1,No,MES 5,HASH-ACB025CC2412
SCHOLAR-5B3485209C81,2026-06,2026-1,MES 4,PERÚ,Mentor-16D91A6D,HASH-557A8A6E085C,Cohorte 2026 PER,Scholar-5B348520,UTEC,Mentoría 5,2026-06,Virtual,No,Bajo,,BAJO: Presenta 1 parcial o examen con nota desaprobatoria.,5,1,Bajo,,BAJO: Estrés académico ocasional.,RIESGO BAJO,Bajo: 4 semanas,,9,2,1,1,No,MES 5,HASH-07D898D6867F
SCHOLAR-07464BA86073,2026-06,2026-1,MES 4,PERÚ,Mentor-16D91A6D,HASH-557A8A6E085C,Cohorte 2026 PER,Scholar-07464BA8,UTEC,Mentoría 5,2026-06,Virtual,No,Bajo,,BAJO: Está teniendo dificultades para entender 1 asignaturas.,5,1,Bajo,,BAJO: Estrés académico ocasional.,RIESGO BAJO,Bajo: 4 semanas,,9,2,1,1,No,MES 5,HASH-80432A61CB69
SCHOLAR-4EC81CE0D757,2026-06,2026-1,MES 4,PERÚ,Mentor-16D91A6D,HASH-557A8A6E085C,Cohorte 2026 PER,Scholar-4EC81CE0,UTEC,Mentoría 5,2026-06,Virtual,No,Bajo,,BAJO: Presenta 1 parcial o examen con nota desaprobatoria.,5,1,Bajo,,BAJO: Estrés académico ocasional.,RIESGO BAJO,Bajo: 4 semanas,,9,2,1,1,No,MES 5,HASH-E11306D83FD4
SCHOLAR-CB038A22CC30,2026-06,2026-1,MES 4,PERÚ,Mentor-16D91A6D,HASH-557A8A6E085C,Cohorte 2026 PER,Scholar-CB038A22,UTEC,Mentoría 5,2026-06,Virtual,No,Sin alertas,,SIN ALERTA,6,0,Sin alertas,,SIN ALERTA,SIN RIESGO,Sin alertas: Seguimiento mensual,,9,2,1,1,No,MES 5,HASH-9E294F7D63E4
SCHOLAR-D73B41074B4F,2026-06,2026-1,MES 4,PERÚ,Mentor-16D91A6D,HASH-557A8A6E085C,Cohorte 2026 PER,Scholar-D73B4107,UTEC,Mentoría 5,2026-06,Virtual,No,Sin alertas,,SIN ALERTA,6,0,Sin alertas,,SIN ALERTA,SIN RIESGO,Sin alertas: Seguimiento mensual,,9,2,1,1,No,MES 5,HASH-12BEDDCEC2DC
SCHOLAR-23FD3F77423A,2026-06,2026-1,MES 4,PERÚ,Mentor-16D91A6D,HASH-557A8A6E085C,Cohorte 2026 PER,Scholar-23FD3F77,UTEC,Mentoría 5,2026-06,Virtual,No,Sin alertas,,SIN ALERTA,6,0,Bajo,,BAJO: Estrés académico ocasional.,RIESGO BAJO,Sin alertas: Seguimiento mensual,,9,2,1,1,No,MES 5,HASH-D341E6391085
SCHOLAR-F82109761B57,2026-06,2026-1,MES 4,PERÚ,Mentor-16D91A6D,HASH-557A8A6E085C,Cohorte 2026 PER,Scholar-F8210976,UTEC,Mentoría 5,2026-06,Virtual,No,Bajo,,BAJO: Está teniendo dificultades para entender 1 asignaturas.,5,1,Bajo,,BAJO: Estrés académico ocasional.,RIESGO BAJO,Bajo: 4 semanas,,10,2,1,1,No,MES 5,HASH-049DCEC9D1D9
SCHOLAR-2CE17FA8ED48,2026-06,2026-1,MES 4,PERÚ,Mentor-16D91A6D,HASH-557A8A6E085C,Cohorte 2026 PER,Scholar-2CE17FA8,UTEC,Mentoría 5,2026-06,Virtual,No,Medio,,MEDIO: Calificaciones parciales bajas que lo ponen en riesgo de reprobar.,5,2,Bajo,,BAJO: Estrés académico ocasional.,RIESGO MEDIO,Bajo: 4 semanas,,9,2,1,1,No,MES 5,HASH-CDFD0614CD89
SCHOLAR-CE2D5F2BFC89,2026-06,2026-1,MES 5,COLOMBIA,Mentor-7C4B3EAC,HASH-A4B52B5B9CB9,Cohorte 2025 COL,Scholar-CE2D5F2B,Universidad Icesi,Mentoría 5,2026-06,Virtual,No,Sin alertas,,SIN ALERTA,6,0,Sin alertas,,SIN ALERTA,SIN RIESGO,Sin alertas: Seguimiento mensual,,,1,,,No,MES 5,HASH-3F0675158F8F
SCHOLAR-101CA44EA4D5,2026-06,2026-1,MES 5,COLOMBIA,Mentor-7C4B3EAC,HASH-A4B52B5B9CB9,Cohorte 2025 COL,Scholar-101CA44E,Universidad EAFIT,Mentoría 5,2026-06,Virtual,No,Sin alertas,,SIN ALERTA,6,0,Sin alertas,,SIN ALERTA,SIN RIESGO,Sin alertas: Seguimiento mensual,,,1,,,No,MES 5,HASH-1FB3C929C6A7
SCHOLAR-9118ABFE9626,2026-06,2026-1,MES 5,COLOMBIA,Mentor-7C4B3EAC,HASH-A4B52B5B9CB9,Cohorte 2025 COL,Scholar-9118ABFE,Universidad Icesi,Mentoría 5,2026-06,Virtual,No,Sin alertas,,SIN ALERTA,6,0,Sin alertas,,SIN ALERTA,SIN RIESGO,Sin alertas: Seguimiento mensual,,,1,,,No,MES 5,HASH-C135F4CEB5A2
SCHOLAR-FBBF21827D3C,2026-06,2026-1,MES 5,COLOMBIA,Mentor-7C4B3EAC,HASH-A4B52B5B9CB9,Cohorte 2025 COL,Scholar-FBBF2182,Universidad Icesi,Mentoría 5,2026-06,Virtual,No,Sin alertas,,SIN ALERTA,6,0,Sin alertas,,SIN ALERTA,SIN RIESGO,Sin alertas: Seguimiento mensual,,,1,,,No,MES 5,HASH-F69E17E69674
SCHOLAR-FF206785C6DB,2026-06,2026-1,MES 5,COLOMBIA,Mentor-7C4B3EAC,HASH-A4B52B5B9CB9,Cohorte 2025 COL,Scholar-FF206785,Universidad EAFIT,Mentoría 5,2026-06,Virtual,No,Sin alertas,,SIN ALERTA,5,0,Sin alertas,,SIN ALERTA,SIN RIESGO,Sin alertas: Seguimiento mensual,,,1,,,No,MES 5,HASH-E6AFD58274B9
SCHOLAR-3EFB2F5BBE8A,2026-06,2026-1,MES 5,COLOMBIA,Mentor-7C4B3EAC,HASH-A4B52B5B9CB9,Cohorte 2025 COL,Scholar-3EFB2F5B,Universidad EAFIT,Mentoría 5,2026-06,Virtual,No,Sin alertas,,SIN ALERTA,6,0,Sin alertas,,SIN ALERTA,SIN RIESGO,Sin alertas: Seguimiento mensual,,,1,,,No,MES 5,HASH-90DA1A0B6AE3
SCHOLAR-DF991B4888B7,2026-06,2026-1,MES 4,PERÚ,Mentor-16D91A6D,HASH-8DECD290E534,Cohorte 2026 PER,Scholar-DF991B48,UTEC,Mentoría 5,2026-06,Virtual,No,Sin alertas,,SIN ALERTA,6,0,Bajo,,BAJO: Estrés académico ocasional.,RIESGO BAJO,Bajo: 4 semanas,,9,2,1,1,No,MES 5,HASH-04435F75AA02
SCHOLAR-3E9AE4C9F04D,2026-06,2026-1,MES 5,COLOMBIA,Mentor-7C4B3EAC,HASH-A4B52B5B9CB9,Cohorte 2025 COL,Scholar-3E9AE4C9,Universidad EAFIT,Mentoría 5,2026-06,Virtual,No,Sin alertas,,SIN ALERTA,5,0,Sin alertas,,SIN ALERTA,SIN RIESGO,Sin alertas: Seguimiento mensual,,,1,,,No,MES 5,HASH-D0CF3B755783
SCHOLAR-3BB386216063,2026-06,2026-1,MES 4,PERÚ,Mentor-16D91A6D,HASH-557A8A6E085C,Cohorte 2026 PER,Scholar-3BB38621,UTEC,Mentoría 5,2026-06,Virtual,No,Sin alertas,,SIN ALERTA,6,0,Bajo,,BAJO: Estrés académico ocasional.,RIESGO BAJO,Bajo: 4 semanas,,9,2,1,1,No,MES 5,HASH-62A2B867AF9A
SCHOLAR-AEC807607E11,2026-06,2026-1,MES 5,COLOMBIA,Mentor-7C4B3EAC,HASH-A4B52B5B9CB9,Cohorte 2025 COL,Scholar-AEC80760,Universidad Icesi,Mentoría 5,2026-06,Virtual,No,Sin alertas,,SIN ALERTA,6,0,Sin alertas,,SIN ALERTA,SIN RIESGO,Sin alertas: Seguimiento mensual,,,1,,,No,MES 5,HASH-70C9A3CB171F
SCHOLAR-B4DC85CB13A3,2026-06,2026-1,MES 4,PERÚ,Mentor-16D91A6D,HASH-557A8A6E085C,Cohorte 2026 PER,Scholar-B4DC85CB,UTEC,Mentoría 5,2026-06,Virtual,Sí,Bajo,,"BAJO: Tiene dificultades en hábitos y métodos de estudio.
MEDIO: Está perdiendo una asignatura/curso.",5,1,Alto,,ALTO: Desmotivación fuerte frente a la carrera o universidad.,RIESGO ALTO,Medio: 4-8 semanas,,9,3,1,1,No,MES 5,HASH-A619B2706167
SCHOLAR-AFC08FE24D64,2026-06,2026-1,MES 4,PERÚ,Mentor-16D91A6D,HASH-557A8A6E085C,Cohorte 2026 PER,Scholar-AFC08FE2,UTEC,Mentoría 5,2026-06,Virtual,Sí,Medio,,MEDIO: Está perdiendiendo más de 1 asignatura/curso.,6,2,Bajo,,BAJO: Estrés académico ocasional.,RIESGO MEDIO,Medio: 4-8 semanas,,9,2,1,,No,MES 5,HASH-0E713760CCBD
SCHOLAR-ED374F9778A5,2026-06,2026-1,MES 4,PERÚ,Mentor-16D91A6D,HASH-557A8A6E085C,Cohorte 2026 PER,Scholar-ED374F97,UTEC,Mentoría 5,2026-06,Virtual,No,Bajo,,BAJO: Está teniendo dificultades para entender 1 asignaturas.,6,1,Sin alertas,,SIN ALERTA,RIESGO BAJO,Bajo: 4 semanas,,9,2,1,1,No,MES 5,HASH-3AFE999AEDA8
SCHOLAR-4500335623AC,2026-06,2026-1,MES 4,PERÚ,Mentor-16D91A6D,HASH-557A8A6E085C,Cohorte 2026 PER,Scholar-45003356,UTEC,Mentoría 5,2026-06,Virtual,No,Bajo,,BAJO: Está teniendo dificultades para entender 1 asignaturas.,5,1,Bajo,,BAJO: Estrés académico ocasional.,RIESGO BAJO,Medio: 4-8 semanas,,9,3,1,1,No,MES 5,HASH-E84336BB1334
SCHOLAR-C048EC2BE89E,2026-06,2026-1,MES 4,PERÚ,Mentor-16D91A6D,HASH-557A8A6E085C,Cohorte 2026 PER,Scholar-C048EC2B,UTEC,Mentoría 5,2026-06,Virtual,No,Sin alertas,,SIN ALERTA,6,0,Medio,,BAJO: Estrés académico ocasional.,RIESGO MEDIO,Medio: 4-8 semanas,,10,2,1,1,No,MES 5,HASH-D71B769AB50C
SCHOLAR-AD02EAC9DC9D,2026-06,2026-1,MES 4,PERÚ,Mentor-16D91A6D,HASH-557A8A6E085C,Cohorte 2026 PER,Scholar-AD02EAC9,UTEC,Mentoría 5,2026-06,Virtual,No,Sin alertas,,SIN ALERTA,6,0,Bajo,,BAJO: Estrés académico ocasional.,RIESGO BAJO,Bajo: 4 semanas,,10,2,1,1,No,MES 5,HASH-9D3D9C6F20F3
SCHOLAR-5E23D2806BAF,2026-06,2026-1,MES 5,COLOMBIA,Mentor-7C4B3EAC,HASH-A4B52B5B9CB9,Cohorte 2025 COL,Scholar-5E23D280,Universidad Pontificia Bolivariana,Mentoría 5,2026-06,Virtual,No,Sin alertas,,SIN ALERTA,6,0,Sin alertas,,SIN ALERTA,SIN RIESGO,Sin alertas: Seguimiento mensual,,,1,,,No,MES 5,HASH-48CA5A5C5555
SCHOLAR-E97EA82B3ECD,2026-06,2026-1,MES 5,COLOMBIA,Mentor-7C4B3EAC,HASH-A4B52B5B9CB9,Cohorte 2025 COL,Scholar-E97EA82B,Universidad Pontificia Bolivariana,Mentoría 5,2026-06,Virtual,No,Alto,,ALTO: Retiró/canceló 1 o 2 materias clave.,5,1,Sin alertas,,SIN ALERTA,RIESGO ALTO,Alto: 8-10 semanas,,,1,,,No,MES 5,HASH-FD0A14E7ABF1
SCHOLAR-DFE263079799,2026-06,2026-1,MES 5,COLOMBIA,Mentor-2ADFAAC3,HASH-E1DE72098FF3,Cohorte 2026 COL,Scholar-DFE26307,Universidad de los Andes,Mentoría 5,2026-06,Virtual,No,Sin alertas,,SIN ALERTA,6,0,Sin alertas,,SIN ALERTA,SIN RIESGO,Sin alertas: Seguimiento mensual,1,,4,,2,No,MES 5,HASH-F1DA469EECC5
SCHOLAR-7FB4327269A2,2026-06,2026-1,MES 5,COLOMBIA,Mentor-2ADFAAC3,HASH-E1DE72098FF3,Cohorte 2026 COL,Scholar-7FB43272,Universidad de los Andes,Mentoría 5,2026-06,Virtual,No,Sin alertas,,SIN ALERTA,6,0,Sin alertas,,SIN ALERTA,SIN RIESGO,Sin alertas: Seguimiento mensual,,2,4,,1,No,MES 5,HASH-3770E77B717F
SCHOLAR-18067FF02D47,2026-06,2026-1,MES 5,COLOMBIA,Mentor-2ADFAAC3,HASH-E1DE72098FF3,Cohorte 2026 COL,Scholar-18067FF0,Universidad de los Andes,Mentoría 5,2026-06,Virtual,No,Sin alertas,,SIN ALERTA,6,0,Sin alertas,,SIN ALERTA,SIN RIESGO,Sin alertas: Seguimiento mensual,7,3,4,,1,No,MES 5,HASH-CC96EB8DAFE6
SCHOLAR-A1B24F19188A,2026-06,2026-1,MES 5,COLOMBIA,Mentor-2ADFAAC3,HASH-E1DE72098FF3,Cohorte 2026 COL,Scholar-A1B24F19,Universidad de los Andes,Mentoría 5,2026-06,Virtual,No,Sin alertas,,SIN ALERTA,6,0,Sin alertas,,SIN ALERTA,SIN RIESGO,Sin alertas: Seguimiento mensual,,1,4,,2,No,MES 5,HASH-0C1DF6E8DCB2
SCHOLAR-67D28FC32E1A,2026-06,2026-1,MES 5,COLOMBIA,Mentor-2ADFAAC3,HASH-E1DE72098FF3,Cohorte 2026 COL,Scholar-67D28FC3,Universidad del Norte,Mentoría 5,2026-06,Virtual,No,Sin alertas,,SIN ALERTA,6,0,Sin alertas,,SIN ALERTA,SIN RIESGO,Sin alertas: Seguimiento mensual,2,3,4,,3,No,MES 5,HASH-D8965155A0F3
SCHOLAR-2CE2447FB2CA,2026-06,2026-1,MES 4,PERÚ,Mentor-AE2075FE,HASH-4CBDDF7A390D,Cohorte 2025 PER,Scholar-2CE2447F,UTEC,Mentoría 5,2026-06,Virtual,Sí,Alto,,"ALTO: Pierde dos o más materias/cursos.
ALTO: En riesgo de no obtener el promedio requerido (programa).",0,0,Bajo,,"BAJO: Duda ocasional sobre sus capacidades académicas.
BAJO: Estrés académico ocasional.",RIESGO ALTO,Alto: 8-10 semanas,4,3,3,,1,No,MES 5,HASH-BDBFD4E37C5E
SCHOLAR-26F3F62110B8,2026-06,2026-1,MES 4,PERÚ,Mentor-AE2075FE,HASH-4CBDDF7A390D,Cohorte 2025 PER,Scholar-26F3F621,UTEC,Mentoría 5,2026-06,Virtual,Sí,Alto,,ALTO: Retiró/canceló 1 o 2 materias clave.,0,0,Bajo,,BAJO: Estrés académico ocasional.,RIESGO ALTO,Alto: 8-10 semanas,,4,2,1,1,No,MES 5,HASH-3F93CFF826BC
SCHOLAR-B430C60C0612,2026-06,2026-1,MES 4,PERÚ,Mentor-AE2075FE,HASH-4CBDDF7A390D,Cohorte 2025 PER,Scholar-B430C60C,UTEC,Mentoría 5,2026-06,Virtual,No,Bajo,,"BAJO: Presenta 1 parcial o examen con nota desaprobatoria.
BAJO: Está teniendo dificultades para entender 1 asignaturas.",0,0,Bajo,,BAJO: Duda ocasional sobre sus capacidades académicas.,RIESGO BAJO,Bajo: 4 semanas,,1,2,1,1,No,MES 5,HASH-843B067F6A6F
SCHOLAR-45C487A6CCDB,2026-06,2026-1,MES 4,PERÚ,Mentor-AE2075FE,HASH-4CBDDF7A390D,Cohorte 2025 PER,Scholar-45C487A6,UTEC,Mentoría 5,2026-06,Virtual,Sí,Alto,,ALTO: Pierde dos o más materias/cursos.,0,0,Bajo,,"BAJO: Duda ocasional sobre sus capacidades académicas.
BAJO: Estrés académico ocasional.",RIESGO ALTO,Alto: 8-10 semanas,,4,1,1,1,No,MES 5,HASH-F7DC7E2E062F
SCHOLAR-B54CBF03C260,2026-06,2026-1,MES 4,PERÚ,Mentor-AE2075FE,HASH-4CBDDF7A390D,Cohorte 2026 PER,Scholar-B54CBF03,UTEC,Mentoría 3,2026-06,Virtual,No,Bajo,,BAJO: Presenta 1 parcial o examen con nota desaprobatoria.,0,0,Bajo,,BAJO: Estrés académico ocasional.,RIESGO BAJO,Sin alertas: Seguimiento mensual,,4,1,1,1,No,MES 5,HASH-FD79521D872D
SCHOLAR-A3EB842AB1A7,2026-06,2026-1,MES 4,PERÚ,Mentor-AE2075FE,HASH-4CBDDF7A390D,Cohorte 2025 PER,Scholar-A3EB842A,UTEC,Mentoría 3,2026-06,Virtual,No,Bajo,,BAJO: Presenta 1 parcial o examen con nota desaprobatoria.,0,0,Sin alertas,,SIN ALERTA,RIESGO BAJO,Sin alertas: Seguimiento mensual,,4,1,1,1,No,MES 5,HASH-3AAC96F9A0BE
SCHOLAR-33581B98C2AF,2026-07,2026-1,MES 4,PERÚ,Mentor-AE2075FE,HASH-4CBDDF7A390D,Cohorte 2026 PER,Scholar-33581B98,UPC,Mentoría 4,2026-06,Virtual,No,Bajo,,BAJO: Presenta 1 parcial o examen con nota desaprobatoria.,0,0,Sin alertas,,SIN ALERTA,RIESGO BAJO,Sin alertas: Seguimiento mensual,,4,1,1,1,No,MES 5,HASH-37E779FB1B95
SCHOLAR-7200CAC79F5E,2026-07,2026-1,MES 4,PERÚ,Mentor-AE2075FE,HASH-4CBDDF7A390D,Cohorte 2026 PER,Scholar-7200CAC7,UPC,Mentoría 4,2026-06,Virtual,No,Bajo,,"BAJO: Presenta 1 parcial o examen con nota desaprobatoria.
BAJO: Está teniendo dificultades para entender 1 asignaturas.",0,0,Bajo,,BAJO: Estrés académico ocasional.,RIESGO BAJO,Bajo: 4 semanas,,,1,,1,No,MES 5,HASH-32E7457B855D
SCHOLAR-ADFFB30281FB,2026-07,2026-1,MES 4,PERÚ,Mentor-AE2075FE,HASH-4CBDDF7A390D,Cohorte 2026 PER,Scholar-ADFFB302,UPC,Mentoría 4,2026-06,Virtual,No,Sin alertas,,SIN ALERTA,0,0,Sin alertas,,SIN ALERTA,SIN RIESGO,Sin alertas: Seguimiento mensual,,,,1,1,No,MES 5,HASH-6FB64D4952E1
SCHOLAR-67B4E5C29BC3,2026-07,2026-1,MES 4,PERÚ,Mentor-AE2075FE,HASH-4CBDDF7A390D,Cohorte 2026 PER,Scholar-67B4E5C2,UPC,Mentoría 4,2026-06,Virtual,No,Sin alertas,,SIN ALERTA,0,0,Sin alertas,,SIN ALERTA,SIN RIESGO,Sin alertas: Seguimiento mensual,,3,,1,1,No,MES 5,HASH-176ECA78FE73
SCHOLAR-F6CA9692C37E,2026-07,2026-1,MES 4,PERÚ,Mentor-AE2075FE,HASH-4CBDDF7A390D,Cohorte 2026 PER,Scholar-F6CA9692,UPC,Mentoría 4,2026-06,Virtual,No,Bajo,,BAJO: Presenta 1 parcial o examen con nota desaprobatoria.,0,0,Bajo,,"BAJO: Se ha sentido triste, ansioso/a o desmotivado/a en los últimos días.",RIESGO BAJO,Bajo: 4 semanas,,4,2,1,1,No,MES 5,HASH-285FF8CA8644
SCHOLAR-759BBB2BAD28,2026-07,2026-1,MES 4,PERÚ,Mentor-AE2075FE,HASH-4CBDDF7A390D,Cohorte 2026 PER,Scholar-759BBB2B,UPC,Mentoría 4,2026-06,Virtual,No,Sin alertas,,SIN ALERTA,0,0,Sin alertas,,SIN ALERTA,SIN RIESGO,Sin alertas: Seguimiento mensual,,4,,1,1,No,MES 5,HASH-BC00F57A5B67
SCHOLAR-3CA5988BFD5A,2026-07,2026-1,MES 4,PERÚ,Mentor-AE2075FE,HASH-4CBDDF7A390D,Cohorte 2026 PER,Scholar-3CA5988B,UPC,Mentoría 4,2026-06,Virtual,Sí,Medio,,MEDIO: Está perdiendo una asignatura/curso.,0,0,Bajo,,"BAJO: Duda ocasional sobre sus capacidades académicas.
BAJO: Estrés académico ocasional.",RIESGO MEDIO,Medio: 4-8 semanas,2,4,1,1,1,No,MES 5,HASH-2DB2F81AE7C5
SCHOLAR-A26DAD3B7F39,2026-07,2026-1,MES 4,PERÚ,Mentor-AE2075FE,HASH-4CBDDF7A390D,Cohorte 2026 PER,Scholar-A26DAD3B,UPC,Mentoría 4,2026-06,Virtual,No,Sin alertas,,SIN ALERTA,0,0,Sin alertas,,SIN ALERTA,SIN RIESGO,Sin alertas: Seguimiento mensual,,4,1,1,1,No,MES 5,HASH-303319F68490
SCHOLAR-D26DE19C0D86,2026-07,2026-1,MES 5,COLOMBIA,Mentor-F14A1035,HASH-7938F9C4972C,Cohorte 2026 COL,Scholar-D26DE19C,Universidad EIA,Mentoría 5,2026-06,Virtual,No,Sin alertas,,SIN ALERTA,6,0,Sin alertas,,SIN ALERTA,SIN RIESGO,Sin alertas: Seguimiento mensual,2,5,5,,2,No,MES 5,HASH-C0DAA2EE441E
SCHOLAR-97479C739ED8,2026-07,2026-1,MES 4,PERÚ,Mentor-AE2075FE,HASH-4CBDDF7A390D,Cohorte 2026 PER,Scholar-97479C73,UPC,Mentoría 4,2026-06,Virtual,No,Sin alertas,,SIN ALERTA,0,0,Sin alertas,,SIN ALERTA,SIN RIESGO,Sin alertas: Seguimiento mensual,,4,2,1,1,No,MES 5,HASH-87E207ADAFBA
SCHOLAR-33525D1346DD,2026-07,2026-1,MES 4,PERÚ,Mentor-AE2075FE,HASH-4CBDDF7A390D,Cohorte 2026 PER,Scholar-33525D13,UPC,Mentoría 4,2026-06,Virtual,No,Bajo,,BAJO: Presenta 1 parcial o examen con nota desaprobatoria.,0,0,Bajo,,BAJO: Desacuerdos familiares o relacionales.,RIESGO BAJO,Bajo: 4 semanas,,4,1,1,1,No,MES 5,HASH-D73E793531DD
SCHOLAR-C6363F3507EA,2026-07,2026-1,MES 4,PERÚ,Mentor-AE2075FE,HASH-4CBDDF7A390D,Cohorte 2026 PER,Scholar-C6363F35,UPC,Mentoría 4,2026-07,Virtual,No,Sin alertas,,SIN ALERTA,0,0,Bajo,,BAJO: Estrés académico ocasional.,RIESGO BAJO,Sin alertas: Seguimiento mensual,,4,,1,1,No,MES 5,HASH-80BCE4413763
SCHOLAR-0D4426F66090,2026-07,2026-1,MES 5,COLOMBIA,Mentor-2ADFAAC3,HASH-E1DE72098FF3,Cohorte 2026 COL,Scholar-0D4426F6,Universidad de los Andes,Mentoría 5,2026-01,Virtual,Sí,Crítico,,"ALTO: En riesgo de no obtener el promedio requerido (programa).
ALTO: Pierde dos o más materias/cursos",6,3,Sin alertas,,SIN ALERTA,RIESGO ALTO,Crítico: 10-12 semanas,8,2,4,,2,No,MES 5,HASH-3A46736DDC97
SCHOLAR-5784F4261DA9,2026-07,2026-1,MES 4,PERÚ,Mentor-AE2075FE,HASH-4CBDDF7A390D,Cohorte 2026 PER,Scholar-5784F426,UPC,Mentoría 4,2026-06,Virtual,No,Sin alertas,,SIN ALERTA,0,0,Sin alertas,,SIN ALERTA,SIN RIESGO,Sin alertas: Seguimiento mensual,,3,,1,1,No,MES 5,HASH-542DF6ABD410
SCHOLAR-2D9E7BAFD5C5,2026-07,2026-1,MES 4,PERÚ,Mentor-AE2075FE,HASH-4CBDDF7A390D,Cohorte 2026 PER,Scholar-2D9E7BAF,UPC,Mentoría 4,2026-06,Virtual,No,Bajo,,BAJO: Presenta 1 parcial o examen con nota desaprobatoria.,0,0,Sin alertas,,SIN ALERTA,RIESGO BAJO,Sin alertas: Seguimiento mensual,,1,,1,1,No,MES 5,HASH-AAE3AC22DFB4
SCHOLAR-E0E119B4010B,2026-07,2026-1,MES 4,PERÚ,Mentor-AE2075FE,HASH-4CBDDF7A390D,Cohorte 2026 PER,Scholar-E0E119B4,UPC,Mentoría 4,2026-06,Virtual,No,Bajo,,BAJO: Presenta 1 parcial o examen con nota desaprobatoria.,0,0,Sin alertas,,SIN ALERTA,RIESGO BAJO,Sin alertas: Seguimiento mensual,,3,1,1,1,No,MES 5,HASH-EDE575CD53A0
SCHOLAR-9622EAE9A49D,2026-07,2026-1,MES 4,PERÚ,Mentor-AE2075FE,HASH-4CBDDF7A390D,Cohorte 2026 PER,Scholar-9622EAE9,UPC,Mentoría 4,2026-06,Virtual,No,Sin alertas,,SIN ALERTA,0,0,Sin alertas,,SIN ALERTA,SIN RIESGO,Sin alertas: Seguimiento mensual,,,,1,1,No,MES 5,HASH-7CDB5BCA1E1C
SCHOLAR-9B124BB22291,2026-07,2026-1,MES 4,PERÚ,Mentor-AE2075FE,HASH-4CBDDF7A390D,Cohorte 2026 PER,Scholar-9B124BB2,UPC,Mentoría 4,2026-06,Virtual,No,Sin alertas,,SIN ALERTA,0,0,Sin alertas,,SIN ALERTA,SIN RIESGO,Sin alertas: Seguimiento mensual,,,,1,1,No,MES 5,HASH-03CB2137BCCB
SCHOLAR-373F1CE26945,2026-07,2026-1,MES 4,PERÚ,Mentor-AE2075FE,HASH-4CBDDF7A390D,Cohorte 2026 PER,Scholar-373F1CE2,UPC,Mentoría 4,2026-06,Virtual,No,Bajo,,BAJO: Presenta 1 parcial o examen con nota desaprobatoria.,0,0,Sin alertas,,SIN ALERTA,RIESGO BAJO,Sin alertas: Seguimiento mensual,,3,,1,1,No,MES 5,HASH-B2638BC7DDDF
SCHOLAR-A3A1D2CF164C,2026-07,2026-1,MES 4,PERÚ,Mentor-AE2075FE,HASH-4CBDDF7A390D,Cohorte 2026 PER,Scholar-A3A1D2CF,UPC,Mentoría 4,2026-06,Virtual,No,Bajo,,BAJO: Presenta 1 parcial o examen con nota desaprobatoria.,0,0,Bajo,,BAJO: Desacuerdos familiares o relacionales.,RIESGO BAJO,Bajo: 4 semanas,,3,1,1,1,No,MES 5,HASH-156351947CBA
SCHOLAR-1B8FD099F515,2026-07,2026-1,MES 4,PERÚ,Mentor-AE2075FE,HASH-4CBDDF7A390D,Cohorte 2026 PER,Scholar-1B8FD099,UPC,Mentoría 4,2026-06,Virtual,No,Bajo,,BAJO: Presenta 1 parcial o examen con nota desaprobatoria.,0,0,Bajo,,"BAJO: Se ha sentido triste, ansioso/a o desmotivado/a en los últimos días.",RIESGO BAJO,Medio: 4-8 semanas,,4,1,1,1,No,MES 5,HASH-1DE479BCCF27
SCHOLAR-E2B30DD26CD8,2026-07,2026-1,MES 5,COLOMBIA,Mentor-2ADFAAC3,HASH-E1DE72098FF3,Cohorte 2026 COL,Scholar-E2B30DD2,Universidad del Norte,Mentoría 5,2026-01,Virtual,No,Sin alertas,,SIN ALERTA,6,0,Sin alertas,,SIN ALERTA,SIN RIESGO,Sin alertas: Seguimiento mensual,3,,4,,1,No,MES 5,HASH-26E8D330E1B2
SCHOLAR-12A9656BFEFA,2026-07,2026-1,MES 5,COLOMBIA,Mentor-2ADFAAC3,HASH-E1DE72098FF3,Cohorte 2026 COL,Scholar-12A9656B,Universidad del Norte,Mentoría 5,2026-01,Virtual,No,Sin alertas,,SIN ALERTA,6,0,Sin alertas,,SIN ALERTA,SIN RIESGO,Sin alertas: Seguimiento mensual,1,3,4,,3,No,MES 5,HASH-FEC0AD904B68
SCHOLAR-45C567D56777,2026-07,2026-1,MES 5,COLOMBIA,Mentor-2ADFAAC3,HASH-E1DE72098FF3,Cohorte 2026 COL,Scholar-45C567D5,Universidad de los Andes,Mentoría 5,2026-01,Virtual,No,Sin alertas,,SIN ALERTA,6,0,Sin alertas,,SIN ALERTA,SIN RIESGO,Sin alertas: Seguimiento mensual,1,2,4,,2,No,MES 5,HASH-051701962F9F
SCHOLAR-8D31FE4A3A67,2026-07,2026-1,MES 5,COLOMBIA,Mentor-2ADFAAC3,HASH-E1DE72098FF3,Cohorte 2026 COL,Scholar-8D31FE4A,Universidad de los Andes,Mentoría 5,2026-01,Virtual,No,Sin alertas,,SIN ALERTA,6,0,Sin alertas,,SIN ALERTA,SIN RIESGO,Sin alertas: Seguimiento mensual,2,3,4,,3,No,MES 5,HASH-E2021E265175
SCHOLAR-0277D43B2D10,2026-07,2026-1,MES 5,COLOMBIA,Mentor-F14A1035,HASH-7938F9C4972C,Cohorte 2026 COL,Scholar-0277D43B,Universidad EIA,Mentoría 5,2026-01,Virtual,Sí,Alto,,ALTO: Pierde dos o más materias/cursos.,5,1,Sin alertas,,SIN ALERTA,RIESGO ALTO,Alto: 8-10 semanas,,1,5,,2,No,MES 5,HASH-008A687EE27B
SCHOLAR-AAB139ED070D,2026-07,2026-1,MES 5,COLOMBIA,Mentor-F14A1035,HASH-486891A86102,Cohorte 2025 COL,Scholar-AAB139ED,Universidad EIA,Mentoría 5,2026-06,Virtual,Sí,Alto,,"MEDIO: Reprobó 1 o 2 asignaturas de cálculo/math el semestre anterior.
ALTO: Pierde dos o más materias/cursos.",5,1,Sin alertas,,SIN ALERTA,RIESGO ALTO,Alto: 8-10 semanas,2,,5,1,2,No,MES 5,HASH-A2E68D4969D5
SCHOLAR-3A4016B24520,2026-07,2026-1,MES 5,COLOMBIA,Mentor-2ADFAAC3,HASH-E1DE72098FF3,Cohorte 2026 COL,Scholar-3A4016B2,Universidad de los Andes,Mentoría 5,2026-02,Virtual,No,Sin alertas,,SIN ALERTA,6,0,Sin alertas,,SIN ALERTA,SIN RIESGO,Sin alertas: Seguimiento mensual,3,,4,,,No,MES 5,HASH-E03F128E017A
SCHOLAR-224953FA49FC,2026-07,2026-1,MES 5,COLOMBIA,Mentor-2ADFAAC3,HASH-E1DE72098FF3,Cohorte 2026 COL,Scholar-224953FA,Universidad de los Andes,Mentoría 5,2026-02,Virtual,No,Sin alertas,,SIN ALERTA,6,0,Sin alertas,,SIN ALERTA,SIN RIESGO,Sin alertas: Seguimiento mensual,,,4,,,No,MES 5,HASH-9D8F26460381
SCHOLAR-A6A522BA2A3D,2026-07,2026-1,MES 5,COLOMBIA,Mentor-2ADFAAC3,HASH-E1DE72098FF3,Cohorte 2026 COL,Scholar-A6A522BA,Universidad de los Andes,Mentoría 5,2026-02,Virtual,No,Sin alertas,,SIN ALERTA,6,0,Sin alertas,,SIN ALERTA,SIN RIESGO,Sin alertas: Seguimiento mensual,,,4,,,No,MES 5,HASH-01470406D2CA
SCHOLAR-332B4019EF9D,2026-07,2026-1,MES 5,COLOMBIA,Mentor-797B1977,HASH-2C98D1CF09FF,Cohorte 2026 COL,Scholar-332B4019,Universidad EIA,Mentoría 5,2026-02,Virtual,No,Sin alertas,,BAJO: Presenta 1 parcial o examen con nota desaprobatoria.,4,0,Sin alertas,,SIN ALERTA,SIN RIESGO,Sin alertas: Seguimiento mensual,2,,,,,No,MES 5,HASH-3E1ADA567D52
SCHOLAR-B1E5AA88DC49,2026-07,2026-1,MES 5,COLOMBIA,Mentor-797B1977,HASH-2C98D1CF09FF,Cohorte 2025 COL,Scholar-B1E5AA88,Universidad de los Andes,Mentoría 5,2026-02,Virtual,No,Medio,,MEDIO: Canceló/retiró más de 1 asignatura.,7,0,Sin alertas,,SIN ALERTA,RIESGO MEDIO,Medio: 4-8 semanas,1,,,,1,No,MES 5,HASH-CA2B2B2372D9
SCHOLAR-AB90B7B0CD4A,2026-07,2026-1,MES 5,COLOMBIA,Mentor-797B1977,HASH-2C98D1CF09FF,Cohorte 2025 COL,Scholar-AB90B7B0,Universidad de los Andes,Mentoría 5,2026-02,Virtual,No,Sin alertas,,SIN ALERTA,8,0,Sin alertas,,SIN ALERTA,SIN RIESGO,Sin alertas: Seguimiento mensual,,,,,1,No,MES 5,HASH-E1319247E43B
SCHOLAR-9181E5AB3D08,2026-07,2026-1,MES 5,COLOMBIA,Mentor-797B1977,HASH-2C98D1CF09FF,Cohorte 2025 COL,Scholar-9181E5AB,Universidad de los Andes,Mentoría 5,2026-02,Virtual,Sí,Alto,,"MEDIO: Reprobó 1 o 2 asignaturas de cálculo/math el semestre anterior.
ALTO: Retiró/canceló 1 o 2 materias clave.",4,1,Medio,,MEDIO: Dificultades económicas que generan preocupación constante (afecta su desempeño).,RIESGO ALTO,Alto: 8-10 semanas,3,,,,,No,MES 5,HASH-211904C22928
SCHOLAR-95C53E17DDE8,2026-07,2026-1,MES 5,COLOMBIA,Mentor-797B1977,HASH-2C98D1CF09FF,Cohorte 2025 COL,Scholar-95C53E17,Universidad de los Andes,Mentoría 5,2026-02,Virtual,No,Sin alertas,,SIN ALERTA,9,0,Sin alertas,,SIN ALERTA,SIN RIESGO,Sin alertas: Seguimiento mensual,,,,,1,No,MES 5,HASH-092A4AECACB9
SCHOLAR-7166D56308E7,2026-07,2026-1,MES 5,COLOMBIA,Mentor-797B1977,HASH-2C98D1CF09FF,Cohorte 2025 COL,Scholar-7166D563,Universidad de los Andes,Mentoría 5,2026-02,Virtual,No,Sin alertas,,SIN ALERTA,7,0,Sin alertas,,SIN ALERTA,SIN RIESGO,Sin alertas: Seguimiento mensual,,,,,1,No,MES 5,HASH-C0CFA6F9CCA1
SCHOLAR-7FB0C90CD637,2026-07,2026-1,MES 5,COLOMBIA,Mentor-797B1977,HASH-2C98D1CF09FF,Cohorte 2025 COL,Scholar-7FB0C90C,Universidad de los Andes,Mentoría 5,2026-02,Virtual,No,Sin alertas,,SIN ALERTA,8,0,Sin alertas,,SIN ALERTA,SIN RIESGO,Sin alertas: Seguimiento mensual,,,,,,No,MES 5,HASH-ECC5280EC0AE
SCHOLAR-632CD8060404,2026-07,2026-1,MES 5,COLOMBIA,Mentor-797B1977,HASH-2C98D1CF09FF,Cohorte 2025 COL,Scholar-632CD806,Universidad de los Andes,Mentoría 5,2026-02,Virtual,Sí,Medio,,MEDIO: Está perdiendo una asignatura/curso.,7,1,Alto,,ALTO: Crisis emocional que afecta directamente el desempeño académico.,RIESGO ALTO,Alto: 8-10 semanas,1,,,,1,No,MES 5,HASH-CD738F22D2AA
SCHOLAR-AFCF329DC4EE,2026-07,2026-1,MES 5,COLOMBIA,Mentor-E8A42252,HASH-6398EC59B9C3,Cohorte 2025 COL,Scholar-AFCF329D,Universidad del Norte,Mentoría 5,2026-06,Virtual,No,Sin alertas,,SIN ALERTA,5,0,Sin alertas,,SIN ALERTA,SIN RIESGO,Sin alertas: Seguimiento mensual,,,1,,,No,MES 5,HASH-249D3DE676E5
SCHOLAR-A06C29C33558,2026-07,2026-1,MES 5,COLOMBIA,Mentor-E8A42252,HASH-6398EC59B9C3,Cohorte 2025 COL,Scholar-A06C29C3,Universidad del Norte,Mentoría 6,2026-06,Virtual,No,Bajo,,BAJO: Tiene dificultades en hábitos y métodos de estudio.,4,1,Bajo,,BAJO: Duda ocasional sobre sus capacidades académicas.,RIESGO BAJO,Bajo: 4 semanas,1,,1,,,No,MES 5,HASH-3A935F7BD3EF
SCHOLAR-623FCC700280,2026-07,2026-1,MES 5,COLOMBIA,Mentor-E8A42252,HASH-6398EC59B9C3,Cohorte 2025 COL,Scholar-623FCC70,Universidad del Norte,Mentoría 5,2026-06,Virtual,No,Sin alertas,,SIN ALERTA,5,0,Sin alertas,,SIN ALERTA,SIN RIESGO,Sin alertas: Seguimiento mensual,,,1,,,No,MES 5,HASH-2BAE86D9FF42
SCHOLAR-1126FFD5623F,2026-07,2026-1,MES 5,COLOMBIA,Mentor-E8A42252,HASH-6398EC59B9C3,Cohorte 2025 COL,Scholar-1126FFD5,Universidad del Norte,Mentoría 5,2026-06,Virtual,No,Sin alertas,,SIN ALERTA,5,0,Sin alertas,,SIN ALERTA,SIN RIESGO,Sin alertas: Seguimiento mensual,,,1,,,No,MES 5,HASH-BD8555F92872
SCHOLAR-1EACD63EC9DA,2026-07,2026-1,MES 5,COLOMBIA,Mentor-E8A42252,HASH-6398EC59B9C3,Cohorte 2025 COL,Scholar-1EACD63E,Universidad del Norte,Mentoría 5,2026-06,Virtual,No,Sin alertas,,SIN ALERTA,5,0,Sin alertas,,SIN ALERTA,SIN RIESGO,Sin alertas: Seguimiento mensual,,,1,,,No,MES 5,HASH-F68C6049A97A
SCHOLAR-9247E829DBD8,2026-07,2026-1,MES 5,COLOMBIA,Mentor-E8A42252,HASH-6398EC59B9C3,Cohorte 2025 COL,Scholar-9247E829,Universidad del Norte,Mentoría 5,2026-06,Virtual,No,Sin alertas,,SIN ALERTA,5,0,Sin alertas,,SIN ALERTA,SIN RIESGO,Sin alertas: Seguimiento mensual,,,1,,,No,MES 5,HASH-0A1BFD0E591D
SCHOLAR-36594A0DFBD9,2026-07,2026-1,MES 5,COLOMBIA,Mentor-E8A42252,HASH-6398EC59B9C3,Cohorte 2025 COL,Scholar-36594A0D,Universidad del Norte,Mentoría 5,2026-06,Virtual,No,Sin alertas,,SIN ALERTA,5,0,Sin alertas,,SIN ALERTA,SIN RIESGO,Sin alertas: Seguimiento mensual,,,1,,,No,MES 5,HASH-24683E8EB7A9
SCHOLAR-035BE8FB1094,2026-07,2026-1,MES 5,COLOMBIA,Mentor-E8A42252,HASH-6398EC59B9C3,Cohorte 2025 COL,Scholar-035BE8FB,Universidad del Norte,Mentoría 5,2026-06,Virtual,No,Sin alertas,,SIN ALERTA,5,0,Sin alertas,,SIN ALERTA,SIN RIESGO,Sin alertas: Seguimiento mensual,,,1,,,No,MES 5,HASH-3608E5261479
SCHOLAR-ED7DED95D0D9,2026-07,2026-1,MES 5,COLOMBIA,Mentor-E8A42252,HASH-6398EC59B9C3,Cohorte 2025 COL,Scholar-ED7DED95,Universidad del Norte,Mentoría 5,2026-06,Virtual,No,Sin alertas,,SIN ALERTA,5,0,Sin alertas,,SIN ALERTA,SIN RIESGO,Sin alertas: Seguimiento mensual,,,1,,,No,MES 5,HASH-62FD63AC0259
SCHOLAR-B209F529DDE6,2026-07,2026-1,MES 5,COLOMBIA,Mentor-E8A42252,HASH-6398EC59B9C3,Cohorte 2026 COL,Scholar-B209F529,Universidad Icesi,Mentoría 5,2026-06,Virtual,No,Sin alertas,,SIN ALERTA,7,0,Sin alertas,,SIN ALERTA,SIN RIESGO,Sin alertas: Seguimiento mensual,,,1,,,No,MES 5,HASH-67823D88A4B5
SCHOLAR-C3DEB10FF62A,2026-07,2026-1,MES 5,COLOMBIA,Mentor-E8A42252,HASH-6398EC59B9C3,Cohorte 2026 COL,Scholar-C3DEB10F,Universidad Icesi,Mentoría 5,2026-06,Virtual,No,Sin alertas,,SIN ALERTA,7,0,Sin alertas,,SIN ALERTA,SIN RIESGO,Sin alertas: Seguimiento mensual,,,1,,,No,MES 5,HASH-D53FE550AB67
SCHOLAR-EBD0405280A9,2026-07,2026-1,MES 5,COLOMBIA,Mentor-E8A42252,HASH-6398EC59B9C3,Cohorte 2026 COL,Scholar-EBD04052,Universidad Icesi,Mentoría 5,2026-06,Virtual,No,Sin alertas,,SIN ALERTA,7,0,Sin alertas,,SIN ALERTA,SIN RIESGO,Sin alertas: Seguimiento mensual,,,1,,,No,MES 5,HASH-DA3E8AF4013E
SCHOLAR-EE18E73205BF,2026-07,2026-1,MES 5,COLOMBIA,Mentor-E8A42252,HASH-6398EC59B9C3,Cohorte 2026 COL,Scholar-EE18E732,Universidad Icesi,Mentoría 5,2026-06,Virtual,No,Sin alertas,,SIN ALERTA,7,0,Sin alertas,,SIN ALERTA,SIN RIESGO,Sin alertas: Seguimiento mensual,,,1,,,No,MES 5,HASH-6B97B55EA42A
SCHOLAR-44DB46232F6D,2026-07,2026-1,MES 5,COLOMBIA,Mentor-E8A42252,HASH-6398EC59B9C3,Cohorte 2026 COL,Scholar-44DB4623,Universidad Icesi,Mentoría 5,2026-06,Virtual,No,Sin alertas,,SIN ALERTA,7,0,Sin alertas,,SIN ALERTA,SIN RIESGO,Sin alertas: Seguimiento mensual,,,1,,,No,MES 5,HASH-0D6C6B8B9E89
SCHOLAR-A9BA1B505585,2026-07,2026-1,MES 5,COLOMBIA,Mentor-E8A42252,HASH-6398EC59B9C3,Cohorte 2026 COL,Scholar-A9BA1B50,Universidad Icesi,Mentoría 5,2026-06,Virtual,No,Sin alertas,,SIN ALERTA,7,0,Sin alertas,,SIN ALERTA,SIN RIESGO,Sin alertas: Seguimiento mensual,,,1,,,No,MES 5,HASH-29EC8CDCFC9F
SCHOLAR-35CB49B303C3,2026-07,2026-1,MES 5,COLOMBIA,Mentor-E8A42252,HASH-6398EC59B9C3,Cohorte 2026 COL,Scholar-35CB49B3,Universidad Icesi,Mentoría 5,2026-06,Virtual,No,Sin alertas,,SIN ALERTA,7,0,Sin alertas,,SIN ALERTA,SIN RIESGO,Sin alertas: Seguimiento mensual,2,,1,,,No,MES 5,HASH-6687A719E06E
SCHOLAR-77B48154224E,2026-07,2026-1,MES 5,COLOMBIA,Mentor-E8A42252,HASH-6398EC59B9C3,Cohorte 2026 COL,Scholar-77B48154,Universidad Icesi,Mentoría 5,2026-06,Virtual,No,Medio,,MEDIO: Reprobó 1 o 2 asignaturas de cálculo/math el semestre anterior.,6,1,Sin alertas,,SIN ALERTA,RIESGO MEDIO,Medio: 4-8 semanas,2,,1,,,No,MES 5,HASH-49313BC1D9A6
SCHOLAR-9BEDD5E2F7AA,2026-07,2026-1,MES 5,COLOMBIA,Mentor-E8A42252,HASH-6398EC59B9C3,Cohorte 2026 COL,Scholar-9BEDD5E2,Universidad EAFIT,Mentoría 5,2026-06,Virtual,No,Sin alertas,,SIN ALERTA,9,0,Sin alertas,,SIN ALERTA,SIN RIESGO,Sin alertas: Seguimiento mensual,1,1,1,,,No,MES 5,HASH-F694147E90EC
SCHOLAR-F41C6536F6FC,2026-07,2026-1,MES 5,COLOMBIA,Mentor-E8A42252,HASH-6398EC59B9C3,Cohorte 2026 COL,Scholar-F41C6536,Universidad EAFIT,Mentoría 5,2026-06,Virtual,No,Sin alertas,,SIN ALERTA,9,0,Sin alertas,,SIN ALERTA,SIN RIESGO,Sin alertas: Seguimiento mensual,,1,1,,,No,MES 5,HASH-93C1DD4D49C0
SCHOLAR-F631CFB1AC12,2026-07,2026-1,MES 5,COLOMBIA,Mentor-E8A42252,HASH-6398EC59B9C3,Cohorte 2026 COL,Scholar-F631CFB1,Universidad EAFIT,Mentoría 5,2026-06,Virtual,No,Sin alertas,,SIN ALERTA,9,0,Sin alertas,,SIN ALERTA,SIN RIESGO,Sin alertas: Seguimiento mensual,,,1,,,No,MES 5,HASH-CB9A2C25DFE2
SCHOLAR-35BA28D82AF3,2026-07,2026-1,MES 5,COLOMBIA,Mentor-E8A42252,HASH-6398EC59B9C3,Cohorte 2026 COL,Scholar-35BA28D8,Universidad EAFIT,Mentoría 5,2026-06,Virtual,No,Sin alertas,,SIN ALERTA,9,0,Sin alertas,,SIN ALERTA,SIN RIESGO,Sin alertas: Seguimiento mensual,,,1,,,No,MES 5,HASH-390EB07A3095
SCHOLAR-C85E5875C68B,2026-07,2026-1,MES 5,COLOMBIA,Mentor-E8A42252,HASH-6398EC59B9C3,Cohorte 2026 COL,Scholar-C85E5875,Universidad EAFIT,Mentoría 5,2026-06,Virtual,No,Sin alertas,,SIN ALERTA,9,0,Sin alertas,,SIN ALERTA,SIN RIESGO,Sin alertas: Seguimiento mensual,,,1,,,No,MES 5,HASH-E6290D754659
SCHOLAR-CA521EB9252F,2026-07,2026-1,MES 5,COLOMBIA,Mentor-E8A42252,HASH-6398EC59B9C3,Cohorte 2026 COL,Scholar-CA521EB9,Universidad EAFIT,Mentoría 5,2026-06,Virtual,No,Sin alertas,,SIN ALERTA,9,0,Sin alertas,,SIN ALERTA,SIN RIESGO,Sin alertas: Seguimiento mensual,,,1,,,No,MES 5,HASH-60B695AE5FA6
SCHOLAR-3A3947A230E8,2026-07,2026-1,MES 5,COLOMBIA,Mentor-E8A42252,HASH-6398EC59B9C3,Cohorte 2026 COL,Scholar-3A3947A2,Universidad EAFIT,Mentoría 5,2026-01,Virtual,No,Sin alertas,,SIN ALERTA,9,0,Sin alertas,,SIN ALERTA,SIN RIESGO,Sin alertas: Seguimiento mensual,,,1,,,No,MES 5,HASH-866F6617E82C
SCHOLAR-74E999B26884,2026-07,2026-1,MES 5,COLOMBIA,Mentor-E8A42252,HASH-6398EC59B9C3,Cohorte 2026 COL,Scholar-74E999B2,Universidad EAFIT,Mentoría 5,2026-06,Virtual,No,Sin alertas,,SIN ALERTA,9,0,Sin alertas,,SIN ALERTA,SIN RIESGO,Sin alertas: Seguimiento mensual,,,1,,,No,MES 5,HASH-7FBC1562DD61
SCHOLAR-7E642909A62F,2026-07,2026-1,MES 5,COLOMBIA,Mentor-E8A42252,HASH-6398EC59B9C3,Cohorte 2026 COL,Scholar-7E642909,Universidad EAFIT,Mentoría 5,2026-06,Virtual,No,Sin alertas,,SIN ALERTA,9,0,Sin alertas,,SIN ALERTA,SIN RIESGO,Sin alertas: Seguimiento mensual,,1,1,,,No,MES 5,HASH-CD74D7F249EC
SCHOLAR-1DE2D45B06F0,2026-07,2026-1,MES 5,COLOMBIA,Mentor-E8A42252,HASH-6398EC59B9C3,Cohorte 2026 COL,Scholar-1DE2D45B,Universidad EAFIT,Mentoría 5,2026-06,Virtual,No,Sin alertas,,SIN ALERTA,9,0,Sin alertas,,SIN ALERTA,SIN RIESGO,Sin alertas: Seguimiento mensual,1,,1,,,No,MES 5,HASH-97BB39FE72AD
SCHOLAR-713CFFDDCB1A,2026-07,2026-1,MES 5,COLOMBIA,Mentor-E8A42252,HASH-6398EC59B9C3,Cohorte 2026 COL,Scholar-713CFFDD,Universidad EAFIT,Mentoría 5,2026-06,Virtual,No,Sin alertas,,SIN ALERTA,9,0,Sin alertas,,SIN ALERTA,SIN RIESGO,Sin alertas: Seguimiento mensual,6,,1,,,No,MES 5,HASH-0D39F9A85D9B
SCHOLAR-161B62FDC4B8,2026-07,2026-1,MES 5,COLOMBIA,Mentor-E8A42252,HASH-6398EC59B9C3,Cohorte 2026 COL,Scholar-161B62FD,Universidad EAFIT,Mentoría 5,2026-06,Virtual,No,Medio,,MEDIO: Reprobó 1 o 2 asignaturas de cálculo/math el semestre anterior.,8,1,Sin alertas,,SIN ALERTA,RIESGO MEDIO,Medio: 4-8 semanas,,,,,,No,MES 5,HASH-D715CEDC77FE
SCHOLAR-9DBD7F81E9E0,2026-07,2026-1,MES 5,COLOMBIA,Mentor-E8A42252,HASH-6398EC59B9C3,Cohorte 2026 COL,Scholar-9DBD7F81,Universidad EAFIT,Mentoría 5,2026-06,Virtual,No,Sin alertas,,SIN ALERTA,9,0,Sin alertas,,SIN ALERTA,SIN RIESGO,Sin alertas: Seguimiento mensual,,2,1,,,No,MES 5,HASH-7DCC3CC7C785
SCHOLAR-7E8CEF09E3A7,2026-07,2026-1,MES 5,COLOMBIA,Mentor-E8A42252,HASH-6398EC59B9C3,Cohorte 2026 COL,Scholar-7E8CEF09,Universidad EAFIT,Mentoría 5,2026-06,Virtual,No,Sin alertas,,SIN ALERTA,9,0,Sin alertas,,SIN ALERTA,SIN RIESGO,Sin alertas: Seguimiento mensual,,,1,,,No,MES 5,HASH-2974EFDBC500
SCHOLAR-DE142D5A00D0,2026-07,2026-1,MES 5,COLOMBIA,Mentor-E8A42252,HASH-6398EC59B9C3,Cohorte 2026 COL,Scholar-DE142D5A,Universidad EAFIT,Mentoría 5,2026-06,Virtual,No,Sin alertas,,SIN ALERTA,9,0,Sin alertas,,SIN ALERTA,SIN RIESGO,Sin alertas: Seguimiento mensual,,,1,,,No,MES 5,HASH-67C54312B061
SCHOLAR-4CB2C0B08DA7,2026-07,2026-1,MES 5,COLOMBIA,Mentor-E8A42252,HASH-6398EC59B9C3,Cohorte 2026 COL,Scholar-4CB2C0B0,Universidad EAFIT,Mentoría 5,2026-06,Virtual,No,Sin alertas,,SIN ALERTA,9,0,Sin alertas,,SIN ALERTA,SIN RIESGO,Sin alertas: Seguimiento mensual,,,1,,,No,MES 5,HASH-4B4AD6F1FA99
SCHOLAR-CD1699E4A59C,2026-07,2026-1,MES 5,COLOMBIA,Mentor-E8A42252,HASH-6398EC59B9C3,Cohorte 2026 COL,Scholar-CD1699E4,Universidad EAFIT,Mentoría 5,2026-06,Virtual,No,Sin alertas,,SIN ALERTA,9,0,Sin alertas,,SIN ALERTA,SIN RIESGO,Sin alertas: Seguimiento mensual,,,1,,,No,MES 5,HASH-4336C96002CE
SCHOLAR-EA39FA32C972,2026-07,2026-1,MES 5,COLOMBIA,Mentor-E8A42252,HASH-6398EC59B9C3,Cohorte 2026 COL,Scholar-EA39FA32,Universidad EAFIT,Mentoría 5,2026-06,Virtual,No,Sin alertas,,SIN ALERTA,9,0,Sin alertas,,SIN ALERTA,SIN RIESGO,Sin alertas: Seguimiento mensual,1,,1,,,No,MES 5,HASH-2AE25CE2F8A7
SCHOLAR-48F5D11A53E6,2026-07,2026-1,MES 5,COLOMBIA,Mentor-E8A42252,HASH-6398EC59B9C3,Cohorte 2026 COL,Scholar-48F5D11A,Universidad EAFIT,Mentoría 5,2026-06,Virtual,No,Sin alertas,,SIN ALERTA,9,0,Sin alertas,,SIN ALERTA,SIN RIESGO,Sin alertas: Seguimiento mensual,,,1,,,No,MES 5,HASH-799B87A04B8A
SCHOLAR-AFEF377642F4,2026-07,2026-1,MES 5,COLOMBIA,Mentor-E8A42252,HASH-6398EC59B9C3,Cohorte 2026 COL,Scholar-AFEF3776,Universidad EAFIT,Mentoría 5,2026-02,Virtual,No,Sin alertas,,SIN ALERTA,9,0,Sin alertas,,SIN ALERTA,SIN RIESGO,Sin alertas: Seguimiento mensual,3,1,1,,,No,MES 5,HASH-990DCB258B66
SCHOLAR-3BDF365D0B88,2026-07,2026-1,MES 5,COLOMBIA,Mentor-E8A42252,HASH-6398EC59B9C3,Cohorte 2026 COL,Scholar-3BDF365D,Universidad EAFIT,Mentoría 5,2026-06,Virtual,No,Sin alertas,,SIN ALERTA,9,0,Sin alertas,,SIN ALERTA,SIN RIESGO,Sin alertas: Seguimiento mensual,,1,1,,,No,MES 5,HASH-23FC0556221E
SCHOLAR-F9436D1DB0F0,2026-07,2026-1,MES 5,COLOMBIA,Mentor-E8A42252,HASH-6398EC59B9C3,Cohorte 2026 COL,Scholar-F9436D1D,Universidad EAFIT,Mentoría 5,2026-06,Virtual,No,Sin alertas,,SIN ALERTA,9,0,Sin alertas,,SIN ALERTA,SIN RIESGO,Sin alertas: Seguimiento mensual,1,2,1,,,No,MES 5,HASH-98EE2082A5A5
SCHOLAR-2F2E3AC1ABEC,2026-07,2026-1,MES 5,COLOMBIA,Mentor-E8A42252,HASH-6398EC59B9C3,Cohorte 2026 COL,Scholar-2F2E3AC1,Universidad EAFIT,Mentoría 5,2026-06,Virtual,No,Sin alertas,,SIN ALERTA,9,0,Sin alertas,,SIN ALERTA,SIN RIESGO,Sin alertas: Seguimiento mensual,2,3,1,,,No,MES 5,HASH-8281F3C4986E
SCHOLAR-8D4E5E832303,2026-07,2026-1,MES 5,COLOMBIA,Mentor-E8A42252,HASH-6398EC59B9C3,Cohorte 2026 COL,Scholar-8D4E5E83,Universidad EAFIT,Mentoría 5,2026-06,Virtual,No,Sin alertas,,SIN ALERTA,9,0,Sin alertas,,SIN ALERTA,SIN RIESGO,Sin alertas: Seguimiento mensual,,,1,,,No,MES 5,HASH-C5613D719C94
SCHOLAR-852A6B5608A1,2026-07,2026-1,MES 5,COLOMBIA,Mentor-E8A42252,HASH-6398EC59B9C3,Cohorte 2026 COL,Scholar-852A6B56,Universidad EAFIT,Mentoría 5,2026-06,Virtual,No,Medio,,MEDIO: Reprobó 1 o 2 asignaturas de cálculo/math el semestre anterior.,8,1,Sin alertas,,SIN ALERTA,RIESGO MEDIO,Medio: 4-8 semanas,,1,1,,,No,MES 5,HASH-7867F83468C4
SCHOLAR-B63727EC03E0,2026-07,2026-1,MES 5,COLOMBIA,Mentor-E8A42252,HASH-6398EC59B9C3,Cohorte 2026 COL,Scholar-B63727EC,Universidad EAFIT,Mentoría 5,2026-03,Virtual,No,Sin alertas,,SIN ALERTA,9,0,Sin alertas,,SIN ALERTA,SIN RIESGO,Sin alertas: Seguimiento mensual,,2,1,,,No,MES 5,HASH-00715B14BFF7
SCHOLAR-5C11522B98B9,2026-07,2026-1,MES 5,COLOMBIA,Mentor-2ADFAAC3,HASH-E1DE72098FF3,Cohorte 2026 COL,Scholar-5C11522B,Universidad de los Andes,Mentoría 5,2026-02,Virtual,No,Medio,,MEDIO: Reprobó 1 o 2 asignaturas de cálculo/math el semestre anterior.,6,2,Sin alertas,,SIN ALERTA,RIESGO MEDIO,Medio: 4-8 semanas,,,4,,1,No,MES 5,HASH-B0382F2FAA7F
SCHOLAR-EA2C0BD7FF58,2026-07,2026-1,MES 5,COLOMBIA,Mentor-2ADFAAC3,HASH-E1DE72098FF3,Cohorte 2026 COL,Scholar-EA2C0BD7,Universidad de los Andes,Mentoría 5,2026-02,Virtual,No,Sin alertas,,SIN ALERTA,6,0,Sin alertas,,SIN ALERTA,SIN RIESGO,Sin alertas: Seguimiento mensual,,1,4,,,No,MES 5,HASH-0F079E62E9DF
SCHOLAR-41CE2FD24B22,2026-07,2026-1,MES 5,COLOMBIA,Mentor-2ADFAAC3,HASH-E1DE72098FF3,Cohorte 2026 COL,Scholar-41CE2FD2,Universidad del Norte,Mentoría 5,2026-03,Virtual,No,Sin alertas,,SIN ALERTA,6,0,Sin alertas,,SIN ALERTA,SIN RIESGO,Sin alertas: Seguimiento mensual,,,1,,,No,MES 5,HASH-175CD3E2E9C4
SCHOLAR-914BBA8604F4,2026-07,2026-1,MES 5,COLOMBIA,Mentor-2ADFAAC3,HASH-E1DE72098FF3,Cohorte 2025 COL,Scholar-914BBA86,Universidad del Norte,Mentoría 5,2026-03,Virtual,No,Sin alertas,,SIN ALERTA,6,0,Sin alertas,,SIN ALERTA,SIN RIESGO,Sin alertas: Seguimiento mensual,,,4,,1,No,MES 5,HASH-3A6164F9AC79
SCHOLAR-99E4E94D43D4,2026-07,2026-1,MES 5,COLOMBIA,Mentor-2ADFAAC3,HASH-E1DE72098FF3,Cohorte 2026 COL,Scholar-99E4E94D,Universidad de los Andes,Mentoría 5,2026-03,Virtual,No,Sin alertas,,SIN ALERTA,6,0,Sin alertas,,SIN ALERTA,SIN RIESGO,Sin alertas: Seguimiento mensual,2,1,4,,1,No,MES 5,HASH-54C665CF06E4
SCHOLAR-A3EB842AB1A7,2026-07,2026-1,MES 5,PERÚ,Mentor-AE2075FE,HASH-4CBDDF7A390D,Cohorte 2025 PER,Scholar-A3EB842A,UTEC,Mentoría 5,2026-07,Virtual,No,Sin alertas,,SIN ALERTA,6,0,Sin alertas,,SIN ALERTA,SIN RIESGO,Sin alertas: Seguimiento mensual,,2,1,,1,No,MES 6,HASH-BCEC3B963B41
SCHOLAR-E0E119B4010B,2026-07,2026-1,MES 5,PERÚ,Mentor-AE2075FE,HASH-4CBDDF7A390D,Cohorte 2026 PER,Scholar-E0E119B4,UPC,Mentoría 5,2026-07,Virtual,No,Sin alertas,,SIN ALERTA,6,0,Sin alertas,,SIN ALERTA,SIN RIESGO,Sin alertas: Seguimiento mensual,,,1,,1,No,MES 6,HASH-35AFBC17D7AA
SCHOLAR-33525D1346DD,2026-07,2026-1,MES 5,PERÚ,Mentor-AE2075FE,HASH-4CBDDF7A390D,Cohorte 2026 PER,Scholar-33525D13,UPC,Mentoría 5,2026-07,Virtual,No,Sin alertas,,SIN ALERTA,6,0,Bajo,,BAJO: Desacuerdos familiares o relacionales.,RIESGO BAJO,Sin alertas: Seguimiento mensual,,3,1,,1,No,MES 6,HASH-8982D08A329C
SCHOLAR-9622EAE9A49D,2026-07,2026-1,MES 5,PERÚ,Mentor-AE2075FE,HASH-4CBDDF7A390D,Cohorte 2026 PER,Scholar-9622EAE9,UPC,Mentoría 5,2026-07,Virtual,No,Sin alertas,,SIN ALERTA,6,0,Sin alertas,,SIN ALERTA,SIN RIESGO,Sin alertas: Seguimiento mensual,,,1,,1,No,MES 6,HASH-1ED164703D36
SCHOLAR-9B124BB22291,2026-07,2026-1,MES 5,PERÚ,Mentor-AE2075FE,HASH-4CBDDF7A390D,Cohorte 2026 PER,Scholar-9B124BB2,UPC,Mentoría 5,2026-07,Virtual,No,Sin alertas,,SIN ALERTA,6,0,Sin alertas,,SIN ALERTA,SIN RIESGO,Sin alertas: Seguimiento mensual,,,1,,1,No,MES 6,HASH-F1C80F6910DA
SCHOLAR-759BBB2BAD28,2026-07,2026-1,MES 5,PERÚ,Mentor-AE2075FE,HASH-4CBDDF7A390D,Cohorte 2026 PER,Scholar-759BBB2B,UPC,Mentoría 5,2026-07,Virtual,No,Sin alertas,,SIN ALERTA,6,0,Sin alertas,,SIN ALERTA,SIN RIESGO,Sin alertas: Seguimiento mensual,,2,1,,1,No,MES 6,HASH-2FD1DBECABFF
SCHOLAR-E0E119B4010B,2026-07,2026-1,MES 5,PERÚ,Mentor-AE2075FE,HASH-4CBDDF7A390D,Cohorte 2026 PER,Scholar-E0E119B4,UPC,Mentoría 5,2026-07,Virtual,No,Sin alertas,,SIN ALERTA,6,0,Sin alertas,,SIN ALERTA,SIN RIESGO,Sin alertas: Seguimiento mensual,1,,1,,1,No,MES 6,HASH-9E04C175E8F7
SCHOLAR-0CECF9CF5C3B,2026-07,2026-1,MES 2,PERÚ,Mentor-9F97E727,HASH-F858B8D51425,Cohorte 2025 PER,Scholar-0CECF9CF,UTEC,Mentoría grupal 2,2026-04,Virtual,No,Bajo,,"BAJO: Está teniendo dificultades para entender 1 asignaturas.
SIN ALERTA",0,0,Sin alertas,,SIN ALERTA,RIESGO BAJO,Bajo: 4 semanas,,,,1,1,No,MES 2,HASH-9EEFA30471F6
SCHOLAR-33581B98C2AF,2026-07,2026-1,MES 5,PERÚ,Mentor-AE2075FE,HASH-4CBDDF7A390D,Cohorte 2026 PER,Scholar-33581B98,UPC,Mentoría 5,2026-07,Virtual,No,Sin alertas,,SIN ALERTA,6,0,Sin alertas,,SIN ALERTA,SIN RIESGO,Sin alertas: Seguimiento mensual,,2,1,,1,No,MES 6,HASH-A72D49E4B4A7
SCHOLAR-A3A1D2CF164C,2026-07,2026-1,MES 5,PERÚ,Mentor-AE2075FE,HASH-4CBDDF7A390D,Cohorte 2026 PER,Scholar-A3A1D2CF,UPC,Mentoría 5,2026-07,Virtual,No,Sin alertas,,SIN ALERTA,6,0,Bajo,,BAJO: Desacuerdos familiares o relacionales.,RIESGO BAJO,Sin alertas: Seguimiento mensual,,2,1,,1,No,MES 6,HASH-3F8B15487AF1
SCHOLAR-0CECF9CF5C3B,2026-07,2026-1,MES 4,PERÚ,Mentor-9F97E727,HASH-F858B8D51425,Cohorte 2025 PER,Scholar-0CECF9CF,UTEC,Mentoría grupal 4,2026-06,Virtual,No,Sin alertas,,SIN ALERTA,0,0,Sin alertas,,SIN ALERTA,SIN RIESGO,Sin alertas: Seguimiento mensual,,,,1,1,No,MES 4,HASH-FC60CF922564
SCHOLAR-C91020B3F781,2026-07,2026-1,MES 4,PERÚ,Mentor-9F97E727,HASH-F858B8D51425,Cohorte 2025 PER,Scholar-C91020B3,UTEC,Mentoría grupal 4,2026-06,Virtual,No,Bajo,,BAJO: Está teniendo dificultades para entender 1 asignaturas.,0,0,Sin alertas,,SIN ALERTA,RIESGO BAJO,Bajo: 4 semanas,,,4,1,1,No,MES 4,HASH-0C64A46D6C21
SCHOLAR-07D67C19DFB3,2026-07,2026-1,MES 4,PERÚ,Mentor-9F97E727,HASH-F858B8D51425,Cohorte 2025 PER,Scholar-07D67C19,UTEC,Mentoría grupal 4,2026-06,Virtual,No,Bajo,,BAJO: Está teniendo dificultades para entender 1 asignaturas.,0,0,Sin alertas,,SIN ALERTA,RIESGO BAJO,Bajo: 4 semanas,,,,1,1,No,MES 4,HASH-39D5003A437B
SCHOLAR-F90B5C9D5FCE,2026-07,2026-1,MES 4,PERÚ,Mentor-9F97E727,HASH-F858B8D51425,Cohorte 2025 PER,Scholar-F90B5C9D,UTEC,Mentoría grupal 4,2026-06,Virtual,No,Sin alertas,,SIN ALERTA,0,0,Sin alertas,,SIN ALERTA,SIN RIESGO,Bajo: 4 semanas,,,,1,1,No,MES 4,HASH-42FCFED3A1CC
SCHOLAR-A05CB282264C,2026-07,2026-1,,PERÚ,Mentor-9F97E727,HASH-F858B8D51425,Cohorte 2025 PER,Scholar-A05CB282,UTEC,Mentoría grupal 4,2026-06,Virtual,No,Sin alertas,,SIN ALERTA,0,0,Sin alertas,,SIN ALERTA,SIN RIESGO,Bajo: 4 semanas,,,,1,1,No,MES 4,HASH-CE0B4B36B80A
SCHOLAR-A1BC51921E85,2026-07,2026-1,,COLOMBIA,Mentor-F14A1035,HASH-7938F9C4972C,Cohorte 2026 COL,Scholar-A1BC5192,Universidad EIA,Mentoría 6,2026-07,Virtual,Sí,Alto,,"ALTO: Pierde dos o más materias/cursos.
ALTO: Inasistencia a las actividades de acompañamiento.",4,2,Bajo,,BAJO: Duda ocasional sobre sus capacidades académicas.,RIESGO ALTO,Alto: 8-10 semanas,2,,1,,1,No,MES 6,HASH-EFB91CB969A3
SCHOLAR-C8AF78F68638,2026-07,2026-1,,COLOMBIA,Mentor-F14A1035,HASH-F3C7D85FFC8E,Cohorte 2026 COL,Scholar-C8AF78F6,Universidad EIA,Mentoría 7,2026-08,Virtual,Sí,Alto,,ALTO: Pierde dos o más materias/cursos.,4,2,Bajo,,BAJO: Estrés académico ocasional.,RIESGO ALTO,Alto: 8-10 semanas,1,,1,,1,No,MES 6,HASH-9D18310C6D98
SCHOLAR-F8B14591F744,2026-07,2026-1,,COLOMBIA,Mentor-F14A1035,HASH-7938F9C4972C,Cohorte 2026 COL,Scholar-F8B14591,Universidad EIA,Mentoría 8,2026-09,Virtual,Sí,Crítico,,"ALTO: Retiró/canceló 1 o 2 materias clave.
ALTO: Pierde dos o más materias/cursos.",3,4,Bajo,,BAJO: Duda ocasional sobre sus capacidades académicas.,RIESGO ALTO,Crítico: 10-12 semanas,6,,1,,1,No,MES 6,HASH-EAE78A43303F
SCHOLAR-F92E37E1006A,2026-07,2026-1,,COLOMBIA,Mentor-F14A1035,HASH-7938F9C4972C,Cohorte 2026 COL,Scholar-F92E37E1,Universidad EIA,Mentoría 6,2026-10,Virtual,Sí,Alto,,ALTO: Pierde dos o más materias/cursos.,4,2,Bajo,,"BAJO: Se ha sentido triste, ansioso/a o desmotivado/a en los últimos días.",RIESGO ALTO,Alto: 8-10 semanas,1,,1,,,No,MES 6,HASH-B87B7BD95C1D
SCHOLAR-0277D43B2D10,2026-07,2026-1,,COLOMBIA,Mentor-F14A1035,HASH-7938F9C4972C,Cohorte 2026 COL,Scholar-0277D43B,Universidad EIA,Mentoría 6,2026-07,Virtual,Sí,Alto,,"MEDIO: Está perdiendo una asignatura/curso.
ALTO: Inasistencia a las actividades de acompañamiento.",5,1,Sin alertas,,SIN ALERTA,RIESGO ALTO,Alto: 8-10 semanas,1,,1,,,No,MES 6,HASH-EB7F0871F75D
SCHOLAR-56360FF40931,2026-07,2026-1,,COLOMBIA,Mentor-F14A1035,HASH-7938F9C4972C,Cohorte 2026 COL,Scholar-56360FF4,Universidad EIA,Mentoría 6,2026-07,Virtual,Sí,Alto,,MEDIO: Está perdiendo una asignatura/curso.,5,1,Sin alertas,,SIN ALERTA,RIESGO ALTO,Alto: 8-10 semanas,3,,1,,1,No,MES 6,HASH-47E9F38FC1ED
SCHOLAR-4C71BB8143A0,2026-07,2026-1,,COLOMBIA,Mentor-F14A1035,HASH-7938F9C4972C,Cohorte 2026 COL,Scholar-4C71BB81,Universidad EIA,Mentoría 6,2026-07,Virtual,No,Sin alertas,,SIN ALERTA,8,0,Sin alertas,,SIN ALERTA,SIN RIESGO,Sin alertas: Seguimiento mensual,1,,1,,1,No,MES 6,HASH-7D6C524A13DF
SCHOLAR-AAB139ED070D,2026-07,2026-1,,COLOMBIA,Mentor-F14A1035,HASH-7938F9C4972C,Cohorte 2025 COL,Scholar-AAB139ED,Universidad EIA,Mentoría 6,2026-07,Virtual,Sí,Alto,,MEDIO: Está perdiendo una asignatura/curso.,5,1,Sin alertas,,SIN ALERTA,RIESGO ALTO,Alto: 8-10 semanas,2,,1,,1,No,MES 5,HASH-0F40941926A9
SCHOLAR-844B6D5B430E,2026-07,2026-1,,COLOMBIA,Mentor-F14A1035,HASH-7938F9C4972C,Cohorte 2026 COL,Scholar-844B6D5B,Universidad EIA,Mentoría 9,2026-08,Virtual,Sí,Crítico,,"ALTO: Pierde dos o más materias/cursos.
ALTO: Inasistencia a las actividades de acompañamiento.",2,4,Alto,,ALTO: Crisis emocional que afecta directamente el desempeño académico.,RIESGO ALTO,Crítico: 10-12 semanas,8,,1,,1,No,MES 6,HASH-6F61041D03DC
SCHOLAR-844B6D5B430E,2026-07,2026-1,,COLOMBIA,Mentor-F14A1035,HASH-7938F9C4972C,Cohorte 2026 COL,Scholar-844B6D5B,Universidad EIA,Mentoría 10,2026-07,Virtual,Sí,Crítico,,"ALTO: Pierde dos o más materias/cursos.
ALTO: Inasistencia a las actividades de acompañamiento.",2,4,Alto,,ALTO: Crisis emocional que afecta directamente el desempeño académico.,RIESGO ALTO,Crítico: 10-12 semanas,8,,2,,,No,MES 6,HASH-0F0F791BD36A
SCHOLAR-A26DAD3B7F39,2026-07,2026-1,,PERÚ,Mentor-AE2075FE,HASH-4CBDDF7A390D,Cohorte 2026 PER,Scholar-A26DAD3B,UPC,Mentoría 5,2026-07,Virtual,No,Sin alertas,,SIN ALERTA,6,0,Sin alertas,,SIN ALERTA,SIN RIESGO,Sin alertas: Seguimiento mensual,,,1,,1,No,MES 6,HASH-244BCC63451E
SCHOLAR-7CF2E2274BFA,2026-07,2026-1,,COLOMBIA,Mentor-2ADFAAC3,HASH-E1DE72098FF3,Cohorte 2026 COL,Scholar-7CF2E227,Universidad de los Andes,Mentoría 6,2026-07,Virtual,No,Sin alertas,,SIN ALERTA,6,0,Sin alertas,,SIN ALERTA,SIN RIESGO,Sin alertas: Seguimiento mensual,2,,1,,,No,MES 6,HASH-B5397E988463
SCHOLAR-5C11522B98B9,2026-07,2026-1,,COLOMBIA,Mentor-2ADFAAC3,HASH-E1DE72098FF3,Cohorte 2026 COL,Scholar-5C11522B,Universidad de los Andes,Mentoría 6,2026-07,Virtual,No,Sin alertas,,SIN ALERTA,6,0,Sin alertas,,SIN ALERTA,SIN RIESGO,Sin alertas: Seguimiento mensual,3,,1,,,No,MES 6,HASH-DC5A00A81283
SCHOLAR-CFFD2DCD7EE5,2026-07,2026-1,,COLOMBIA,Mentor-2ADFAAC3,HASH-E1DE72098FF3,Cohorte 2026 COL,Scholar-CFFD2DCD,Universidad de los Andes,Mentoría 6,2026-07,Virtual,No,Sin alertas,,SIN ALERTA,6,0,Sin alertas,,SIN ALERTA,SIN RIESGO,Sin alertas: Seguimiento mensual,2,,1,,,No,MES 6,HASH-5F0491A7EE1D
SCHOLAR-211868B9C2B9,2026-07,2026-1,,PERÚ,Mentor-AE2075FE,HASH-4CBDDF7A390D,Cohorte 2026 PER,Scholar-211868B9,UPC,Mentoría 5,2026-07,Virtual,No,Sin alertas,,SIN ALERTA,6,0,Bajo,,BAJO: Desacuerdos familiares o relacionales.,RIESGO BAJO,Sin alertas: Seguimiento mensual,,,1,,1,No,MES 6,HASH-C823079454CF
SCHOLAR-ADFFB30281FB,2026-07,2026-1,,PERÚ,Mentor-AE2075FE,HASH-4CBDDF7A390D,Cohorte 2026 PER,Scholar-ADFFB302,UPC,Mentoría 5,2026-07,Virtual,No,Sin alertas,,SIN ALERTA,6,0,Bajo,,"BAJO: Se ha sentido triste, ansioso/a o desmotivado/a en los últimos días.",RIESGO BAJO,Sin alertas: Seguimiento mensual,,,1,,1,No,MES 6,HASH-70480E96FDD9
SCHOLAR-2CE2447FB2CA,2026-07,2026-1,,PERÚ,Mentor-AE2075FE,HASH-4CBDDF7A390D,Cohorte 2025 PER,Scholar-2CE2447F,UTEC,Mentoría 6,2026-07,Virtual,Sí,Crítico,,"ALTO: Pierde dos o más materias/cursos.
ALTO: En riesgo de no obtener el promedio requerido (programa).",3,2,Alto,,"MEDIO: Muestra desinterés o dudas frecuentes sobre la beca o carrera(afecta su desempeño).
ALTO: Desmotivación fuerte frente a la carrera o universidad.",RIESGO ALTO,Crítico: 10-12 semanas,4,3,1,,1,No,MES 6,HASH-124FC3D9F59A
SCHOLAR-B54CBF03C260,2026-07,2026-1,,PERÚ,Mentor-AE2075FE,HASH-4CBDDF7A390D,Cohorte 2025 PER,Scholar-B54CBF03,UTEC,Mentoría 5,2026-07,Virtual,No,Sin alertas,,SIN ALERTA,6,0,Sin alertas,,SIN ALERTA,SIN RIESGO,Sin alertas: Seguimiento mensual,,3,1,,1,No,MES 6,HASH-B60754AED190
SCHOLAR-B430C60C0612,2026-07,2026-1,,PERÚ,Mentor-AE2075FE,HASH-4CBDDF7A390D,Cohorte 2025 PER,Scholar-B430C60C,UTEC,Mentoría 5,2026-07,Virtual,No,Medio,,ALTO: Retiró/canceló 1 o 2 materias clave.,5,1,Bajo,,BAJO: Duda ocasional sobre sus capacidades académicas.,RIESGO MEDIO,Bajo: 4 semanas,,3,1,,1,No,MES 6,HASH-5D1CF3B083C6
SCHOLAR-A1B24F19188A,2026-07,2026-1,,COLOMBIA,Mentor-2ADFAAC3,HASH-E1DE72098FF3,Cohorte 2026 COL,Scholar-A1B24F19,Universidad de los Andes,Mentoría 6,2026-07,Virtual,No,Sin alertas,,SIN ALERTA,6,0,Sin alertas,,SIN ALERTA,SIN RIESGO,Sin alertas: Seguimiento mensual,,,1,,,No,MES 6,HASH-4224C386199A
SCHOLAR-224953FA49FC,2026-07,2026-1,,COLOMBIA,Mentor-2ADFAAC3,HASH-E1DE72098FF3,Cohorte 2026 COL,Scholar-224953FA,Universidad de los Andes,Mentoría 6,2026-07,Virtual,No,Sin alertas,,SIN ALERTA,6,0,Sin alertas,,SIN ALERTA,SIN RIESGO,Sin alertas: Seguimiento mensual,2,,1,,,No,MES 6,HASH-58EFEF3CCF32
SCHOLAR-C4B43670F064,2026-07,2026-1,,COLOMBIA,Mentor-2ADFAAC3,HASH-E1DE72098FF3,Cohorte 2026 COL,Scholar-C4B43670,Universidad de los Andes,Mentoría 6,2026-07,Virtual,No,Sin alertas,,SIN ALERTA,6,0,Bajo,,"BAJO: Se ha sentido triste, ansioso/a o desmotivado/a en los últimos días.",RIESGO BAJO,Sin alertas: Seguimiento mensual,2,,1,,,No,MES 6,HASH-9154C8126A0D
SCHOLAR-96AF29D30254,2026-07,2026-1,,COLOMBIA,Mentor-2ADFAAC3,HASH-E1DE72098FF3,Cohorte 2026 COL,Scholar-96AF29D3,Universidad de los Andes,Mentoría 6,2026-07,Virtual,No,Sin alertas,,SIN ALERTA,6,0,Sin alertas,,SIN ALERTA,SIN RIESGO,Sin alertas: Seguimiento mensual,4,,1,,,No,MES 6,HASH-322E9D10E938
SCHOLAR-3F49A50AF900,2026-07,2026-1,,COLOMBIA,Mentor-2ADFAAC3,HASH-E1DE72098FF3,Cohorte 2026 COL,Scholar-3F49A50A,Universidad de los Andes,Mentoría 6,2026-07,Virtual,No,Sin alertas,,SIN ALERTA,6,0,Sin alertas,,SIN ALERTA,SIN RIESGO,Sin alertas: Seguimiento mensual,4,,1,,,No,MES 6,HASH-B2E51CB5FCEA
SCHOLAR-8FE0F88AA594,2026-07,2026-1,,COLOMBIA,Mentor-E8A42252,HASH-6398EC59B9C3,Cohorte 2025 COL,Scholar-8FE0F88A,Pontificia Universidad Javeriana,Mentoría 6,2026-07,Virtual,No,Sin alertas,,SIN ALERTA,0,0,Sin alertas,,SIN ALERTA,SIN RIESGO,Sin alertas: Seguimiento mensual,,,1,,1,No,MES 6,HASH-A243E16722AF
SCHOLAR-77B48154224E,2026-07,2026-1,,COLOMBIA,Mentor-E8A42252,HASH-6398EC59B9C3,Cohorte 2026 COL,Scholar-77B48154,Universidad Icesi,Mentoría 6,2026-07,Virtual,No,Sin alertas,,SIN ALERTA,0,0,Sin alertas,,SIN ALERTA,SIN RIESGO,Sin alertas: Seguimiento mensual,4,,1,,1,No,MES 6,HASH-761AA094C3A6
SCHOLAR-E97EA82B3ECD,2026-07,2026-1,,COLOMBIA,Mentor-E8A42252,HASH-6398EC59B9C3,Cohorte 2025 COL,Scholar-E97EA82B,Universidad Pontificia Bolivariana,Mentoría 6,2026-07,Virtual,No,Sin alertas,,SIN ALERTA,0,0,Sin alertas,,SIN ALERTA,SIN RIESGO,Sin alertas: Seguimiento mensual,4,,1,,,No,MES 6,HASH-F0B3031B4D18
SCHOLAR-632CD8060404,2026-07,2026-1,,COLOMBIA,Mentor-797B1977,HASH-2C98D1CF09FF,Cohorte 2025 COL,Scholar-632CD806,Universidad de los Andes,Mentoría 6,2026-07,Virtual,No,Sin alertas,,SIN ALERTA,7,1,Sin alertas,,SIN ALERTA,SIN RIESGO,Sin alertas: Seguimiento mensual,3,,1,,,No,MES 6,HASH-E01681F72343
SCHOLAR-852A6B5608A1,2026-07,2026-1,,COLOMBIA,Mentor-E8A42252,HASH-6398EC59B9C3,Cohorte 2026 COL,Scholar-852A6B56,Universidad EAFIT,Mentoría 6,2026-07,Virtual,No,Sin alertas,,SIN ALERTA,0,0,Sin alertas,,SIN ALERTA,SIN RIESGO,Sin alertas: Seguimiento mensual,2,1,1,,1,No,MES 6,HASH-4A9538223C2D
SCHOLAR-161B62FDC4B8,2026-07,2026-1,,COLOMBIA,Mentor-E8A42252,HASH-6398EC59B9C3,Cohorte 2026 COL,Scholar-161B62FD,Universidad EAFIT,Mentoría 6,2026-07,Virtual,No,Sin alertas,,SIN ALERTA,0,0,Sin alertas,,SIN ALERTA,SIN RIESGO,Sin alertas: Seguimiento mensual,2,2,1,,,No,MES 6,HASH-3048FE5A0BE2
SCHOLAR-B1E5AA88DC49,2026-07,2026-1,,COLOMBIA,Mentor-797B1977,HASH-2C98D1CF09FF,Cohorte 2025 COL,Scholar-B1E5AA88,Universidad de los Andes,Mentoría 6,2026-07,Virtual,No,Sin alertas,,SIN ALERTA,7,0,Sin alertas,,SIN ALERTA,SIN RIESGO,Sin alertas: Seguimiento mensual,3,,1,,,No,MES 6,HASH-9467C097DEFB
SCHOLAR-A06C29C33558,2026-07,2026-1,,COLOMBIA,Mentor-E8A42252,HASH-6398EC59B9C3,Cohorte 2025 COL,Scholar-A06C29C3,Universidad del Norte,Mentoría 7,2026-07,Virtual,No,Sin alertas,,SIN ALERTA,0,0,Sin alertas,,SIN ALERTA,SIN RIESGO,Sin alertas: Seguimiento mensual,3,,1,,1,No,MES 6,HASH-491B3D691629
SCHOLAR-3F49A50AF900,2026-07,2026-1,,COLOMBIA,Mentor-2ADFAAC3,HASH-E1DE72098FF3,Cohorte 2026 COL,Scholar-3F49A50A,Universidad de los Andes,Mentoría 6,2026-07,Virtual,No,Sin alertas,,SIN ALERTA,6,0,Sin alertas,,SIN ALERTA,SIN RIESGO,Sin alertas: Seguimiento mensual,4,,1,,,No,MES 6,HASH-53C59A989D08
SCHOLAR-A127344ED21F,2026-07,2026-1,,COLOMBIA,Mentor-2ADFAAC3,HASH-E1DE72098FF3,Cohorte 2026 COL,Scholar-A127344E,Universidad de los Andes,Mentoría 6,2026-07,Virtual,No,Sin alertas,,SIN ALERTA,6,0,Sin alertas,,SIN ALERTA,SIN RIESGO,Sin alertas: Seguimiento mensual,3,,1,,,No,MES 6,HASH-85CA63B115D9
SCHOLAR-AA8CAAF5BF76,2026-07,2026-1,,COLOMBIA,Mentor-2ADFAAC3,HASH-E1DE72098FF3,Cohorte 2025 COL,Scholar-AA8CAAF5,Universidad EIA,Mentoría 6,2026-07,Virtual,No,Sin alertas,,SIN ALERTA,6,0,Sin alertas,,SIN ALERTA,SIN RIESGO,Sin alertas: Seguimiento mensual,,,1,,,No,MES 6,HASH-6C245507EFA7
SCHOLAR-3A4016B24520,2026-07,2026-1,,COLOMBIA,Mentor-2ADFAAC3,HASH-E1DE72098FF3,Cohorte 2026 COL,Scholar-3A4016B2,Universidad de los Andes,Mentoría 6,2026-07,Virtual,Sí,Sin alertas,,SIN ALERTA,6,0,Medio,,MEDIO: Dificultades económicas que generan preocupación constante (afecta su desempeño).,RIESGO MEDIO,Medio: 4-8 semanas,4,,1,,,No,MES 6,HASH-021FFACD3F28
SCHOLAR-9181E5AB3D08,2026-07,2026-1,,COLOMBIA,Mentor-797B1977,HASH-2C98D1CF09FF,Cohorte 2025 COL,Scholar-9181E5AB,Universidad de los Andes,Mentoría 6,2026-07,Virtual,Sí,Medio,,MEDIO: Canceló/retiró más de 1 asignatura.,4,2,Medio,,MEDIO: Dificultades económicas que generan preocupación constante (afecta su desempeño).,RIESGO MEDIO,Medio: 4-8 semanas,,,1,,,No,MES 6,HASH-DD293428445A
SCHOLAR-67B4E5C29BC3,2026-07,2026-1,,PERÚ,Mentor-AE2075FE,HASH-4CBDDF7A390D,Cohorte 2026 PER,Scholar-67B4E5C2,UPC,Mentoría 5,2026-07,Virtual,No,Sin alertas,,SIN ALERTA,6,0,Sin alertas,,SIN ALERTA,SIN RIESGO,Sin alertas: Seguimiento mensual,,,1,,1,No,MES 6,HASH-E1BF652CA1A4
SCHOLAR-F6CA9692C37E,2026-07,2026-1,,PERÚ,Mentor-AE2075FE,HASH-4CBDDF7A390D,Cohorte 2026 PER,Scholar-F6CA9692,UPC,Mentoría 5,2026-07,Virtual,No,Sin alertas,,SIN ALERTA,6,0,Bajo,,BAJO: Desacuerdos familiares o relacionales.,RIESGO BAJO,Sin alertas: Seguimiento mensual,,,1,,1,No,MES 6,HASH-5F87A7BC3166
SCHOLAR-F8B14591F744,2026-07,2026-1,,COLOMBIA,Mentor-F14A1035,HASH-7938F9C4972C,Cohorte 2026 COL,Scholar-F8B14591,Universidad EIA,Mentoría 9,2026-07,Virtual,Sí,Crítico,,"ALTO: Retiró/canceló 1 o 2 materias clave.
ALTO: Pierde dos o más materias/cursos.",4,3,Bajo,,BAJO: Duda ocasional sobre sus capacidades académicas.,RIESGO ALTO,Crítico: 10-12 semanas,6,,2,,1,No,MES 6,HASH-730529CCDA84
SCHOLAR-97479C739ED8,2026-07,2026-1,,PERÚ,Mentor-AE2075FE,HASH-4CBDDF7A390D,Cohorte 2026 PER,Scholar-97479C73,UPC,Mentoría 5,2026-07,Virtual,No,Sin alertas,,SIN ALERTA,6,0,Bajo,,"BAJO: Se ha sentido triste, ansioso/a o desmotivado/a en los últimos días.
BAJO: Desacuerdos familiares o relacionales.",RIESGO BAJO,Sin alertas: Seguimiento mensual,,,1,,1,No,MES 6,HASH-5CBC95809A0A
SCHOLAR-C6363F3507EA,2026-07,2026-1,,PERÚ,Mentor-AE2075FE,HASH-4CBDDF7A390D,Cohorte 2026 PER,Scholar-C6363F35,UPC,Mentoría 5,2026-07,Virtual,No,Sin alertas,,SIN ALERTA,6,0,Bajo,,"BAJO: Desacuerdos familiares o relacionales.
BAJO: Estrés académico ocasional.",RIESGO BAJO,Sin alertas: Seguimiento mensual,,,1,,1,No,MES 6,HASH-1DE70DB784D6
SCHOLAR-5784F4261DA9,2026-07,2026-1,,PERÚ,Mentor-AE2075FE,HASH-4CBDDF7A390D,Cohorte 2026 PER,Scholar-5784F426,UPC,Mentoría 5,2026-07,Virtual,No,Sin alertas,,SIN ALERTA,6,0,Sin alertas,,SIN ALERTA,SIN RIESGO,Sin alertas: Seguimiento mensual,,3,1,,1,No,MES 6,HASH-67306514E704
SCHOLAR-2D9E7BAFD5C5,2026-07,2026-1,,PERÚ,Mentor-AE2075FE,HASH-4CBDDF7A390D,Cohorte 2026 PER,Scholar-2D9E7BAF,UPC,Mentoría 5,2026-07,Virtual,No,Sin alertas,,SIN ALERTA,6,0,Sin alertas,,SIN ALERTA,SIN RIESGO,Sin alertas: Seguimiento mensual,,3,1,,1,No,MES 6,HASH-E3310AA89794
SCHOLAR-373F1CE26945,2026-07,2026-1,,PERÚ,Mentor-AE2075FE,HASH-4CBDDF7A390D,Cohorte 2026 PER,Scholar-373F1CE2,UPC,Mentoría 5,2026-07,Virtual,No,Sin alertas,,SIN ALERTA,6,0,Sin alertas,,SIN ALERTA,SIN RIESGO,Sin alertas: Seguimiento mensual,,,1,,1,No,MES 6,HASH-D6008DC0CB56
SCHOLAR-3CA5988BFD5A,2026-07,2026-1,,PERÚ,Mentor-AE2075FE,HASH-4CBDDF7A390D,Cohorte 2026 PER,Scholar-3CA5988B,UPC,Mentoría 5,2026-07,Virtual,Sí,Crítico,,ALTO: Pierde dos o más materias/cursos.,4,2,Medio,,"BAJO: Duda ocasional sobre sus capacidades académicas.
MEDIO: Desorganización persistente o procrastinación que afecta el rendimiento.",RIESGO ALTO,Crítico: 10-12 semanas,3,3,1,,1,No,MES 6,HASH-0C53A4E49AB5
SCHOLAR-7200CAC79F5E,2026-07,2026-1,,PERÚ,Mentor-AE2075FE,HASH-4CBDDF7A390D,Cohorte 2026 PER,Scholar-7200CAC7,UPC,Mentoría 5,2026-07,Virtual,Sí,Crítico,,"ALTO: Pierde dos o más materias/cursos.
ALTO: Inasistencia a las actividades de acompañamiento.",4,2,Medio,,"MEDIO: Muestra desinterés o dudas frecuentes sobre la beca o carrera(afecta su desempeño).
MEDIO: Desorganización persistente o procrastinación que afecta el rendimiento.",RIESGO ALTO,Crítico: 10-12 semanas,,2,1,,1,No,MES 6,HASH-357B303CCA29
SCHOLAR-1B8FD099F515,2026-07,2026-1,,PERÚ,Mentor-AE2075FE,HASH-4CBDDF7A390D,Cohorte 2026 PER,Scholar-1B8FD099,UPC,Mentoría 5,2026-07,Virtual,No,Bajo,,BAJO: Está teniendo dificultades para entender 1 asignaturas.,6,0,Sin alertas,,SIN ALERTA,RIESGO BAJO,Bajo: 4 semanas,,3,1,,1,No,MES 6,HASH-4DE5C6B42486
SCHOLAR-45C487A6CCDB,2026-07,2026-1,,PERÚ,Mentor-AE2075FE,HASH-4CBDDF7A390D,Cohorte 2026 PER,Scholar-45C487A6,UTEC,Mentoría 5,2026-07,Virtual,No,Bajo,,BAJO: Tiene dificultades en hábitos y métodos de estudio.,5,0,Sin alertas,,SIN ALERTA,RIESGO BAJO,Bajo: 4 semanas,,3,1,,1,No,MES 6,HASH-B306FCA7800C
SCHOLAR-26F3F62110B8,2026-07,2026-1,,PERÚ,Mentor-AE2075FE,HASH-4CBDDF7A390D,Cohorte 2026 PER,Scholar-26F3F621,UTEC,Mentoría 5,2026-07,Virtual,Sí,Alto,,ALTO: Retiró/canceló 1 o 2 materias clave.,5,1,Bajo,,BAJO: Estrés académico ocasional.,RIESGO ALTO,Alto: 8-10 semanas,,2,1,,1,No,MES 6,HASH-8F5B1082B2DE
SCHOLAR-B51DE52246DE,2026-07,2026-1,,PERÚ,Mentor-16D91A6D,HASH-557A8A6E085C,Cohorte 2025 PER,Scholar-B51DE522,UTEC,Mentoría 6,2026-10,Virtual,No,Bajo,,SIN ALERTA,6,0,Bajo,,SIN ALERTA,RIESGO BAJO,Sin alertas: Seguimiento mensual,,9,2,1,1,No,MES 6,HASH-F97AC9255521
SCHOLAR-73D5611DBD4C,2026-07,2026-1,,PERÚ,Mentor-16D91A6D,HASH-84635EF5D43D,Cohorte 2025 PER,Scholar-73D5611D,UTEC,Mentoría 6,2026-10,Virtual,No,Sin alertas,,SIN ALERTA,6,0,Sin alertas,,SIN ALERTA,SIN RIESGO,Sin alertas: Seguimiento mensual,,6,2,1,1,No,MES 6,HASH-BB3A9F816A5D
SCHOLAR-5578D789BF0A,2026-07,2026-1,,PERÚ,Mentor-16D91A6D,HASH-557A8A6E085C,Cohorte 2025 PER,Scholar-5578D789,UTEC,Mentoría 6,2026-10,Virtual,No,Sin alertas,,SIN ALERTA,6,0,Sin alertas,,SIN ALERTA,SIN RIESGO,Bajo: 4 semanas,,6,2,1,1,No,MES 6,HASH-6059FCC497B4
SCHOLAR-CFC72B6E041A,2026-07,2026-1,,PERÚ,Mentor-16D91A6D,HASH-557A8A6E085C,Cohorte 2025 PER,Scholar-CFC72B6E,UTEC,Mentoría 6,2026-10,Virtual,No,Bajo,,SIN ALERTA,6,0,Medio,,MEDIO: Aislamiento social progresivo (afecta su desempeño).,RIESGO MEDIO,Bajo: 4 semanas,,6,2,,1,No,MES 6,HASH-305503BF5064
SCHOLAR-552D7FF8ECB9,2026-07,2026-1,,PERÚ,Mentor-16D91A6D,HASH-557A8A6E085C,Cohorte 2025 PER,Scholar-552D7FF8,UTEC,Mentoría 6,2026-10,Virtual,No,Bajo,,SIN ALERTA,6,0,Sin alertas,,SIN ALERTA,RIESGO BAJO,Sin alertas: Seguimiento mensual,,6,2,1,1,No,MES 6,HASH-97BD50D09FE2
SCHOLAR-9666A95203A8,2026-07,2026-1,,PERÚ,Mentor-16D91A6D,HASH-557A8A6E085C,Cohorte 2025 PER,Scholar-9666A952,UTEC,Mentoría 6,2026-10,Virtual,No,Bajo,,BAJO: Está teniendo dificultades para entender 1 asignaturas.,6,0,Bajo,,BAJO: Duda ocasional sobre sus capacidades académicas.,RIESGO BAJO,Bajo: 4 semanas,,6,2,1,1,No,MES 6,HASH-1DA1B3BCF060
SCHOLAR-9ADBDB8814AC,2026-07,2026-1,,PERÚ,Mentor-16D91A6D,HASH-557A8A6E085C,Cohorte 2026 PER,Scholar-9ADBDB88,UTEC,Mentoría 6,2026-11,Virtual,No,Sin alertas,,SIN ALERTA,6,-1,Bajo,,BAJO: Duda ocasional sobre sus capacidades académicas.,RIESGO BAJO,Sin alertas: Seguimiento mensual,,6,2,1,,No,MES 6,HASH-D08DF9A6CB5D
SCHOLAR-4ABEEA0E0BD3,2026-07,2026-1,,PERÚ,Mentor-16D91A6D,HASH-557A8A6E085C,Cohorte 2026 PER,Scholar-4ABEEA0E,UTEC,Mentoría 6,2026-11,Virtual,No,Sin alertas,,SIN ALERTA,6,0,Sin alertas,,SIN ALERTA,SIN RIESGO,Bajo: 4 semanas,,6,2,1,,No,MES 6,HASH-2B8AB595DFF9
SCHOLAR-5B3485209C81,2026-07,2026-1,,PERÚ,Mentor-16D91A6D,HASH-557A8A6E085C,Cohorte 2026 PER,Scholar-5B348520,UTEC,Mentoría 6,2026-11,Virtual,Sí,Medio,,MEDIO: Está perdiendiendo más de 1 asignatura/curso.,6,0,Bajo,,BAJO: Estrés académico ocasional.,RIESGO MEDIO,Medio: 4-8 semanas,,6,2,1,,No,MES 6,HASH-DBC51CDCFF66
SCHOLAR-07464BA86073,2026-07,2026-1,,PERÚ,Mentor-16D91A6D,HASH-557A8A6E085C,Cohorte 2026 PER,Scholar-07464BA8,UTEC,Mentoría 6,2026-11,Virtual,No,Sin alertas,,SIN ALERTA,6,0,Sin alertas,,SIN ALERTA,SIN RIESGO,Sin alertas: Seguimiento mensual,,6,2,1,,No,MES 6,HASH-383FD5F0BB26
SCHOLAR-4EC81CE0D757,2026-07,2026-1,,PERÚ,Mentor-16D91A6D,HASH-557A8A6E085C,Cohorte 2026 PER,Scholar-4EC81CE0,UTEC,Mentoría 6,2026-11,Virtual,No,Sin alertas,,SIN ALERTA,6,0,Sin alertas,,SIN ALERTA,SIN RIESGO,Sin alertas: Seguimiento mensual,,5,2,1,,No,MES 6,HASH-5BC71DD0710C
SCHOLAR-CB038A22CC30,2026-07,2026-1,,PERÚ,Mentor-16D91A6D,HASH-557A8A6E085C,Cohorte 2026 PER,Scholar-CB038A22,UTEC,Mentoría 6,2026-11,Virtual,No,Sin alertas,,SIN ALERTA,6,0,Sin alertas,,SIN ALERTA,SIN RIESGO,Sin alertas: Seguimiento mensual,,6,2,1,,No,MES 6,HASH-78BE18ED937F
SCHOLAR-D73B41074B4F,2026-07,2026-1,,PERÚ,Mentor-16D91A6D,HASH-557A8A6E085C,Cohorte 2026 PER,Scholar-D73B4107,UTEC,Mentoría 6,2026-11,Virtual,No,Sin alertas,,SIN ALERTA,6,0,Sin alertas,,SIN ALERTA,SIN RIESGO,Sin alertas: Seguimiento mensual,,6,2,1,,No,MES 6,HASH-D92E057E87EA
SCHOLAR-23FD3F77423A,2026-07,2026-1,,PERÚ,Mentor-16D91A6D,HASH-557A8A6E085C,Cohorte 2026 PER,Scholar-23FD3F77,UTEC,Mentoría 6,2026-11,Virtual,Sí,Bajo,,BAJO: Está teniendo dificultades para entender 1 asignaturas.,6,0,Medio,,MEDIO: Conflictos recurrentes con familia o pareja (afecta su desempeño),RIESGO MEDIO,Medio: 4-8 semanas,,6,2,1,,No,MES 6,HASH-9D3B119BC972
SCHOLAR-F82109761B57,2026-07,2026-1,,PERÚ,Mentor-16D91A6D,HASH-557A8A6E085C,Cohorte 2026 PER,Scholar-F8210976,UTEC,Mentoría 6,2026-11,Virtual,No,Sin alertas,,SIN ALERTA,6,0,Sin alertas,,SIN ALERTA,SIN RIESGO,Sin alertas: Seguimiento mensual,,6,1,1,,No,MES 6,HASH-F49C59329899
SCHOLAR-2CE17FA8ED48,2026-07,2026-1,,PERÚ,Mentor-16D91A6D,HASH-557A8A6E085C,Cohorte 2026 PER,Scholar-2CE17FA8,UTEC,Mentoría 6,2026-11,Virtual,No,Sin alertas,,SIN ALERTA,6,0,Medio,,MEDIO: Conflictos recurrentes con familia o pareja (afecta su desempeño),RIESGO MEDIO,Bajo: 4 semanas,,6,2,1,,No,MES 6,HASH-4992E890E234
SCHOLAR-DF991B4888B7,2026-07,2026-1,,PERÚ,Mentor-16D91A6D,HASH-8DECD290E534,Cohorte 2026 PER,Scholar-DF991B48,UTEC,Mentoría 6,2026-11,Virtual,No,Sin alertas,,SIN ALERTA,6,0,Sin alertas,,SIN ALERTA,SIN RIESGO,Sin alertas: Seguimiento mensual,,6,2,1,,No,MES 6,HASH-FC1C12F3DC1C
SCHOLAR-3BB386216063,2026-07,2026-1,,PERÚ,Mentor-16D91A6D,HASH-557A8A6E085C,Cohorte 2026 PER,Scholar-3BB38621,UTEC,Mentoría 6,2026-11,Virtual,No,Sin alertas,,SIN ALERTA,6,0,Sin alertas,,SIN ALERTA,SIN RIESGO,Sin alertas: Seguimiento mensual,,6,2,1,,No,MES 6,HASH-31FCF534393D
SCHOLAR-B4DC85CB13A3,2026-07,2026-1,,PERÚ,Mentor-16D91A6D,HASH-557A8A6E085C,Cohorte 2026 PER,Scholar-B4DC85CB,UTEC,Mentoría 6,2026-11,Virtual,No,Sin alertas,,SIN ALERTA,6,0,Sin alertas,,SIN ALERTA,SIN RIESGO,Sin alertas: Seguimiento mensual,,6,2,1,,No,MES 6,HASH-A46375E6DE11
SCHOLAR-AFC08FE24D64,2026-07,2026-1,,PERÚ,Mentor-16D91A6D,HASH-557A8A6E085C,Cohorte 2026 PER,Scholar-AFC08FE2,UTEC,Mentoría 6,2026-11,Virtual,Sí,Medio,,MEDIO: Está perdiendo una asignatura/curso.,6,1,Medio,,MEDIO: Mantiene bajo estado de ánimo o ansiedad por más de dos semanas (afecta su desempeño).,RIESGO MEDIO,Medio: 4-8 semanas,,6,2,1,,No,MES 6,HASH-41F3C7D5D3AB
SCHOLAR-ED374F9778A5,2026-07,2026-1,,PERÚ,Mentor-16D91A6D,HASH-557A8A6E085C,Cohorte 2026 PER,Scholar-ED374F97,UTEC,Mentoría 6,2026-11,Virtual,No,Sin alertas,,SIN ALERTA,6,0,Sin alertas,,SIN ALERTA,SIN RIESGO,Sin alertas: Seguimiento mensual,,6,2,1,,No,MES 6,HASH-5882AAFF5096
SCHOLAR-4500335623AC,2026-07,2026-1,,PERÚ,Mentor-16D91A6D,HASH-557A8A6E085C,Cohorte 2026 PER,Scholar-45003356,UTEC,Mentoría 6,2026-11,Virtual,No,Sin alertas,,SIN ALERTA,6,0,Bajo,,"BAJO: Duda ocasional sobre sus capacidades académicas.
BAJO: Se ha sentido triste, ansioso/a o desmotivado/a en los últimos días.",RIESGO BAJO,Medio: 4-8 semanas,,6,2,1,,No,MES 6,HASH-105D79EC1545
SCHOLAR-C048EC2BE89E,2026-07,2026-1,,PERÚ,Mentor-16D91A6D,HASH-557A8A6E085C,Cohorte 2026 PER,Scholar-C048EC2B,UTEC,Mentoría 6,2026-11,Virtual,No,Sin alertas,,SIN ALERTA,6,0,Sin alertas,,SIN ALERTA,SIN RIESGO,Sin alertas: Seguimiento mensual,,6,2,1,1,No,MES 6,HASH-51806662ACCF
SCHOLAR-AD02EAC9DC9D,2026-07,2026-1,,PERÚ,Mentor-16D91A6D,HASH-69EB623F9819,Cohorte 2026 PER,Scholar-AD02EAC9,UTEC,Mentoría 6,2026-11,Virtual,No,Sin alertas,,SIN ALERTA,6,0,Sin alertas,,SIN ALERTA,SIN RIESGO,Sin alertas: Seguimiento mensual,,6,2,1,1,No,MES 6,HASH-3961E858AE55