ANONYMOUS_PERSON_ID,COUNTRY,COHORT,CURRENT STATUS,UNIVERSITY,ACADEMIC PROGRAM,CURRENT SEMESTER,SCHOLARS NAME - ANONYMIZED,STARTED DATE - MONTH,Program Duration (Years),Estimated Graduation Year - YEAR,High School Graduation Year - YEAR,Mother's Education Level,Father's Education Level,GENDER,Ethnic Group,Age - RANGE,Department of Origin,Current Department of Residence,Socioeconomic Level,Current Operator -  Support Services,Participatin in English program,Enrollment Status 2024-1,Enrollment Status 2024-2,Enrollment Status 2025-1,Enrollment Status 2025-2,Enrollment Status 2026-1,Enrollment Status 2026-2,Total Credits,Credits  2024-1,Credits  2024-2,Credits  2025-1,Credits  2025-2,Credits  2026-1,Credits  2026-2,Cumulative - Credits,Overdue Courses,Academic Progress,GPA 2024-1,GPA 2024-2,GPA 2025-1,GPA 2025-2,GPA 2026-1,Cumulative GPA,English level - 2026-1,LB: ACADÉMICO,ICFES COL ,NOTAS (Puntaje IB - Perú),LB: Socioeconómico,SISBEN COL,Nivel económico (Perú),NIVEL DE PRIORIZACIÓN,MONTO,PUNTAJE SELECCIÓN,MATERIAS REPROBADAS/ CANCELADAS 2024-1 - COUNT,ESTADO FINAL,MATERIAS REPROBADAS/ CANCELADAS 2024-2 - COUNT,ESTADO FINAL,MATERIAS REPROBADAS/ CANCELADAS 2025-1 - COUNT,MATERIAS REPROBADAS/ CANCELADAS 2025-2 - COUNT,ESTADO FINAL,MATERIAS REPROBADAS/ CANCELADAS 2026-1 - COUNT,ESTADO FINAL,MATERIAS REPROBADAS/ CANCELADAS 2026-2 - COUNT,ESTADO FINAL,ACUMULADO,Materias atrasadas - COUNT,Alternativa de nivelación - SANITIZED,¿Está nivelando?,PLAZO MÄXIMO - MONTH,¿Recibió apoyo?,ESTADO,Número de cursos U (requeridos),Nivel requerido por la U,NIVEL DE INICIO,NIVEL (MARCO),¿Hizo validación?,Cursos obligatorios,Cursos realizados (a la fecha),% avance,NIVEL ACTUAL 2025-2,,TALLERES,SESIONES INDIVIDUALES,TUTORÍAS,PSICOSOCIAL,TOTAL,TOTAL ALERTAS,RESUMEN ALERTAS,TALLERES,SESIONES INDIVIDUALES,TUTORÍAS,PSICOSOCIAL,TOTAL,TOTAL ALERTAS,RESUMEN ALERTAS,TALLERES,SESIONES INDIVIDUALES,TUTORÍAS,PSICOSOCIAL,TOTAL,TOTAL ALERTAS,RESUMEN ALERTAS,TALLERES,SESIONES INDIVIDUALES,TUTORÍAS,PSICOSOCIAL,TOTAL,TOTAL ALERTAS,RESUMEN ALERTAS,CONFIDENT ENGLISH,MAKERS
SCHOLAR-10A4450855DD,COLOMBIA,Cohorte 2024,BECARIO(A) ACTIVO,Universidad EIA,Ingeniería de Sistemas,Sexto semestre,Scholar-10A44508,2024-01,4,2027,2023,Técnico profesional,Técnico profesional,Masculino,Latino o Hispano,18-20,Antioquia,Antioquia,Pending,MAKERS,NO,MATRICULADO(A),MATRICULADO(A),MATRICULADO(A),MATRICULADO(A),MATRICULADO(A),MATRICULADO(A),144,18,18,18,18,Pending,,72,0,SATISFACTORIO,3.94,4.34,3.83,"4,28","4,7",4,B2,Pruebas saber 11,363,N/A,SISBEN,Grupo D,N/A,MEDIA,1.523.500,PENDIENTE,0,,0,,0,0,,,,,,0,,No aplica,,,,Sí COMENZÓ,18,B2,Nivel 17,B2,"EXAMEN ""PLACEMENT"" UNIVERSIDAD",2,2,100.00%,B2.2,,0,0,0,0,0,0,SIN ALERTAS,2,2,0,0,4,0,SIN ALERTAS,2,6,0,0,8,2,ALERTA ACADÉMICA,,,,,,,,,
SCHOLAR-7AF138E72848,COLOMBIA,Cohorte 2024,BECARIO(A) ACTIVO,Universidad EIA,Ingeniería de Sistemas,Sexto semestre,Scholar-7AF138E7,2024-01,4,2027,2023,Secundaria,Universitario,Masculino,Latino o Hispano,18-20,Antioquia,Antioquia,Pending,MAKERS,NO,MATRICULADO(A),MATRICULADO(A),MATRICULADO(A),MATRICULADO(A),MATRICULADO(A),MATRICULADO(A),144,18,18,18,18,Pending,,72,0,SATISFACTORIO,4.26,3.87,4.36,"4,47","4,3",4.2,B1,Pruebas saber 11,361,N/A,SISBEN,No está sisbenizado,N/A,MEDIA,1.523.500,PENDIENTE,0,,0,,0,0,,,,,,0,,No aplica,,,,Sí COMENZÓ,18,B2,Nivel 10,B1,"EXAMEN ""PLACEMENT"" UNIVERSIDAD",9,1,11.11%,B1.1,,0,0,0,0,0,0,SIN ALERTAS,2,2,0,0,4,1,ALERTA ACADÉMICA,0,6,0,0,6,0,SIN ALERTAS,,,,,,,,,
SCHOLAR-B08997293632,COLOMBIA,Cohorte 2024,BECARIO(A) ACTIVO,Universidad EIA,Ingeniería de Sistemas,Sexto semestre,Scholar-B0899729,2024-01,4,2027,2023,Secundaria,Universitario,Masculino,Latino o Hispano,18-20,Antioquia,Antioquia,Pending,MAKERS,NO,MATRICULADO(A),MATRICULADO(A),MATRICULADO(A),MATRICULADO(A),MATRICULADO(A),MATRICULADO(A),144,18,18,18,18,Pending,,72,0,SATISFACTORIO,3.97,3.7,3.78,"4,25","4,7",3.8,B2,Pruebas saber 11,324,N/A,SISBEN,No está sisbenizado,N/A,MEDIA,1.523.500,PENDIENTE,0,,0,,1,0,,,,,,1,,No aplica,,,,Sí COMENZÓ,18,B2,Nivel 5,A2,"EXAMEN ""PLACEMENT"" UNIVERSIDAD",14,4,28.57%,A2.1,,0,0,0,0,0,0,SIN ALERTAS,2,2,0,0,4,1,ALERTA ACADÉMICA,1,6,16,0,23,5,ALERTA ACADÉMICA,,,,,,,,,
SCHOLAR-3E2E0F048932,COLOMBIA,Cohorte 2024,DESERTOR(A),Universidad EIA,Ingeniería de Sistemas,Tercer semestre,Scholar-3E2E0F04,2024-01,Not applicable,,2023,Universitario,Especialización,Masculino,Ninguno,18-20,Antioquia,Antioquia,Pending,Not applicable,NO,MATRICULADO(A),MATRICULADO(A),MATRICULADO(A),Not applicable for this semester,Not applicable for this semester,Not applicable for this semester,144,18,18,0,0,Pending,,36,0,SATISFACTORIO,3.23,3.26,0,,,2.2,Not applicable,Pruebas saber 11,304,N/A,SISBEN,Grupo D,N/A,MEDIA,1.523.500,PENDIENTE,3,,1,,1,,,,,,,4,,,,,,Sí COMENZÓ,18,B2,Nivel 1,A1,"EXAMEN ""PLACEMENT"" UNIVERSIDAD",18,0,0.00%,0,,0,0,0,0,0,0,ALERTA ACADÉMICA,1,4,26,0,31,4,ALERTA ACADÉMICA,0,3,25,3,31,3,ALERTA ACADÉMICA,,,,,,,,,
SCHOLAR-35A426CEDAC0,COLOMBIA,Cohorte 2024,BECARIO(A) ACTIVO,Universidad EIA,Ingeniería de Sistemas,Sexto semestre,Scholar-35A426CE,2024-01,4,2027,2023,Especialización,Secundaria,Masculino,Latino o Hispano,18-20,Huila,Antioquia,Pending,MAKERS,NO,MATRICULADO(A),MATRICULADO(A),MATRICULADO(A),MATRICULADO(A),MATRICULADO(A),MATRICULADO(A),144,18,18,18,18,Pending,,72,0,SATISFACTORIO,4.58,4.41,4.27,"4,42","4,6",4.4,B1,Pruebas saber 11,424,N/A,SISBEN,Grupo C,N/A,ALTA,2.235.250,PENDIENTE,0,,0,,0,0,,,,,,0,,No aplica,,,,Sí COMENZÓ,18,B2,Nivel 8,A2,"EXAMEN ""PLACEMENT"" UNIVERSIDAD",9,4,44.44%,A2.1,,0,0,0,0,0,0,SIN ALERTAS,1,2,0,0,3,0,SIN ALERTAS,2,6,0,0,8,0,SIN ALERTAS,,,,,,,,,
SCHOLAR-541E9C93389E,COLOMBIA,Cohorte 2024,BECARIO(A) ACTIVO,Universidad EIA,Ingeniería de Sistemas,Sexto semestre,Scholar-541E9C93,2024-01,4,2027,2023,Secundaria,Tecnólogo,Masculino,Latino o Hispano,18-20,Antioquia,Antioquia,Pending,MAKERS,NO,MATRICULADO(A),MATRICULADO(A),MATRICULADO(A),MATRICULADO(A),MATRICULADO(A),MATRICULADO(A),144,18,18,18,18,Pending,,72,0,SATISFACTORIO,4.53,4.34,4.47,"4,63","4,6",4.4,A1,Pruebas saber 11,405,N/A,SISBEN,No está sisbenizado,N/A,MEDIA,1.523.500,PENDIENTE,0,,0,,0,0,,,,,,0,,No aplica,,,,FINALIZADO - EXAMEN DE VALIDACIÓN,18,B2,Nivel 18,C1,EXAMEN DE VALIDACIÓN,0,0,100.00%,C1,,0,0,0,0,0,0,SIN ALERTAS,2,2,1,0,5,0,SIN ALERTAS,1,6,0,0,7,2,ALERTA ACADÉMICA,,,,,,,,,
SCHOLAR-F6679A95EC4F,COLOMBIA,Cohorte 2024,BECARIO(A) ACTIVO,Universidad EIA,Ingeniería de Sistemas,Sexto semestre,Scholar-F6679A95,2024-01,4,2027,2023,Secundaria,Secundaria,Masculino,Latino o Hispano,18-20,Casanare,Antioquia,Vulnerabilidad moderada,MAKERS,NO,MATRICULADO(A),MATRICULADO(A),MATRICULADO(A),MATRICULADO(A),MATRICULADO(A),MATRICULADO(A),144,18,18,18,19,Pending,,73,0,SATISFACTORIO,4.08,3.71,3.62,"4,03","4,5",3.8,B1,Pruebas saber 11,326,N/A,SISBEN,Grupo B,N/A,MEDIA,1.523.500,PENDIENTE,0,,0,,1,0,,,,,,1,,No aplica,,,,Sí COMENZÓ,18,B2,Nivel 5,A1,"EXAMEN ""PLACEMENT"" UNIVERSIDAD",14,4,28.57%,A2.1,,0,0,0,0,0,0,SIN ALERTAS,2,2,0,0,4,0,SIN ALERTAS,1,6,0,0,7,5,ALERTA ACADÉMICA,,,,,,,,,
SCHOLAR-DCC1F1E35B97,COLOMBIA,Cohorte 2024,BECARIO(A) ACTIVO,Universidad EIA,Ingeniería de Sistemas,Sexto semestre,Scholar-DCC1F1E3,2024-01,4,2027,2023,Secundaria,Tecnólogo,Femenino,Latino o Hispano,18-20,Antioquia,Antioquia,Pending,MAKERS,NO,MATRICULADO(A),MATRICULADO(A),MATRICULADO(A),MATRICULADO(A),MATRICULADO(A),MATRICULADO(A),144,18,18,18,18,Pending,,72,0,SATISFACTORIO,3.96,4.06,3.89,"4,1","4,4",4,B2,Pruebas saber 11,348,N/A,SISBEN,Grupo D,N/A,MEDIA,1.523.500,PENDIENTE,1,,0,,0,0,,,,,,1,,No aplica,,,,Sí COMENZÓ,18,B2,Nivel 11,B2,"EXAMEN ""PLACEMENT"" UNIVERSIDAD",8,4,50.00%,B1.1,,0,0,0,0,0,0,ALERTA ACADÉMICA,1,2,26,0,29,0,SIN ALERTAS,1,6,15,6,28,4,ALERTA PSICOSOCIAL,,,,,,,,,
SCHOLAR-6A980BB07323,COLOMBIA,Cohorte 2024,BECARIO(A) ACTIVO,Universidad EIA,Ingeniería de Sistemas,Sexto semestre,Scholar-6A980BB0,2024-01,4,2027,2023,Universitario,Universitario,Masculino,Latino o Hispano,18-20,Atlántico,Antioquia,Pending,MAKERS,NO,MATRICULADO(A),MATRICULADO(A),MATRICULADO(A),MATRICULADO(A),MATRICULADO(A),MATRICULADO(A),144,18,18,14,19,Pending,,69,0,SATISFACTORIO,4.07,3.93,4.14,"3,96","4,1",4,B2,Pruebas saber 11,395,N/A,SISBEN,Grupo C,N/A,ALTA,2.235.250,PENDIENTE,0,,0,,1,0,,,,,,1,,No aplica,,,,Sí COMENZÓ,18,B2,Nivel 15,B2,"EXAMEN ""PLACEMENT"" UNIVERSIDAD",4,2,50.00%,B2.1,,0,0,0,0,0,0,SIN ALERTAS,1,2,2,0,5,0,SIN ALERTAS,0,6,2,0,8,5,ALERTA ACADÉMICA Y PSICOSOCIAL,,,,,,,,,
SCHOLAR-6CB277E755C8,COLOMBIA,Cohorte 2024,BECARIO(A) ACTIVO,Universidad EAFIT,Ingeniería de Sistemas,Sexto semestre,Scholar-6CB277E7,2024-01,4.5,2028,2023,Universitario,Sin información,Masculino,Blanco,18-20,Antioquia,Antioquia,Pending,MAKERS,NO,MATRICULADO(A),MATRICULADO(A),MATRICULADO(A),MATRICULADO(A),MATRICULADO(A),MATRICULADO(A),151,17,15,18,15,Pending,,65,0,SATISFACTORIO,4.34,3.8,3.9,4.26,4.2,4,A1,Pruebas saber 11,328,N/A,SISBEN,No está sisbenizado,N/A,MEDIA,1.523.500,PENDIENTE,0,,0,,0,0,,,,,,0,,No aplica,,,,Sí COMENZÓ,16,B2,Nivel 1,A1,"EXAMEN ""PLACEMENT"" UNIVERSIDAD",15,3,18.75%,A1.1,,0,0,0,0,0,0,SIN ALERTAS,2,4,7,0,13,3,ALERTA ACADÉMICA,0,4,5,0,9,2,ALERTA PSICOSOCIAL,,,,,,,,,
SCHOLAR-7271A31FAF07,COLOMBIA,Cohorte 2024,BECARIO(A) ACTIVO,Universidad EAFIT,Ingeniería de Sistemas,Sexto semestre,Scholar-7271A31F,2024-01,4.5,2028,2023,Universitario,Universitario,Masculino,Latino o Hispano,18-20,Antioquia,Antioquia,Pending,MAKERS,NO,MATRICULADO(A),MATRICULADO(A),MATRICULADO(A),MATRICULADO(A),MATRICULADO(A),MATRICULADO(A),151,17,18,18,18,Pending,,71,0,SATISFACTORIO,4.82,4.73,4.58,4.95,4.8,4.7,C1,Pruebas saber 11,382,N/A,SISBEN,Grupo C,N/A,ALTA,2.235.250,PENDIENTE,0,,0,,0,0,,,,,,0,,No aplica,,,,FINALIZADO - EXAMEN DE VALIDACIÓN,16,B2,Nivel 18,C1,"EXAMEN ""PLACEMENT"" UNIVERSIDAD",0,0,0.00%,C1,,0,0,0,0,0,0,SIN ALERTAS,2,3,3,0,8,2,ALERTA ACADÉMICA Y PSICOSOCIAL,0,6,1,0,7,1,ALERTA PSICOSOCIAL,,,,,,,,,
SCHOLAR-79871E4CFCE1,COLOMBIA,Cohorte 2024,BECARIO(A) ACTIVO,Universidad EAFIT,Ingeniería de Sistemas,Sexto semestre,Scholar-79871E4C,2024-01,4.5,2028,2023,Universitario,Secundaria,Masculino,Latino o Hispano,18-20,Santander,Antioquia,Pending,MAKERS,NO,MATRICULADO(A),MATRICULADO(A),MATRICULADO(A),MATRICULADO(A),MATRICULADO(A),MATRICULADO(A),151,17,15,21,21,Pending,,74,0,SATISFACTORIO,4.55,4.1,4.1,4.07,4.2,4.3,C1,Pruebas saber 11,410,N/A,SISBEN,Grupo A,N/A,ALTA,2.235.250,PENDIENTE,0,,0,,0,0,,,,,,0,,No aplica,,,,FINALIZADO - EXAMEN DE VALIDACIÓN,16,B2,Nivel 18,C1,"EXAMEN ""PLACEMENT"" UNIVERSIDAD",0,0,0.00%,C1,,0,0,0,0,0,0,SIN ALERTAS,2,3,0,0,5,0,SIN ALERTAS,2,3,0,0,5,0,SIN ALERTAS,,,,,,,,,
SCHOLAR-6EC31961B1BC,COLOMBIA,Cohorte 2024,BECARIO(A) ACTIVO,Universidad EAFIT,Ingeniería de Sistemas,Sexto semestre,Scholar-6EC31961,2024-01,4.5,2028,2023,Secundaria,Universitario,Masculino,Ninguno,21-23,Bolívar,Antioquia,Vulnerabilidad moderada,MAKERS,NO,MATRICULADO(A),MATRICULADO(A),MATRICULADO(A),MATRICULADO(A),MATRICULADO(A),MATRICULADO(A),151,14,18,18,18,Pending,,68,0,SATISFACTORIO,4.45,3.52,3.8,4.25,4,3.9,A1,Pruebas saber 11,354,N/A,SISBEN,Grupo B,N/A,ALTA,2.235.250,PENDIENTE,2,,1,,1,0,,,,,,4,,No aplica,,,,Sí COMENZÓ,16,B2,Nivel 6,A2,"EXAMEN ""PLACEMENT"" UNIVERSIDAD",11,4,36.36%,A2.1,,0,0,0,0,0,0,SIN ALERTAS,1,3,10,0,14,2,ALERTA ACADÉMICA Y PSICOSOCIAL,0,3,4,1,8,3,ALERTA ACADÉMICA Y PSICOSOCIAL,,,,,,,,,
SCHOLAR-8AF63363286A,COLOMBIA,Cohorte 2024,BECARIO(A) ACTIVO,Universidad EAFIT,Ingeniería de Sistemas,Sexto semestre,Scholar-8AF63363,2024-01,4.5,2028,2023,Tecnólogo,Secundaria,Femenino,Latino o Hispano,18-20,Antioquia,Antioquia,Pending,MAKERS,NO,MATRICULADO(A),MATRICULADO(A),MATRICULADO(A),MATRICULADO(A),MATRICULADO(A),MATRICULADO(A),151,17,18,21,18,Pending,,74,0,SATISFACTORIO,4.88,4.6,4.6,4.88,4.7,4.7,A2,Pruebas saber 11,370,N/A,SISBEN,Grupo C,N/A,MEDIA,1.523.500,PENDIENTE,0,,0,,0,0,,,,,,0,,No aplica,,,,Sí COMENZÓ,16,B2,Nivel 4,A1,"EXAMEN ""PLACEMENT"" UNIVERSIDAD",12,4,33.33%,A2.1,,0,0,0,0,0,0,SIN ALERTAS,2,5,4,0,11,4,ALERTA ACADÉMICA Y PSICOSOCIAL,0,5,0,1,6,1,ALERTA PSICOSOCIAL,,,,,,,,,
SCHOLAR-715AECC130C9,COLOMBIA,Cohorte 2024,BECARIO(A) ACTIVO,Universidad Nacional,Ingeniería de Sistemas,Sexto semestre,Scholar-715AECC1,2024-01,5,2028,2023,Maestría,Sin información,Masculino,Ninguno,18-20,Meta,Antioquia,Pending,MAKERS,SELECCIONADO(A),MATRICULADO(A),MATRICULADO(A),MATRICULADO(A),MATRICULADO(A),MATRICULADO(A),MATRICULADO(A),160,15,17,17,17,Pending,,66,0,SATISFACTORIO,4.7,4.4,3.8,"4,3",,4.3,B2,Pruebas saber 11,403,N/A,SISBEN,No está sisbenizado,N/A,ALTA,2.235.250,PENDIENTE,0,,0,,0,0,,,,,,0,,No aplica,,,,Sí COMENZÓ,4,B1,,A 2.2,VALIDACIÓN FATV,4,4,100.00%,B 1.2,,0,8,0,0,8,0,SIN ALERTAS,2,1,0,0,3,0,SIN ALERTAS,1,4,0,0,5,0,SIN ALERTAS,,,,,,,,,
SCHOLAR-0DC15EA43277,COLOMBIA,Cohorte 2024,BECARIO(A) ACTIVO,Universidad Nacional,Ingeniería de Sistemas,Sexto semestre,Scholar-0DC15EA4,2024-01,5,2028,2023,Secundaria,Secundaria,Masculino,Ninguno,18-20,Antioquia,Antioquia,Pending,MAKERS,NO,MATRICULADO(A),MATRICULADO(A),MATRICULADO(A),MATRICULADO(A),MATRICULADO(A),MATRICULADO(A),160,15,17,17,17,Pending,,66,0,SATISFACTORIO,4.6,4.1,3.6,"4,1",,4.1,A2,Pruebas saber 11,382,N/A,SISBEN,Grupo A,N/A,ALTA,2.235.250,PENDIENTE,0,,0,,0,0,,,,,,0,,No aplica,,,,Sí COMENZÓ,4,B1,,A 1.1,"EXAMEN ""PLACEMENT"" UNIVERSIDAD",4,4,100.00%,A 2.3,,0,11,0,0,11,5,ALERTA ACADÉMICA Y PSICOSOCIAL,2,2,0,0,4,0,SIN ALERTAS,1,4,11,0,16,2,ALERTA ACADÉMICA,,,,,,,,,
SCHOLAR-08AA145EAE7D,COLOMBIA,Cohorte 2024,BECARIO(A) ACTIVO,Universidad Nacional,Ingeniería de Sistemas,Sexto semestre,Scholar-08AA145E,2024-01,5,2028,2023,Secundaria,Primaria,Masculino,Ninguno,18-20,Norte de Santander,Antioquia,Vulnerabilidad moderada,MAKERS,NO,MATRICULADO(A),MATRICULADO(A),MATRICULADO(A),MATRICULADO(A),MATRICULADO(A),MATRICULADO(A),160,15,20,17,17,Pending,,69,0,SATISFACTORIO,5,4.7,4.5,"4,4",,4.7,A2,Pruebas saber 11,373,N/A,SISBEN,Grupo B,N/A,ALTA,2.235.250,PENDIENTE,0,,0,,0,0,,,,,,0,,No aplica,,,,Sí COMENZÓ,4,B1,,A 1.1,"EXAMEN ""PLACEMENT"" UNIVERSIDAD",4,4,100.00%,A 2.3,,0,8,2,0,10,2,ALERTA PSICOSOCIAL,2,1,0,0,3,0,SIN ALERTAS,1,4,0,0,5,0,SIN ALERTAS,,,,,,,,,
SCHOLAR-B95DA70319B9,COLOMBIA,Cohorte 2024,BECARIO(A) ACTIVO,Universidad Nacional,Ingeniería de Sistemas,Sexto semestre,Scholar-B95DA703,2024-01,5,2028,2023,Universitario,Universitario,Masculino,Latino o Hispano,18-20,Antioquia,Antioquia,Pending,MAKERS,NO,MATRICULADO(A),MATRICULADO(A),MATRICULADO(A),MATRICULADO(A),MATRICULADO(A),MATRICULADO(A),160,14,15,26,14,Pending,,69,0,SATISFACTORIO,4,3.8,4.1,"3,9",,4,B2,Pruebas saber 11,383,N/A,SISBEN,No está sisbenizado,N/A,MEDIA,1.523.500,PENDIENTE,0,,0,,0,0,,,,,,0,,No aplica,,,,Sí COMENZÓ,4,B1,,B 1.1,"EXAMEN ""PLACEMENT"" UNIVERSIDAD",4,4,100.00%,B 2.1,,0,8,0,0,8,0,SIN ALERTAS,2,1,4,0,7,1,ALERTA ACADÉMICA,1,4,5,0,10,0,SIN ALERTAS,,,,,,,,,
SCHOLAR-13BE52BF2935,COLOMBIA,Cohorte 2024,BECARIO(A) ACTIVO,Universidad Nacional,Ingeniería de Sistemas,Sexto semestre,Scholar-13BE52BF,2024-01,5,2028,2022,Tecnólogo,Universitario,Masculino,Blanco,18-20,Antioquia,Antioquia,Pending,MAKERS,SELECCIONADO(A),MATRICULADO(A),MATRICULADO(A),MATRICULADO(A),MATRICULADO(A),MATRICULADO(A),MATRICULADO(A),160,15,18,17,17,Pending,,67,0,SATISFACTORIO,4.4,4.5,4,"4,3",,4.3,B2,Pruebas saber 11,356,N/A,SISBEN,Grupo C,N/A,MEDIA,1.523.500,PENDIENTE,0,,0,,0,0,,,,,,0,,No aplica,,,,Sí COMENZÓ,4,B1,,A 2.2,VALIDACIÓN FATV,4,4,100.00%,B 1.2,,0,10,4,0,14,5,ALERTA PSICOSOCIAL,1,1,0,0,2,1,ALERTA PSICOSOCIAL,1,4,0,0,5,0,SIN ALERTAS,,,,,,,,,
SCHOLAR-D23A0505586C,COLOMBIA,Cohorte 2024,BECARIO(A) ACTIVO,Universidad Pontificia Bolivariana,Ingeniería de Sistemas,Sexto semestre,Scholar-D23A0505,2024-01,4.5,2028,2023,Secundaria,Universitario,Masculino,Latino o Hispano,18-20,Antioquia,Antioquia,Pending,MAKERS,NO,MATRICULADO(A),MATRICULADO(A),MATRICULADO(A),MATRICULADO(A),MATRICULADO(A),MATRICULADO(A),144,15,15,17,16,Pending,,63,0,SATISFACTORIO,4.39,4.31,4.72,4.64,4.7,4.5,B2,Pruebas saber 11,358,N/A,SISBEN,Grupo C,N/A,MEDIA,1.523.500,PENDIENTE,0,,0,,0,0,,,,,,0,,No aplica,,,,Sí COMENZÓ,12,B2,Nivel 4,A2,"EXAMEN ""PLACEMENT"" UNIVERSIDAD",9,5,55.56%,A2,,0,0,0,0,0,0,SIN ALERTAS,2,2,0,0,4,1,ALERTA ACADÉMICA,2,6,0,0,8,0,SIN ALERTAS,,,,,,,,,
SCHOLAR-D7BD90CCA6C6,COLOMBIA,Cohorte 2024,BECARIO(A) ACTIVO,Universidad Pontificia Bolivariana,Ingeniería de Sistemas,Sexto semestre,Scholar-D7BD90CC,2024-01,4.5,2028,2023,Técnico profesional,Universitario,Masculino,Afrocolombiano(a),18-20,Atlántico,Antioquia,Pending,MAKERS,NO,MATRICULADO(A),MATRICULADO(A),MATRICULADO(A),MATRICULADO(A),MATRICULADO(A),MATRICULADO(A),144,15,15,17,16,Pending,,63,0,SATISFACTORIO,4.64,4.34,4.75,4.53,4.6,4.6,B2,Pruebas saber 11,387,N/A,SISBEN,Grupo A,N/A,ALTA,2.235.250,PENDIENTE,0,,0,,0,0,,,,,,0,,No aplica,,,,Sí COMENZÓ,12,B2,Nivel 10,B2,"EXAMEN ""PLACEMENT"" UNIVERSIDAD",3,3,100.00%,B2,,0,0,0,0,0,0,SIN ALERTAS,1,3,2,0,6,0,SIN ALERTAS,2,6,0,0,8,0,SIN ALERTAS,,,,,,,,,
SCHOLAR-E534F58B0607,COLOMBIA,Cohorte 2024,BECARIO(A) ACTIVO,Universidad Pontificia Bolivariana,Ingeniería de Sistemas,Sexto semestre,Scholar-E534F58B,2024-01,4.5,2028,2023,Universitario,Secundaria,Masculino,Ninguno,18-20,Córdoba,Antioquia,Pending,MAKERS,NO,MATRICULADO(A),MATRICULADO(A),MATRICULADO(A),MATRICULADO(A),MATRICULADO(A),MATRICULADO(A),144,15,15,17,16,Pending,,63,0,SATISFACTORIO,4.13,3.85,4.3,4.32,4.5,4.1,B2,Pruebas saber 11,369,N/A,SISBEN,Grupo A,N/A,ALTA,2.235.250,PENDIENTE,0,,0,,0,0,,,,,,0,,No aplica,,,,Sí COMENZÓ,12,B2,Nivel 7,B1,"EXAMEN ""PLACEMENT"" UNIVERSIDAD",6,5,83.33%,B1,,0,0,0,0,0,0,SIN ALERTAS,2,2,1,0,5,2,ALERTA ACADÉMICA,0,7,1,0,8,2,ALERTA ACADÉMICA Y PSICOSOCIAL,,,,,,,,,
SCHOLAR-478C45CF97DE,COLOMBIA,Cohorte 2024,BECARIO(A) ACTIVO,Universidad Pontificia Bolivariana,Ingeniería de Sistemas,Sexto semestre,Scholar-478C45CF,2024-01,4.5,2028,2023,Secundaria,Secundaria,Masculino,Latino o Hispano,18-20,Antioquia,Antioquia,Pending,MAKERS,NO,MATRICULADO(A),MATRICULADO(A),MATRICULADO(A),MATRICULADO(A),MATRICULADO(A),MATRICULADO(A),144,12,13,12,16,Pending,,53,0,SATISFACTORIO,4.88,4.46,4.58,4.84,4.8,4.6,B2,Pruebas saber 11,375,N/A,SISBEN,No está sisbenizado,N/A,MEDIA,1.523.500,PENDIENTE,0,,0,,0,0,,,,,,0,,No aplica,,,,Sí COMENZÓ,12,B2,Nivel 4,A2,"EXAMEN ""PLACEMENT"" UNIVERSIDAD",9,5,41.67%,A2,,0,0,0,0,0,0,SIN ALERTAS,2,2,0,0,4,0,SIN ALERTAS,2,6,0,0,8,0,SIN ALERTAS,,,,,,,,,
SCHOLAR-7324054429C6,COLOMBIA,Cohorte 2024,BECARIO(A) ACTIVO,Universidad Pontificia Bolivariana,Ingeniería de Sistemas,Sexto semestre,Scholar-73240544,2024-01,4.5,2028,2023,Secundaria,Secundaria,Masculino,Latino o Hispano,18-20,Antioquia,Antioquia,Pending,MAKERS,NO,MATRICULADO(A),MATRICULADO(A),MATRICULADO(A),MATRICULADO(A),MATRICULADO(A),MATRICULADO(A),144,12,15,16,16,Pending,,59,0,SATISFACTORIO,3.54,4.38,4.1,4.35,4.3,4,B2,Pruebas saber 11,393,N/A,SISBEN,No está sisbenizado,N/A,MEDIA,1.523.500,PENDIENTE,0,,0,,0,0,,,,,,0,,No aplica,,,,FINALIZADO - EXAMEN DE VALIDACIÓN,12,B2,Nivel 12,B2,"EXAMEN ""PLACEMENT"" UNIVERSIDAD",0,0,0.00%,B2,,0,0,0,0,0,0,ALERTA ACADÉMICA,1,2,0,0,3,1,ALERTA ACADÉMICA,0,6,0,0,6,0,SIN ALERTAS,,,,,,,,,
SCHOLAR-6B0E9E6E5DD3,COLOMBIA,Cohorte 2024,BECARIO(A) ACTIVO,Universidad de Antioquia,Ingeniería de Sistemas,Sexto semestre,Scholar-6B0E9E6E,2024-01,5,2028,2021,Tecnólogo,Secundaria,Masculino,Ninguno,21-23,Antioquia,Antioquia,Pending,MAKERS,SELECCIONADO(A),MATRICULADO(A),MATRICULADO(A),MATRICULADO(A),MATRICULADO(A),MATRICULADO(A),MATRICULADO(A),168,21,26,20,19,Pending,,86,0,SATISFACTORIO,3.7,4.8,4.2,"3,72","3,94",4.2,B1,Pruebas saber 11,344,N/A,SISBEN,Grupo D,N/A,MEDIA,1.523.500,PENDIENTE,1,,0,,0,0,,,,,,1,,No aplica,,,,Sí COMENZÓ,5,B1,,A 2.1,VALIDACIÓN FATV,5,5,100.00%,B 1.2,,0,8,3,0,11,7,ALERTA ACADÉMICA Y PSICOSOCIAL,2,5,0,0,7,2,ALERTA ACADÉMICA Y PSICOSOCIAL,3,5,0,0,8,1,ALERTA PSICOSOCIAL,,,,,,,,,
SCHOLAR-762C00D279F8,COLOMBIA,Cohorte 2024,BECARIO(A) ACTIVO,Universidad de Antioquia,Ingeniería de Sistemas,Sexto semestre,Scholar-762C00D2,2024-01,5,2028,2022,Secundaria,Universitario,Masculino,Ninguno,18-20,Antioquia,Antioquia,Vulnerabilidad moderada,MAKERS,SELECCIONADO(A),MATRICULADO(A),MATRICULADO(A),MATRICULADO(A),MATRICULADO(A),MATRICULADO(A),MATRICULADO(A),168,34,16,16,13,Pending,,79,0,SATISFACTORIO,4.3,4.5,4.3,"4,76","4,14",4.4,B2,Pruebas saber 11,350,N/A,SISBEN,Grupo B,N/A,MEDIA,1.523.500,PENDIENTE,0,,0,,0,0,,,,,,0,,No aplica,,,,Sí COMENZÓ,5,B1,,A 2.1,VALIDACIÓN FATV,5,5,100.00%,B 1.2,,0,5,3,0,8,1,ALERTA PSICOSOCIAL,2,4,0,0,6,1,ALERTA PSICOSOCIAL,3,5,1,1,10,2,ALERTA PSICOSOCIAL,,,,,,,,,
SCHOLAR-E55815106761,COLOMBIA,Cohorte 2024,BECARIO(A) ACTIVO,Universidad de Antioquia,Ingeniería de Sistemas,Sexto semestre,Scholar-E5581510,2024-01,5,2028,2021,Secundaria,Sin información,Masculino,Latino o Hispano,24-26,Antioquia,Antioquia,Pending,MAKERS,SELECCIONADO(A),MATRICULADO(A),MATRICULADO(A),MATRICULADO(A),MATRICULADO(A),MATRICULADO(A),MATRICULADO(A),168,16,22,18,13,Pending,,69,0,SATISFACTORIO,4.6,4.6,3.9,,,4.4,A2,Pruebas saber 11,338,N/A,SISBEN,Grupo C,N/A,ALTA,2.235.250,PENDIENTE,0,,0,,0,0,,,,,,0,,No aplica,,,,Sí COMENZÓ,5,B1,,A 2.1,VALIDACIÓN FATV,5,3,60.00%,B 1.2,,0,5,0,0,5,3,ALERTA ACADÉMICA Y PSICOSOCIAL,2,4,1,0,7,3,ALERTA ACADÉMICA Y PSICOSOCIAL,1,3,2,2,8,1,ALERTA PSICOSOCIAL,,,,,,,,,
SCHOLAR-C96A65142EB6,COLOMBIA,Cohorte 2024,BECARIO(A) ACTIVO,Universidad de Antioquia,Ingeniería de Sistemas,Sexto semestre,Scholar-C96A6514,2024-01,5,2028,2023,Universitario,Especialización,Masculino,Ninguno,18-20,Bolívar,Antioquia,Vulnerabilidad moderada,MAKERS,SELECCIONADO(A),MATRICULADO(A),MATRICULADO(A),MATRICULADO(A),MATRICULADO(A),MATRICULADO(A),MATRICULADO(A),168,16,17,19,20,Pending,,72,0,SATISFACTORIO,4.2,3.9,4.1,"3,95","3,99",4.1,B1,Pruebas saber 11,379,N/A,SISBEN,Grupo B,N/A,ALTA,2.235.250,PENDIENTE,0,,0,,0,0,,,,,,0,,No aplica,,,,Sí COMENZÓ,5,B1,,A 2.1,VALIDACIÓN FATV,5,4,80.00%,B 1.1,,0,8,6,0,14,6,ALERTA PSICOSOCIAL,1,5,1,0,7,4,ALERTA ACADÉMICA Y PSICOSOCIAL,1,7,0,1,9,7,ALERTA PSICOSOCIAL,,,,,,,,,
SCHOLAR-CB170FAD2CB8,COLOMBIA,Cohorte 2024,DESERTOR(A),Universidad de Antioquia,Ingeniería de Sistemas,Segundo semestre,Scholar-CB170FAD,2024-01,Not applicable,,2023,Secundaria,Secundaria,Masculino,Afrocolombiano(a),18-20,Antioquia,Antioquia,Pending,Not applicable,Not applicable,MATRICULADO(A),MATRICULADO(A),NO MATRICULADO(A),Not applicable for this semester,Not applicable for this semester,Not applicable for this semester,168,10,17,0,0,Pending,,27,0,SATISFACTORIO,3.2,3.1,0,,,2.1,Not applicable,Pruebas saber 11,376,N/A,SISBEN,Grupo A,N/A,N/A,N/A,PENDIENTE,3,,1,,1,,,,,,,3,,,,,,Sí COMENZÓ,5,B1,N/A,N/A,"EXAMEN ""PLACEMENT"" UNIVERSIDAD",N/A,0,0.00%,N/A,,0,9,5,2,16,8,ALERTA ACADÉMICA Y PSICOSOCIAL,1,4,8,4,17,7,ALERTA ACADÉMICA Y PSICOSOCIAL,0,1,9,2,12,0,SIN ALERTAS,,,,,,,,,
SCHOLAR-54D20013CF2E,COLOMBIA,Cohorte 2024,DESERTOR(A),Universidad EIA,Ingeniería de Sistemas,Segundo semestre,Scholar-54D20013,2024-01,Not applicable,,2023,Universitario,Primaria,Masculino,Ninguno,18-20,Antioquia,Antioquia,Vulnerabilidad moderada,Not applicable,Not applicable,MATRICULADO(A),MATRICULADO(A),NO MATRICULADO(A),Not applicable for this semester,Not applicable for this semester,Not applicable for this semester,144,18,18,0,0,Pending,,36,0,SATISFACTORIO,3.14,1.01,0,,,1.4,Not applicable,Pruebas saber 11,308,N/A,SISBEN,Grupo B,N/A,N/A,N/A,PENDIENTE,3,,1,,1,,,,,,,3,,,,,,Sí COMENZÓ,18,B2,N/A,N/A,"EXAMEN ""PLACEMENT"" UNIVERSIDAD",0,0,#DIV/0!,0,,0,0,0,0,0,0,ALERTA ACADÉMICA,0,5,2,1,8,5,ALERTA ACADÉMICA Y PSICOSOCIAL,0,-,0,0,0,-,,,,,,,,,,
SCHOLAR-C1849ED6F5B2,COLOMBIA,Cohorte 2024,DESERTOR(A),Universidad EIA,Ingeniería de Sistemas,Segundo semestre,Scholar-C1849ED6,2024-01,Not applicable,,2023,Secundaria,Secundaria,Masculino,Latino o Hispano,21-23,No se tiene registro,Antioquia,Pending,Not applicable,Not applicable,MATRICULADO(A),NO MATRICULADO(A),NO MATRICULADO(A),Not applicable for this semester,Not applicable for this semester,Not applicable for this semester,144,0,0,0,0,Pending,,0,0,SATISFACTORIO,0,0,0,,,0,Not applicable,Pruebas saber 11,320,N/A,SISBEN,Grupo A,N/A,N/A,N/A,PENDIENTE,1,,1,,1,,,,,,,0,,,,,,Sí COMENZÓ,18,B2,N/A,N/A,"EXAMEN ""PLACEMENT"" UNIVERSIDAD",0,0,#DIV/0!,0,,0,0,0,0,0,0,ALERTA ACADÉMICA,0,0,0,0,0,0,SIN ALERTAS,0,-,0,0,0,-,,,,,,,,,,
SCHOLAR-F1960916C13E,COLOMBIA,Cohorte 2024,DESERTOR(A),Universidad EIA,Ingeniería de Sistemas,Segundo semestre,Scholar-F1960916,2024-01,Not applicable,,2023,Tecnólogo,Técnico profesional,Masculino,Latino o Hispano,18-20,No se tiene registro,Antioquia,Pending,Not applicable,Not applicable,MATRICULADO(A),MATRICULADO(A),NO MATRICULADO(A),Not applicable for this semester,Not applicable for this semester,Not applicable for this semester,144,0,0,0,0,Pending,,0,0,SATISFACTORIO,0,0,0,,,0,Not applicable,Pruebas saber 11,332,N/A,SISBEN,Grupo C,N/A,N/A,N/A,PENDIENTE,1,,1,,1,,,,,,,0,,,,,,Sí COMENZÓ,18,B2,N/A,N/A,"EXAMEN ""PLACEMENT"" UNIVERSIDAD",0,0,#DIV/0!,0,,0,0,0,0,0,0,ALERTA ACADÉMICA,0,0,0,0,0,0,SIN ALERTAS,0,-,0,0,0,-,,,,,,,,,,
SCHOLAR-81FA059539A7,COLOMBIA,Cohorte 2024,DESERTOR(A),Universidad EIA,Ingeniería de Sistemas,Segundo semestre,Scholar-81FA0595,2024-01,Not applicable,,2023,Maestría,Secundaria,Masculino,Latino o Hispano,18-20,Antioquia,Antioquia,Vulnerabilidad moderada,Not applicable,Not applicable,MATRICULADO(A),MATRICULADO(A),NO MATRICULADO(A),Not applicable for this semester,Not applicable for this semester,Not applicable for this semester,144,18,18,0,0,Pending,,36,0,SATISFACTORIO,3.34,1.11,0,,,1.5,Not applicable,Pruebas saber 11,303,N/A,SISBEN,Grupo B,N/A,N/A,N/A,PENDIENTE,3,,1,,1,,,,,,,3,,,,,,Sí COMENZÓ,18,B2,N/A,N/A,"EXAMEN ""PLACEMENT"" UNIVERSIDAD",0,0,#DIV/0!,0,,0,0,0,0,0,0,ALERTA ACADÉMICA Y PSICOSOCIAL,1,4,2,1,8,4,ALERTA ACADÉMICA Y PSICOSOCIAL,0,-,0,0,0,-,,,,,,,,,,
SCHOLAR-7306CEE3D14C,COLOMBIA,Cohorte 2025,DESERTOR(A),Universidad Icesi,Ingeniería de Sistemas,Tercer semestre,Scholar-7306CEE3,2025-01,4.5,,2024,Tecnólogo,Técnico profesional,Masculino,Ninguno,18-20,Valle del Cauca,Valle del Cauca,Vulnerabilidad moderada,Not applicable,Not applicable,Not applicable for this semester,MATRICULADO(A),MATRICULADO(A),Not applicable for this semester,Not applicable for this semester,Not applicable for this semester,144,0,0,13,16,0,,13,1,Not applicable,0,0,4.3,3.9,,1.4,B2,Pruebas saber 11,369,N/A,SISBEN,Grupo B7,N/A,BAJA,"$800,000",PENDIENTE,0,,0,,0,0,,,,,,0,,,,,,Sí COMENZÓ,8,B2,Nivel 5,B1.2,"EXAMEN ""PLACEMENT"" UNIVERSIDAD",4,0,0.00%,B1.2,,0,0,0,0,0,0,,0,0,0,0,0,0,,0,7,1,0,8,3,ALERTA ACADÉMICA Y PSICOSOCIAL,,,,,,,,,
SCHOLAR-D508F608127F,COLOMBIA,Cohorte 2025,BECARIO(A) ACTIVO,Universidad Icesi,Ingeniería de Sistemas,Cuarto semestre,Scholar-D508F608,2025-01,4.5,2029,2024,Secundaria,Secundaria,Masculino,Ninguno,18-20,La Guajira,Valle del Cauca,Vulnerabilidad alta,FATV,NO,Not applicable for this semester,MATRICULADO(A),MATRICULADO(A),MATRICULADO(A),MATRICULADO(A),MATRICULADO(A),144,0,0,15,16,19,,50,0,SATISFACTORIO,0,0,4.5,4.4,"4,4",1.5,A2,Pruebas saber 11,369,N/A,SISBEN,Grupo A2,N/A,ALTA,"$1,600,000",PENDIENTE,0,,0,,0,0,,0,,,,0,0,No requiere,NO,N/A,,Sí COMENZÓ,8,B2,Nivel 1,A1,"EXAMEN ""PLACEMENT"" UNIVERSIDAD",8,1,12.50%,A1.1,,0,0,0,0,0,0,,0,0,0,0,0,0,,0,6,0,0,6,0,SIN ALERTAS,,,,,,,,,
SCHOLAR-F0671BA4FE24,COLOMBIA,Cohorte 2025,BECARIO(A) ACTIVO,Universidad Icesi,Ingeniería de Sistemas,Cuarto semestre,Scholar-F0671BA4,2025-01,4.5,2029,2024,Universitario,Técnico profesional,Masculino,Ninguno,18-20,Cundinamarca,Valle del Cauca,Vulnerabilidad moderada,FATV,NO,Not applicable for this semester,MATRICULADO(A),MATRICULADO(A),MATRICULADO(A),MATRICULADO(A),MATRICULADO(A),144,0,0,15,16,18,,49,0,SATISFACTORIO,0,0,4.4,4.3,"4,5",1.5,A2,Pruebas saber 11,347,N/A,SISBEN,Grupo B1,N/A,ALTA,"$1,600,000",PENDIENTE,0,,0,,0,0,,0,,,,0,0,No requiere,NO,N/A,,Sí COMENZÓ,8,B2,Nivel 2,A1.1,"EXAMEN ""PLACEMENT"" UNIVERSIDAD",7,1,14.29%,A1.1,,0,0,0,0,0,0,,0,0,0,0,0,0,,0,6,0,0,6,0,SIN ALERTAS,,,,,,,,,
SCHOLAR-C976A1E6E489,COLOMBIA,Cohorte 2025,BECARIO(A) ACTIVO,Universidad Icesi,Ingeniería de Sistemas,Cuarto semestre,Scholar-C976A1E6,2025-01,4.5,2029,2023,Secundaria,Secundaria,Femenino,Ninguno,18-20,Norte de Santander,Valle del Cauca,Vulnerabilidad alta,FATV,SELECCIONADO(A),Not applicable for this semester,MATRICULADO(A),MATRICULADO(A),MATRICULADO(A),MATRICULADO(A),MATRICULADO(A),144,0,0,13,16,18,,47,0,SATISFACTORIO,0,0,4,3.8,"4,2",1.3,B2,Pruebas saber 11,332,N/A,SISBEN,Grupo A4,N/A,ALTA,"$1,600,000",PENDIENTE,0,,0,,0,0,,0,,,,0,0,No requiere,NO,N/A,,Sí COMENZÓ,8,B2,Nivel 5,B1.2,"EXAMEN ""PLACEMENT"" UNIVERSIDAD",4,0,0.00%,B1.2,,0,0,0,0,0,0,,0,0,0,0,0,0,,6,6,1,1,14,0,SIN ALERTAS,,,,,,,,,
SCHOLAR-B89E32B6F69C,COLOMBIA,Cohorte 2025,BECARIO(A) ACTIVO,Universidad Icesi,Ingeniería de Sistemas,Cuarto semestre,Scholar-B89E32B6,2025-01,4.5,2029,2024,Secundaria,Primaria,Masculino,Ninguno,18-20,Valle del Cauca,Valle del Cauca,Vulnerabilidad moderada,FATV,NO,Not applicable for this semester,MATRICULADO(A),MATRICULADO(A),MATRICULADO(A),MATRICULADO(A),MATRICULADO(A),144,0,0,15,16,18,,49,0,SATISFACTORIO,0,0,4.2,4.4,"4,5",1.4,B1,Pruebas saber 11,361,N/A,SISBEN,Grupo B6,N/A,BAJA,"$800,000",PENDIENTE,0,,0,,0,0,,0,,,,0,0,No requiere,NO,N/A,,Sí COMENZÓ,8,B2,Nivel 4,A2.2,"EXAMEN ""PLACEMENT"" UNIVERSIDAD",5,1,20.00%,A2.2,,0,0,0,0,0,0,,0,0,0,0,0,0,,0,6,0,0,6,0,SIN ALERTAS,,,,,,,,,
SCHOLAR-D61F5E258820,COLOMBIA,Cohorte 2025,BECARIO(A) ACTIVO,Pontificia Universidad Javeriana,Ciencia de Datos,Cuarto semestre,Scholar-D61F5E25,2025-01,4,2028,2023,Ninguno,Ninguno,Masculino,Ninguno,18-20,Nariño,Bogotá,Vulnerabilidad baja,FATV,NO,Not applicable for this semester,MATRICULADO(A),MATRICULADO(A),MATRICULADO(A),MATRICULADO(A),MATRICULADO(A),138,0,0,20,20,21,,61,0,SATISFACTORIO,0,0,3.96,3.96,4.1,1.3,B2,Pruebas saber 11,406,N/A,SISBEN,Grupo C5,N/A,ALTA,"$1,600,000",PENDIENTE,0,,0,,0,0,,0,,,,0,0,No requiere,NO,N/A,,FINALIZADO - EXAMEN DE VALIDACIÓN,6,B2,Nivel 8,B2,"EXAMEN ""PLACEMENT"" UNIVERSIDAD",0,0,100%,B2,,0,0,0,0,0,0,,0,0,0,0,0,0,,5,6,0,0,11,0,SIN ALERTAS,,,,,,,,,
SCHOLAR-D2D6C306205A,COLOMBIA,Cohorte 2025,DESERTOR(A),Pontificia Universidad Javeriana,Ingeniería de Sistemas,Primer semestre,Scholar-D2D6C306,2025-01,Not applicable,,2024,Tecnólogo,Técnico profesional,Femenino,Ninguno,18-20,Atlántico,Bogotá,Vulnerabilidad baja,Not applicable,Not applicable,Not applicable for this semester,Not applicable for this semester,MATRICULADO(A),Not applicable for this semester,Not applicable for this semester,Not applicable for this semester,138,0,0,0,0,0,,0,0,SATISFACTORIO,0,0,3.18,3.18,-,1.1,Not applicable,Pruebas saber 11,368,N/A,SISBEN,Grupo C3,N/A,ALTA,"$1,600,000",PENDIENTE,0,,0,,3,0,,,,,,3,,,,,,NO HA INICIADO,,B2,N/A,N/A,,,,#DIV/0!,,,0,0,0,0,0,0,,0,0,0,0,0,0,,0,7,8,2,17,5,ALERTA ACADÉMICA Y PSICOSOCIAL,,,,,,,,,
SCHOLAR-F6A1C64A870F,COLOMBIA,Cohorte 2025,BECARIO(A) ACTIVO,Pontificia Universidad Javeriana,Ingeniería de Sistemas,Cuarto semestre,Scholar-F6A1C64A,2025-01,4,2028,2024,Universitario,Universitario,Masculino,Ninguno,18-20,Boyacá,Bogotá,Vulnerabilidad alta,FATV,SELECCIONADO(A),Not applicable for this semester,MATRICULADO(A),MATRICULADO(A),MATRICULADO(A),MATRICULADO(A),MATRICULADO(A),138,0,0,18,15,18,,51,0,SATISFACTORIO,0,0,4.02,4.02,3.9,1.3,B1,Pruebas saber 11,379,N/A,SISBEN,Grupo A1,N/A,ALTA,"$1,600,000",PENDIENTE,0,,0,,0,1,,0,,,,0,0,No requiere,NO,N/A,,NO HA INICIADO,6,B2,Nivel 3,B1,"EXAMEN ""PLACEMENT"" UNIVERSIDAD",6,0,0,B2,,0,0,0,0,0,0,,0,0,0,0,0,0,,4,6,6,0,16,4,ALERTA ACADÉMICA,,,,,,,,,
SCHOLAR-7CB5404CE01D,COLOMBIA,Cohorte 2025,BECARIO(A) ACTIVO,Pontificia Universidad Javeriana,Ingeniería de Sistemas,Cuarto semestre,Scholar-7CB5404C,2025-01,4,2028,2024,Técnico profesional,Universitario,Masculino,Ninguno,18-20,Atlántico,Bogotá,Vulnerabilidad moderada,FATV,SELECCIONADO(A),Not applicable for this semester,MATRICULADO(A),MATRICULADO(A),MATRICULADO(A),MATRICULADO(A),MATRICULADO(A),138,0,0,18,18,18,,54,0,SATISFACTORIO,0,0,3.9,3.9,4.2,1.3,A2,Pruebas saber 11,347,N/A,SISBEN,Grupo B7,N/A,ALTA,"$1,600,000",PENDIENTE,0,,0,,0,0,,0,,,,0,0,No requiere,NO,N/A,,NO HA INICIADO,6,B2,Nivel 2,A2,,7,0,0,B1,,0,0,0,0,0,0,,0,0,0,0,0,0,,1,7,3,0,11,1,ALERTA ACADÉMICA,,,,,,,,,
SCHOLAR-67BB1D527999,COLOMBIA,Cohorte 2025,BECARIO(A) ACTIVO,Pontificia Universidad Javeriana,Ingeniería de Sistemas,Cuarto semestre,Scholar-67BB1D52,2025-01,4,2028,2024,Secundaria,Técnico profesional,Masculino,Ninguno,18-20,Meta,Bogotá,Vulnerabilidad moderada,FATV,NO,Not applicable for this semester,MATRICULADO(A),MATRICULADO(A),MATRICULADO(A),MATRICULADO(A),MATRICULADO(A),138,0,0,18,15,19,,52,0,SATISFACTORIO,0,0,4.37,4.37,4.4,1.5,A2,Pruebas saber 11,403,N/A,SISBEN,Grupo B2,N/A,ALTA,"$1,600,000",PENDIENTE,0,,0,,0,0,,0,,,,0,0,No requiere,NO,N/A,,NO HA INICIADO,6,B2,Nivel 2,A2,,7,0,0,A2,,0,0,0,0,0,0,,0,0,0,0,0,0,,6,6,5,0,17,1,ALERTA ACADÉMICA,,,,,,,,,
SCHOLAR-C1319A777116,COLOMBIA,Cohorte 2025,BECARIO(A) ACTIVO,Universidad EIA,Ingeniería de Sistemas,Cuarto semestre,Scholar-C1319A77,2025-01,4,2028,2024,Secundaria,Secundaria,Masculino,Ninguno,18-20,Antioquia,Antioquia,Vulnerabilidad baja,FATV,NO,Not applicable for this semester,MATRICULADO(A),MATRICULADO(A),MATRICULADO(A),MATRICULADO(A),MATRICULADO(A),144,0,0,18,18,18,,54,0,SATISFACTORIO,0,0,N/A,"4,85","4,5",0,B2,Pruebas saber 11,422,N/A,SISBEN,Grupo C11,N/A,MEDIA,"$1,000,000",PENDIENTE,0,,0,,0,0,,0,,,,0,0,No requiere,NO,N/A,,NO HA INICIADO,18,B2,Nivel 16,B2,"EXAMEN ""PLACEMENT"" UNIVERSIDAD",3,0,0.00%,B2,,0,0,0,0,0,0,,0,0,0,0,0,0,,1,6,0,0,7,0,SIN ALERTAS,,,,,,,,,
SCHOLAR-9BE984DC5394,COLOMBIA,Cohorte 2025,BECARIO(A) ACTIVO,Universidad EIA,Ingeniería de Sistemas,Cuarto semestre,Scholar-9BE984DC,2025-01,4,2028,2023,Secundaria,Secundaria,Masculino,Ninguno,18-20,Antioquia,Antioquia,Vulnerabilidad baja,FATV,NO,Not applicable for this semester,MATRICULADO(A),MATRICULADO(A),MATRICULADO(A),MATRICULADO(A),MATRICULADO(A),144,0,0,18,15,18,,51,1,REZAGADO(A),0,0,N/A,"3,53","3,7",0,A1,Pruebas saber 11,358,N/A,SISBEN,Grupo C15,N/A,MEDIA,"$1,000,000",PENDIENTE,0,,0,,0,1,,1,Rezagado por 1 materia cancelada o perdida,,,0,2,Intersemestral y sobrecréditos,SÍ,2 semestres,,NO HA INICIADO,18,B2,Nivel 4,A1,"EXAMEN ""PLACEMENT"" UNIVERSIDAD",15,0,0.00%,A1,,0,0,0,0,0,0,,0,0,0,0,0,0,,2,6,0,0,8,1,ALERTA ACADÉMICA,,,,,,,,,
SCHOLAR-F3EF71770FDC,COLOMBIA,Cohorte 2025,BECARIO(A) ACTIVO,Universidad EIA,Ingeniería de Sistemas,Cuarto semestre,Scholar-F3EF7177,2025-01,4,2028,2024,Universitario,Universitario,Masculino,Ninguno,18-20,Antioquia,Antioquia,Vulnerabilidad alta,FATV,NO,Not applicable for this semester,MATRICULADO(A),MATRICULADO(A),MATRICULADO(A),MATRICULADO(A),MATRICULADO(A),144,0,0,18,18,18,,54,0,SATISFACTORIO,0,0,N/A,"4,67","4,6",0,B2,Pruebas saber 11,393,N/A,SISBEN,Grupo A2,N/A,MEDIA,"$1,000,000",PENDIENTE,0,,0,,0,0,,0,,,,0,0,No requiere,NO,N/A,,NO HA INICIADO,18,B2,Nivel 16,B2,"EXAMEN ""PLACEMENT"" UNIVERSIDAD",3,0,0.00%,B2,,0,0,0,0,0,0,,0,0,0,0,0,0,,2,6,0,0,8,0,SIN ALERTAS,,,,,,,,,
SCHOLAR-465E273C257C,COLOMBIA,Cohorte 2025,BECARIO(A) ACTIVO,Universidad EIA,Ingeniería de Sistemas,Cuarto semestre,Scholar-465E273C,2025-01,4,2028,2024,Técnico profesional,Técnico profesional,Masculino,Ninguno,18-20,Antioquia,Antioquia,Vulnerabilidad baja,FATV,NO,Not applicable for this semester,MATRICULADO(A),MATRICULADO(A),MATRICULADO(A),MATRICULADO(A),MATRICULADO(A),144,0,0,18,18,21,,57,0,SATISFACTORIO,0,0,N/A,"4,17","3,8",0,A1,Pruebas saber 11,358,N/A,SISBEN,Grupo C3,N/A,MEDIA,"$1,000,000",PENDIENTE,0,,0,,0,0,,0,,,,0,0,No requiere,NO,N/A,,NO HA INICIADO,18,B2,Nivel 4,A1,"EXAMEN ""PLACEMENT"" UNIVERSIDAD",15,0,0.00%,A1,,0,0,0,0,0,0,,0,0,0,0,0,0,,6,6,39,0,51,1,ALERTA ACADÉMICA,,,,,,,,,
SCHOLAR-8C1F84B6D96C,COLOMBIA,Cohorte 2025,BECARIO(A) ACTIVO,Universidad EIA,Ingeniería de Sistemas,Cuarto semestre,Scholar-8C1F84B6,2025-01,4,2028,2024,Tecnólogo,Secundaria,Femenino,Ninguno,18-20,Antioquia,Antioquia,Vulnerabilidad baja,FATV,SELECCIONADO(A),Not applicable for this semester,MATRICULADO(A),MATRICULADO(A),MATRICULADO(A),MATRICULADO(A),MATRICULADO(A),144,0,0,18,18,18,,54,0,SATISFACTORIO,0,0,N/A,"4,7","4,2",0,B2,Pruebas saber 11,356,N/A,SISBEN,Grupo C2,N/A,MEDIA,"$1,000,000",PENDIENTE,0,,0,,0,0,,0,,,,0,0,No requiere,NO,N/A,,NO HA INICIADO,18,B2,Nivel 14,B2,"EXAMEN ""PLACEMENT"" UNIVERSIDAD",5,0,0.00%,B2,,0,0,0,0,0,0,,0,0,0,0,0,0,,1,6,1,0,8,1,ALERTA ACADÉMICA,,,,,,,,,
SCHOLAR-5B54560EF196,COLOMBIA,Cohorte 2025,BECARIO(A) ACTIVO,Universidad EIA,Ingeniería de Sistemas,Cuarto semestre,Scholar-5B54560E,2025-01,4,2028,2024,Universitario,Secundaria,Femenino,Ninguno,18-20,Antioquia,Antioquia,Vulnerabilidad baja,FATV,NO,Not applicable for this semester,MATRICULADO(A),MATRICULADO(A),MATRICULADO(A),MATRICULADO(A),MATRICULADO(A),144,0,0,18,18,18,,54,0,SATISFACTORIO,0,0,N/A,"4,23","3,7",0,B2,Pruebas saber 11,364,N/A,SISBEN,Grupo C3,N/A,MEDIA,"$1,000,000",PENDIENTE,0,,0,,0,0,,0,,,,0,0,No requiere,NO,N/A,,NO HA INICIADO,18,B2,Nivel 16,B2,"EXAMEN ""PLACEMENT"" UNIVERSIDAD",3,0,0.00%,B2,,0,0,0,0,0,0,,0,0,0,0,0,0,,1,6,16,0,23,1,ALERTA ACADÉMICA,,,,,,,,,
SCHOLAR-2E5ED0FF15DB,COLOMBIA,Cohorte 2025,BECARIO(A) ACTIVO,Universidad de Los Andes,Ingeniería Sistemas y Computación,Cuarto semestre,Scholar-2E5ED0FF,2025-01,4,2028,2024,Tecnólogo,Tecnólogo,Femenino,Ninguno,18-20,Cesar,Bogotá,Vulnerabilidad alta,FATV,SELECCIONADO(A),Not applicable for this semester,MATRICULADO(A),MATRICULADO(A),MATRICULADO(A),MATRICULADO(A),MATRICULADO(A),134,0,0,17,20,21,,58,1,REZAGADO(A),0,0,4,4.18,4.06,1.3,B1,Pruebas saber 11,397,N/A,SISBEN,Grupo A5,N/A,ALTA,"$1,600,000",PENDIENTE,0,,0,,0,0,,1,Rezagado por 1 materia cancelada o perdida,,,0,1,Sobrecréditos,SÍ,2 semestres,,NO HA INICIADO,10,B2,English 5,B1,"EXAMEN ""PLACEMENT"" UNIVERSIDAD",,0,0.00%,B1,,0,0,0,0,0,0,,0,0,0,0,0,0,,6,6,2,0,14,1,ALERTA ACADÉMICA,,,,,,,,,
SCHOLAR-5F89008BC980,COLOMBIA,Cohorte 2025,BECARIO(A) ACTIVO,Universidad de Los Andes,Ingeniería Sistemas y Computación,Cuarto semestre,Scholar-5F89008B,2025-01,4,2028,2024,Universitario,Universitario,Masculino,Ninguno,18-20,Tolima,Bogotá,Vulnerabilidad alta,FATV,NO,Not applicable for this semester,MATRICULADO(A),MATRICULADO(A),MATRICULADO(A),MATRICULADO(A),MATRICULADO(A),134,0,0,21,19,20,,60,0,SATISFACTORIO,0,0,4.28,4.3,3.97,1.4,B1,Pruebas saber 11,390,N/A,SISBEN,Grupo A1,N/A,ALTA,"$1,600,000",PENDIENTE,0,,0,,0,0,,0,,,,0,0,No requiere,NO,N/A,,Sí COMENZÓ,10,B2,English Fundamentals,A2,"EXAMEN ""PLACEMENT"" UNIVERSIDAD",,2,20.00%,A2,,0,0,0,0,0,0,,0,0,0,0,0,0,,5,6,0,0,11,0,SIN ALERTAS,,,,,,,,,
SCHOLAR-DD54C709B57E,COLOMBIA,Cohorte 2025,BECARIO(A) ACTIVO,Universidad de Los Andes,Ingeniería Sistemas y Computación,Cuarto semestre,Scholar-DD54C709,2025-01,4,2028,2024,Técnico profesional,Secundaria,Masculino,Ninguno,18-20,Cundinamarca,Bogotá,Vulnerabilidad baja,FATV,NO,Not applicable for this semester,MATRICULADO(A),MATRICULADO(A),MATRICULADO(A),MATRICULADO(A),MATRICULADO(A),134,0,0,17,13,15,,45,2,CRÍTICO,0,0,3.85,3.8,3.72,1.3,Pending,Pruebas saber 11,353,N/A,SISBEN,Grupo C4,N/A,BAJA,"$800,000",PENDIENTE,0,,0,,0,0,,2,,,,0,2,Intersemestral y sobrecréditos,SÍ,4 semestres,,NO HA INICIADO,10,B2,English1,A1,"EXAMEN ""PLACEMENT"" UNIVERSIDAD",,0,0.00%,B1,,0,0,0,0,0,0,,0,0,0,0,0,0,,6,8,0,0,14,1,ALERTA ACADÉMICA,,,,,,,,,
SCHOLAR-4A31730C9382,COLOMBIA,Cohorte 2025,BECARIO(A) ACTIVO,Universidad de Los Andes,Ingeniería Sistemas y Computación,Cuarto semestre,Scholar-4A31730C,2025-01,4,2028,2024,Técnico profesional,Secundaria,Masculino,Ninguno,UNDER 18,Cundinamarca,Bogotá,Vulnerabilidad moderada,FATV,NO,Not applicable for this semester,MATRICULADO(A),MATRICULADO(A),MATRICULADO(A),MATRICULADO(A),MATRICULADO(A),134,0,0,22,22,19,,63,0,SATISFACTORIO,0,0,4.35,4.53,4.41,1.5,B1,Pruebas saber 11,390,N/A,SISBEN,Grupo B7,N/A,ALTA,"$1,600,000",PENDIENTE,0,,0,,0,0,,0,,,,0,0,No requiere,NO,N/A,,Sí COMENZÓ,10,B2,English Fundamentals,A2,"EXAMEN ""PLACEMENT"" UNIVERSIDAD",,2,20.00%,A2,,0,0,0,0,0,0,,0,0,0,0,0,0,,6,6,0,0,12,0,SIN ALERTAS,,,,,,,,,
SCHOLAR-A434FD1B6544,COLOMBIA,Cohorte 2025,BECARIO(A) ACTIVO,Universidad de Los Andes,Ingeniería Sistemas y Computación,Cuarto semestre,Scholar-A434FD1B,2025-01,4,2028,2024,Secundaria,Primaria,Masculino,Ninguno,18-20,Huila,Bogotá,Vulnerabilidad moderada,FATV,NO,Not applicable for this semester,MATRICULADO(A),MATRICULADO(A),MATRICULADO(A),MATRICULADO(A),MATRICULADO(A),134,0,0,19,20,18,,57,0,SATISFACTORIO,0,0,4.38,4.54,4.47,1.5,B1,Pruebas saber 11,390,N/A,SISBEN,Grupo B7,N/A,ALTA,"$1,600,000",PENDIENTE,0,,0,,0,0,,0,,,,0,0,No requiere,NO,N/A,,Sí COMENZÓ,10,B2,English 3,A2,"EXAMEN ""PLACEMENT"" UNIVERSIDAD",,1,10.00%,A2,,0,0,0,0,0,0,,0,0,0,0,0,0,,6,6,0,0,12,0,SIN ALERTAS,,,,,,,,,
SCHOLAR-FD001CDCEBE8,COLOMBIA,Cohorte 2025,BECARIO(A) ACTIVO,Universidad de Los Andes,Ingeniería Sistemas y Computación,Cuarto semestre,Scholar-FD001CDC,2025-01,4,2028,2024,Maestría,Universitario,Masculino,Ninguno,18-20,Córdoba,Bogotá,Vulnerabilidad moderada,FATV,SELECCIONADO(A),Not applicable for this semester,MATRICULADO(A),MATRICULADO(A),MATRICULADO(A),MATRICULADO(A),MATRICULADO(A),134,0,0,16,20,21,,57,0,SATISFACTORIO,0,0,4.37,4.42,4.25,1.5,B2,Pruebas saber 11,416,N/A,SISBEN,Grupo B7,N/A,ALTA,"$1,600,000",PENDIENTE,0,,0,,0,0,,0,,,,0,0,No requiere,NO,N/A,,Sí COMENZÓ,10,B2,English 5,B1,"EXAMEN ""PLACEMENT"" UNIVERSIDAD",,2,20.00%,B1,,0,0,0,0,0,0,,0,0,0,0,0,0,,5,4,1,0,10,0,SIN ALERTAS,,,,,,,,,
SCHOLAR-3109391264CD,COLOMBIA,Cohorte 2025,BECARIO(A) ACTIVO,Universidad de Los Andes,Ingeniería Sistemas y Computación,Cuarto semestre,Scholar-31093912,2025-01,4,2028,2023,Especialización,Especialización,Masculino,Ninguno,18-20,Huila,Bogotá,Vulnerabilidad moderada,FATV,SELECCIONADO(A),Not applicable for this semester,MATRICULADO(A),MATRICULADO(A),MATRICULADO(A),MATRICULADO(A),MATRICULADO(A),134,0,0,18,17,22,,57,1,REZAGADO(A),0,0,4.01,4.26,3.92,1.3,B1,Pruebas saber 11,390,N/A,SISBEN,Grupo B7,N/A,ALTA,"$1,600,000",PENDIENTE,0,,0,,0,0,,1,Rezagado por 1 materia cancelada o perdida,,,0,1,Sobrecréditos,SÍ,2 semestres,,NO HA INICIADO,10,B2,English 5,B1,"EXAMEN ""PLACEMENT"" UNIVERSIDAD",,0,0.00%,B1,,0,0,0,0,0,0,,0,0,0,0,0,0,,5,6,0,0,11,0,SIN ALERTAS,,,,,,,,,
SCHOLAR-2D52EDE0A84A,COLOMBIA,Cohorte 2025,BECARIO(A) ACTIVO,Universidad del Norte,Ingeniería de Sistemas,Cuarto semestre,Scholar-2D52EDE0,2025-01,4.5,2029,2024,Universitario,Técnico profesional,Femenino,Ninguno,18-20,Atlántico,Atlántico,Vulnerabilidad alta,FATV,SELECCIONADO(A),Not applicable for this semester,MATRICULADO(A),MATRICULADO(A),MATRICULADO(A),MATRICULADO(A),MATRICULADO(A),155,0,0,15,17,17,,49,0,SATISFACTORIO,0,0,4.58,4.31,"3,82",1.5,B1,Pruebas saber 11,379,N/A,SISBEN,Grupo A1,N/A,MEDIA,"$1,000,000",PENDIENTE,0,,0,,0,0,,0,,,,0,0,No requiere,NO,N/A,,Sí COMENZÓ,8,B2,Inglés 4,B1.1,"EXAMEN ""PLACEMENT"" UNIVERSIDAD",3,1,33.33%,B1.1,,0,0,0,0,0,0,,0,0,0,0,0,0,,4,6,2,0,12,0,SIN ALERTAS,,,,,,,,,
SCHOLAR-99EC7A7D1740,COLOMBIA,Cohorte 2025,BECARIO(A) ACTIVO,Universidad del Norte,Ciencia de Datos,Cuarto semestre,Scholar-99EC7A7D,2025-01,4.5,2029,2024,Secundaria,Primaria,Femenino,Ninguno,18-20,Atlántico,Atlántico,Vulnerabilidad alta,FATV,NO,Not applicable for this semester,MATRICULADO(A),MATRICULADO(A),MATRICULADO(A),MATRICULADO(A),MATRICULADO(A),138,0,0,15,16,17,,48,1,REZAGADO(A),0,0,3.7,3.54,"3,41",1.2,A2,Pruebas saber 11,371,N/A,SISBEN,Grupo A2,N/A,MEDIA,"$1,000,000",PENDIENTE,0,,0,,0,1,,1,Rezagado por 1 materia cancelada o perdida,,,0,2,Intersemestral,SÍ,2 semestres,,Sí COMENZÓ,8,B2,Inglés 1,A1.2,"EXAMEN ""PLACEMENT"" UNIVERSIDAD",8,1,12.50%,A1.2,,0,0,0,0,0,0,,0,0,0,0,0,0,,3,5,21,0,29,4,ALERTA ACADÉMICA Y PSICOSOCIAL,,,,,,,,,
SCHOLAR-A2C88F650FFB,COLOMBIA,Cohorte 2025,BECARIO(A) ACTIVO,Universidad del Norte,Ingeniería de Sistemas,Cuarto semestre,Scholar-A2C88F65,2025-01,4.5,2029,2024,Secundaria,Secundaria,Masculino,Ninguno,18-20,Atlántico,Atlántico,Vulnerabilidad alta,FATV,SELECCIONADO(A),Not applicable for this semester,MATRICULADO(A),MATRICULADO(A),MATRICULADO(A),MATRICULADO(A),MATRICULADO(A),155,0,0,15,17,17,,49,0,SATISFACTORIO,0,0,4.29,4.11,"3,96",1.4,B2,Pruebas saber 11,417,N/A,SISBEN,Grupo A5,N/A,MEDIA,"$1,000,000",PENDIENTE,0,,0,,0,0,,0,,,,0,0,No requiere,NO,N/A,,Sí COMENZÓ,8,B2,Inglés 7,B2.1,"EXAMEN ""PLACEMENT"" UNIVERSIDAD",2,1,50.00%,B2.1,,0,0,0,0,0,0,,0,0,0,0,0,0,,5,5,0,0,10,0,SIN ALERTAS,,,,,,,,,
SCHOLAR-241FA6DA70F4,COLOMBIA,Cohorte 2025,BECARIO(A) ACTIVO,Universidad del Norte,Ingeniería de Sistemas,Cuarto semestre,Scholar-241FA6DA,2025-01,4.5,2029,2024,Secundaria,Secundaria,Masculino,Ninguno,18-20,Córdoba,Atlántico,Vulnerabilidad moderada,FATV,NO,Not applicable for this semester,MATRICULADO(A),MATRICULADO(A),MATRICULADO(A),MATRICULADO(A),MATRICULADO(A),155,0,0,15,17,17,,49,0,SATISFACTORIO,0,0,4.46,4.38,"4,12",1.5,B2,Pruebas saber 11,382,N/A,SISBEN,Grupo B5,N/A,ALTA,"$1,800,000",PENDIENTE,0,,0,,0,0,,0,,,,0,0,No requiere,NO,N/A,,Sí COMENZÓ,8,B2,Inglés 8,B2.2,"EXAMEN ""PLACEMENT"" UNIVERSIDAD",1,1,100.00%,B2.2,,0,0,0,0,0,0,,0,0,0,0,0,0,,3,6,0,0,9,0,SIN ALERTAS,,,,,,,,,
SCHOLAR-3F6A9D82E7FC,COLOMBIA,Cohorte 2025,BECARIO(A) ACTIVO,Universidad del Norte,Ingeniería de Sistemas,Cuarto semestre,Scholar-3F6A9D82,2025-01,4.5,2029,2024,Universitario,Universitario,Masculino,Indígena,18-20,Atlántico,Atlántico,Vulnerabilidad moderada,FATV,SELECCIONADO(A),Not applicable for this semester,MATRICULADO(A),MATRICULADO(A),MATRICULADO(A),MATRICULADO(A),MATRICULADO(A),155,0,0,15,17,17,,49,0,SATISFACTORIO,0,0,4.28,4.34,"4,06",1.4,B1,Pruebas saber 11,358,N/A,SISBEN,Grupo B5,N/A,MEDIA,"$1,000,000",PENDIENTE,0,,0,,0,0,,0,,,,0,0,No requiere,NO,N/A,,Sí COMENZÓ,8,B2,Inglés 4,B1.1,"EXAMEN ""PLACEMENT"" UNIVERSIDAD",5,1,20.00%,B1.1,,0,0,0,0,0,0,,0,0,0,0,0,0,,3,5,0,0,8,0,SIN ALERTAS,,,,,,,,,
SCHOLAR-DD99FBA69DBD,COLOMBIA,Cohorte 2025,BECARIO(A) ACTIVO,Universidad del Norte,Ingeniería de Sistemas,Cuarto semestre,Scholar-DD99FBA6,2025-01,4.5,2029,2024,Técnico profesional,Secundaria,Masculino,Ninguno,18-20,Atlántico,Atlántico,Vulnerabilidad baja,FATV,SELECCIONADO(A),Not applicable for this semester,MATRICULADO(A),MATRICULADO(A),MATRICULADO(A),MATRICULADO(A),MATRICULADO(A),155,0,0,15,17,17,,49,0,SATISFACTORIO,0,0,3.91,4.1,"3,67",1.3,B1,Pruebas saber 11,368,N/A,SISBEN,Grupo C3,N/A,MEDIA,"$1,000,000",PENDIENTE,0,,0,,0,0,,0,,,,0,0,No requiere,NO,N/A,,Sí COMENZÓ,8,B2,Inglés 5,B1.2,"EXAMEN ""PLACEMENT"" UNIVERSIDAD",4,1,25.00%,B1.2,,0,0,0,0,0,0,,0,0,0,0,0,0,,3,5,0,0,8,1,ALERTA PSICOSOCIAL,,,,,,,,,
SCHOLAR-5313F0AD81E3,COLOMBIA,Cohorte 2025,BECARIO(A) ACTIVO,Universidad del Norte,Ingeniería de Sistemas,Cuarto semestre,Scholar-5313F0AD,2025-01,4.5,2029,2024,Universitario,Universitario,Masculino,Ninguno,18-20,Bolívar,Atlántico,Vulnerabilidad alta,FATV,SELECCIONADO(A),Not applicable for this semester,MATRICULADO(A),MATRICULADO(A),MATRICULADO(A),MATRICULADO(A),MATRICULADO(A),155,0,0,15,17,17,,49,0,SATISFACTORIO,0,0,4.29,3.74,"3,92",1.4,B2,Pruebas saber 11,394,N/A,SISBEN,Grupo A2,N/A,ALTA,"$1,800,000",PENDIENTE,0,,0,,0,0,,0,,,,0,0,No requiere,NO,N/A,,Sí COMENZÓ,8,B2,Inglés 6,B1.3,"EXAMEN ""PLACEMENT"" UNIVERSIDAD",3,1,33.33%,B1.3,,0,0,0,0,0,0,,0,0,0,0,0,0,,2,5,0,0,7,1,ALERTA PSICOSOCIAL,,,,,,,,,
SCHOLAR-6021051797E2,COLOMBIA,Cohorte 2025,BECARIO(A) ACTIVO,Universidad del Norte,Ingeniería de Sistemas,Cuarto semestre,Scholar-60210517,2025-01,4.5,2029,2024,Técnico profesional,Técnico profesional,Masculino,Ninguno,18-20,Cesar,Atlántico,Vulnerabilidad moderada,FATV,NO,Not applicable for this semester,MATRICULADO(A),MATRICULADO(A),MATRICULADO(A),MATRICULADO(A),MATRICULADO(A),155,0,0,15,17,17,,49,0,SATISFACTORIO,0,0,4.54,4.32,"4,07",1.5,B2,Pruebas saber 11,378,N/A,SISBEN,Grupo B2,N/A,ALTA,"$1,800,000",PENDIENTE,0,,0,,0,0,,0,,,,0,0,No requiere,NO,N/A,,Sí COMENZÓ,8,B2,Inglés 8,B2.2,"EXAMEN ""PLACEMENT"" UNIVERSIDAD",1,1,100.00%,B2.2,,0,0,0,0,0,0,,0,0,0,0,0,0,,5,6,12,0,23,0,SIN ALERTAS,,,,,,,,,
SCHOLAR-C05B19002E2A,COLOMBIA,Cohorte 2025,BECARIO(A) ACTIVO,Universidad del Norte,Ciencia de Datos,Cuarto semestre,Scholar-C05B1900,2025-01,4.5,2029,2024,Universitario,Universitario,Femenino,Ninguno,18-20,Sucre,Atlántico,Vulnerabilidad alta,FATV,NO,Not applicable for this semester,MATRICULADO(A),MATRICULADO(A),MATRICULADO(A),MATRICULADO(A),MATRICULADO(A),138,0,0,15,16,17,,48,0,SATISFACTORIO,0,0,4.47,4.6,"4,6",1.5,B2,Pruebas saber 11,394,N/A,SISBEN,Grupo A5,N/A,ALTA,"$1,800,000",PENDIENTE,0,,0,,0,0,,0,,,,0,0,No requiere,NO,N/A,,Sí COMENZÓ,8,B2,Inglés 6,B1.3,"EXAMEN ""PLACEMENT"" UNIVERSIDAD",3,1,33.33%,B1.3,,0,0,0,0,0,0,,0,0,0,0,0,0,,4,5,6,0,15,0,SIN ALERTAS,,,,,,,,,
SCHOLAR-2840A2BF69B5,COLOMBIA,Cohorte 2025,BECARIO(A) ACTIVO,Universidad EAFIT,Ingeniería de Sistemas,Cuarto semestre,Scholar-2840A2BF,2025-01,4.5,2029,2024,Doctorado,Maestría,Masculino,Ninguno,UNDER 18,Córdoba,Antioquia,Vulnerabilidad moderada,FATV,NO,Not applicable for this semester,MATRICULADO(A),MATRICULADO(A),MATRICULADO(A),MATRICULADO(A),MATRICULADO(A),151,0,0,19,18,18,,55,0,SATISFACTORIO,0,0,"4,8",4.58,4.5,0,B1,Pruebas saber 11,387,N/A,SISBEN,Grupo B2,N/A,ALTA,"$1,800,000",PENDIENTE,0,,0,,0,0,,0,,,,0,0,No requiere,NO,N/A,,NO HA INICIADO,16,B2,Sin información,Sin información,"EXAMEN ""PLACEMENT"" UNIVERSIDAD",0,0,0.00%,B1,,0,0,0,0,0,0,,0,0,0,0,0,0,,3,4,0,0,7,0,SIN ALERTAS,,,,,,,,,
SCHOLAR-1D92774899FE,COLOMBIA,Cohorte 2025,BECARIO(A) ACTIVO,Universidad EAFIT,Ingeniería de Sistemas,Cuarto semestre,Scholar-1D927748,2025-01,4.5,2029,2024,Universitario,Universitario,Masculino,Ninguno,18-20,Bolívar,Antioquia,Vulnerabilidad alta,FATV,NO,Not applicable for this semester,MATRICULADO(A),MATRICULADO(A),MATRICULADO(A),MATRICULADO(A),MATRICULADO(A),151,0,0,19,18,15,,52,0,SATISFACTORIO,0,0,"4,4",3.88,4.1,0,A1,Pruebas saber 11,375,N/A,SISBEN,Grupo A4,N/A,ALTA,"$1,800,000",PENDIENTE,0,,0,,0,0,,0,,,,0,0,No requiere,NO,N/A,,NO HA INICIADO,16,B2,Sin información,C2,"EXAMEN ""PLACEMENT"" UNIVERSIDAD",0,0,0.00%,C2,,0,0,0,0,0,0,,0,0,0,0,0,0,,3,4,4,0,11,1,ALERTA PSICOSOCIAL,,,,,,,,,
SCHOLAR-30A7AF5395C3,COLOMBIA,Cohorte 2025,BECARIO(A) ACTIVO,Universidad EAFIT,Ingeniería de Sistemas,Cuarto semestre,Scholar-30A7AF53,2025-01,4.5,2029,2024,Técnico profesional,Ninguno,Masculino,Ninguno,18-20,Antioquia,Antioquia,Vulnerabilidad baja,FATV,SELECCIONADO(A),Not applicable for this semester,MATRICULADO(A),MATRICULADO(A),MATRICULADO(A),MATRICULADO(A),MATRICULADO(A),151,0,0,19,18,18,,55,0,SATISFACTORIO,0,0,4,3.73,4,1.3,Pending,Pruebas saber 11,346,N/A,SISBEN,Grupo C7,N/A,BAJA,"$800,000",PENDIENTE,0,,0,,0,0,,0,,,,0,0,No requiere,NO,N/A,,NO HA INICIADO,16,B2,Sin información,Sin información,"EXAMEN ""PLACEMENT"" UNIVERSIDAD",0,0,0.00%,C1,,0,0,0,0,0,0,,0,0,0,0,0,0,,2,4,2,1,9,4,ALERTA ACADÉMICA Y PSICOSOCIAL,,,,,,,,,
SCHOLAR-6AA7BF3E7C7F,COLOMBIA,Cohorte 2025,BECARIO(A) ACTIVO,Universidad EAFIT,Ingeniería de Sistemas,Cuarto semestre,Scholar-6AA7BF3E,2025-01,4.5,2029,2023,Secundaria,Secundaria,Masculino,Ninguno,18-20,Antioquia,Antioquia,Vulnerabilidad baja,FATV,NO,Not applicable for this semester,MATRICULADO(A),MATRICULADO(A),MATRICULADO(A),MATRICULADO(A),MATRICULADO(A),151,0,0,19,18,18,,55,0,SATISFACTORIO,0,0,"4,7",4.2,4.3,0,Pending,Pruebas saber 11,368,N/A,SISBEN,Grupo C1,N/A,BAJA,"$800,000",PENDIENTE,0,,0,,0,0,,0,,,,0,0,No requiere,NO,N/A,,NO HA INICIADO,16,B2,Sin información,Sin información,"EXAMEN ""PLACEMENT"" UNIVERSIDAD",0,0,0.00%,B2,,0,0,0,0,0,0,,0,0,0,0,0,0,,0,4,2,0,6,0,SIN ALERTAS,,,,,,,,,
SCHOLAR-299E39FD86D4,COLOMBIA,Cohorte 2025,BECARIO(A) ACTIVO,Universidad EAFIT,Ingeniería de Sistemas,Cuarto semestre,Scholar-299E39FD,2025-01,4.5,2029,2024,Especialización,Secundaria,Masculino,Ninguno,18-20,Cesar,Antioquia,Vulnerabilidad alta,FATV,NO,Not applicable for this semester,MATRICULADO(A),MATRICULADO(A),MATRICULADO(A),MATRICULADO(A),MATRICULADO(A),151,0,0,19,21,15,,55,0,SATISFACTORIO,0,0,"4,8",4.47,4.4,0,Pending,Pruebas saber 11,380,N/A,SISBEN,Grupo A2,N/A,ALTA,"$1,800,000",PENDIENTE,0,,0,,0,0,,0,,,,0,0,No requiere,NO,N/A,,NO HA INICIADO,16,B2,Sin información,C2,"EXAMEN ""PLACEMENT"" UNIVERSIDAD",0,0,0.00%,C2,,0,0,0,0,0,0,,0,0,0,0,0,0,,2,4,3,0,9,0,SIN ALERTAS,,,,,,,,,
SCHOLAR-99E9FABA8674,COLOMBIA,Cohorte 2025,BECARIO(A) ACTIVO,Universidad EAFIT,Ingeniería de Sistemas,Cuarto semestre,Scholar-99E9FABA,2025-01,4.5,2029,2024,Universitario,Tecnólogo,Masculino,Ninguno,18-20,Antioquia,Antioquia,Vulnerabilidad moderada,FATV,NO,Not applicable for this semester,MATRICULADO(A),MATRICULADO(A),MATRICULADO(A),MATRICULADO(A),MATRICULADO(A),151,0,0,19,18,18,,55,0,SATISFACTORIO,0,0,"4,7",4.4.,4.5,0,B1,Pruebas saber 11,403,N/A,SISBEN,Grupo B2,N/A,BAJA,"$800,000",PENDIENTE,0,,0,,0,0,,0,,,,0,0,No requiere,NO,N/A,,Sí COMENZÓ,16,B2,Nivel 14,B1,"EXAMEN ""PLACEMENT"" UNIVERSIDAD",3,1,33.33%,B1,,0,0,0,0,0,0,,0,0,0,0,0,0,,0,4,1,0,5,0,SIN ALERTAS,,,,,,,,,
SCHOLAR-EDC8B1D86B79,COLOMBIA,Cohorte 2025,BECARIO(A) ACTIVO,Universidad Pontificia Bolivariana,Ingeniería de Sistemas,Cuarto semestre,Scholar-EDC8B1D8,2025-01,4.5,2029,2024,Secundaria,Técnico profesional,Masculino,Ninguno,18-20,Córdoba,Antioquia,Vulnerabilidad baja,FATV,NO,Not applicable for this semester,MATRICULADO(A),MATRICULADO(A),MATRICULADO(A),MATRICULADO(A),MATRICULADO(A),144,0,0,15,15,Pending,,30,0,SATISFACTORIO,0,0,4.1,3.69,"4,0",1.4,B1,Pruebas saber 11,378,N/A,SISBEN,Grupo C1,N/A,ALTA,"$1,600,000",PENDIENTE,0,,0,,0,1,,,,,,0,1,Sobrecréditos,SÍ,2 semestres,,Sí COMENZÓ,12,B2,Nivel 9,B1,"EXAMEN ""PLACEMENT"" UNIVERSIDAD",4,1,25.00%,B1,,0,0,0,0,0,0,,0,0,0,0,0,0,,3,6,4,0,13,0,SIN ALERTAS,,,,,,,,,
SCHOLAR-57D5988C0EA8,COLOMBIA,Cohorte 2025,BECARIO(A) ACTIVO,Universidad Pontificia Bolivariana,Ingeniería de Sistemas,Cuarto semestre,Scholar-57D5988C,2025-01,4,2029,2023,Ninguno,Primaria,Masculino,Ninguno,18-20,Antioquia,Antioquia,Vulnerabilidad alta,FATV,NO,Not applicable for this semester,MATRICULADO(A),MATRICULADO(A),MATRICULADO(A),MATRICULADO(A),MATRICULADO(A),144,0,0,12,15,14,,41,0,SATISFACTORIO,0,0,3.4,3.54,4.2,1.1,A2,Pruebas saber 11,289,N/A,SISBEN,Grupo A3,N/A,BAJA,"$800,000",PENDIENTE,0,Rezagado por  1 materia atrasada. No nivelación,0,EN NIVELACIÓN / NO INICIÓ / NO APLICA / AL DIA,1,1,EN NIVELACIÓN / NO INICIÓ / NO APLICA / AL DIA,1,Rezagado por  1 materia cancelada o perdida. En nivelación,,Al día con su plan de estudio.,1,3,Intersemestral y sobrecréditos,SÍ,4 semestres,,Sí COMENZÓ,12,B2,Nivel 2,A1,"EXAMEN ""PLACEMENT"" UNIVERSIDAD",10,1,10.00%,A1,,0,0,0,0,0,0,,0,0,0,0,0,0,,5,4,21,0,30,4,ALERTA ACADÉMICA Y PSICOSOCIAL,,,,,,,,,
SCHOLAR-765757B6A725,COLOMBIA,Cohorte 2025,BECARIO(A) ACTIVO,Universidad Pontificia Bolivariana,Ciencia de Datos,Cuarto semestre,Scholar-765757B6,2025-01,4,2029,2024,Secundaria,Secundaria,Masculino,Ninguno,18-20,Antioquia,Antioquia,Vulnerabilidad baja,FATV,NO,Not applicable for this semester,MATRICULADO(A),MATRICULADO(A),MATRICULADO(A),MATRICULADO(A),MATRICULADO(A),141,0,0,10,14,21,,45,0,SATISFACTORIO,0,0,4.1,4.33,4.1,1.4,B2,Pruebas saber 11,415,N/A,SISBEN,Grupo C10,N/A,BAJA,"$800,000",PENDIENTE,0,,0,,0,0,,0,,,,0,0,No requiere,NO,N/A,,FINALIZADO - EXAMEN DE VALIDACIÓN,12,B2,Nivel 12,B2,"EXAMEN ""PLACEMENT"" UNIVERSIDAD",0,0,0.00%,B2,,0,0,0,0,0,0,,0,0,0,0,0,0,,6,6,0,0,12,2,ALERTA ACADÉMICA,,,,,,,,,
SCHOLAR-CB4A79798028,COLOMBIA,Cohorte 2025,DESERTOR(A),Universidad Pontificia Bolivariana,Ingeniería de Sistemas,Primer semestre,Scholar-CB4A7979,2025-01,Not applicable,,2024,Especialización,Secundaria,Masculino,Ninguno,18-20,Antioquia,Antioquia,Vulnerabilidad baja,Not applicable,Not applicable,Not applicable for this semester,Not applicable for this semester,MATRICULADO(A),Not applicable for this semester,Not applicable for this semester,Not applicable for this semester,144,0,0,15,0,0,,15,0,SATISFACTORIO,0,0,3.3,-,-,1.1,B2,Pruebas saber 11,309,N/A,SISBEN,Grupo C12,N/A,BAJA,"$800,000",PENDIENTE,0,,0,,3,0,,,,,,3,,,,,,Sí COMENZÓ,N/A,N/A,Nivel 12,B2,"EXAMEN ""PLACEMENT"" UNIVERSIDAD",0,0,0.00%,B2,,0,0,0,0,0,0,,0,0,0,0,0,0,,4,4,4,0,12,2,ALERTA ACADÉMICA,,,,,,,,,
SCHOLAR-7BAAE93BDF6D,COLOMBIA,Cohorte 2025,BECARIO(A) ACTIVO,Universidad Pontificia Bolivariana,Ingeniería de Sistemas,Cuarto semestre,Scholar-7BAAE93B,2025-01,4,2029,2024,Secundaria,Tecnólogo,Masculino,Ninguno,18-20,Antioquia,Antioquia,Vulnerabilidad baja,FATV,NO,Not applicable for this semester,MATRICULADO(A),MATRICULADO(A),MATRICULADO(A),MATRICULADO(A),MATRICULADO(A),144,0,0,15,15,17,,47,0,SATISFACTORIO,0,0,4.1,4,4.6,1.4,B2,Pruebas saber 11,375,N/A,SISBEN,Grupo C6,N/A,BAJA,"$800,000",PENDIENTE,0,,0,,0,0,,0,,,,0,0,No requiere,NO,N/A,,FINALIZADO - EXAMEN DE VALIDACIÓN,12,B2,Nivel 12,B2,"EXAMEN ""PLACEMENT"" UNIVERSIDAD",0,0,0.00%,B2,,0,0,0,0,0,0,,0,0,0,0,0,0,,6,6,12,0,24,0,SIN ALERTAS,,,,,,,,,
SCHOLAR-F64A81ACA9EC,PERÚ,Cohorte 2025,BECARIO(A) ACTIVO,Universidad de Ingeniería y Tecnología (UTEC),Ciencia de Datos,Segundo semestre,Scholar-F64A81AC,2025-03,5,2029,2024,Secundaria,Técnico profesional,Femenino,Ninguno,,Lima,Lima,Pending,ESCALO,NO,Not applicable for this semester,Not applicable for this semester,MATRICULADO(A),MATRICULADO(A),MATRICULADO(A),MATRICULADO(A),201,0,0,20,20,Pending,,40,0,SATISFACTORIO,0,0,17.1,15.9,,17.1,B1,Puntaje IB,N/A,30,ESCALA DE INGRESOS,N/A,WIP,ALTA,"$1,500",20,0,,0,,0,0,,,,,,0,,,,,,NO HA INICIADO,4,B2,Sin información,Sin información,Sin información,Sin información,Sin información,Sin información,B1,,0,0,0,0,0,0,,0,0,0,0,0,0,,5,12,45,0,62,1,ALERTA PSICOSOCIAL,,,,,,,,,
SCHOLAR-0BF0A6648AD6,PERÚ,Cohorte 2025,BECARIO(A) ACTIVO,Universidad de Ingeniería y Tecnología (UTEC),Ciencia de Datos,Segundo semestre,Scholar-0BF0A664,2025-03,5,2029,2024,Técnico profesional,Técnico profesional,Femenino,Ninguno,,Lima,Lima,Pending,ESCALO,NO,Not applicable for this semester,Not applicable for this semester,MATRICULADO(A),MATRICULADO(A),MATRICULADO(A),MATRICULADO(A),201,0,0,20,20,Pending,,40,0,SATISFACTORIO,0,0,16.9,17.5,,16.9,B2,Puntaje IB,N/A,28,ESCALA DE INGRESOS,N/A,WIP,ALTA,"$1,500",20,0,,0,,0,0,,,,,,0,,,,,,NO HA INICIADO,4,B2,Sin información,Sin información,Sin información,Sin información,Sin información,Sin información,B2,,0,0,0,0,0,0,,0,0,0,0,0,0,,5,12,50,0,67,0,SIN ALERTAS,,,,,,,,,
SCHOLAR-EB47091003AC,PERÚ,Cohorte 2025,BECARIO(A) ACTIVO,Universidad de Ingeniería y Tecnología (UTEC),Ciencia de Datos,Segundo semestre,Scholar-EB470910,2025-03,5,2029,2024,Secundaria,Secundaria,Masculino,Ninguno,,Junín,Lima,Pending,ESCALO,NO,Not applicable for this semester,Not applicable for this semester,MATRICULADO(A),MATRICULADO(A),MATRICULADO(A),MATRICULADO(A),201,0,0,20,22,Pending,,42,0,SATISFACTORIO,0,0,16.95,16.9,,17,A2,Puntaje IB,N/A,23,ESCALA DE INGRESOS,N/A,WIP,ALTA,"$1,500",18,0,,0,,0,0,,,,,,0,,,,,,NO HA INICIADO,4,B2,Sin información,Sin información,Sin información,Sin información,Sin información,Sin información,A2,,0,0,0,0,0,0,,0,0,0,0,0,0,,5,12,30,0,47,0,SIN ALERTAS,,,,,,,,,
SCHOLAR-B29A0F63FC95,PERÚ,Cohorte 2025,DESERTOR(A),Universidad de Ingeniería y Tecnología (UTEC),Ciencia de la Computación,Segundo semestre,Scholar-B29A0F63,2025-03,5,2029,2024,Secundaria,Técnico profesional,Masculino,Ninguno,,Arequipa,Lima,Pending,ESCALO,NO,Not applicable for this semester,Not applicable for this semester,MATRICULADO(A),MATRICULADO(A),MATRICULADO(A),MATRICULADO(A),198,0,0,13,13,Pending,,26,0,SATISFACTORIO,0,0,14.63,14.7,,14.6,B1,N/A,N/A,N/A,ESCALA DE INGRESOS,N/A,WIP,ALTA,"$1,500",16.7,0,,0,,2,1,,,,,,2,,,,,,NO HA INICIADO,4,B2,Sin información,Sin información,Sin información,Sin información,Sin información,Sin información,B1,,0,0,0,0,0,0,,0,0,0,0,0,0,,5,12,64,0,81,1,ALERTA ACADÉMICA,,,,,,,,,
SCHOLAR-04425F9E2C7E,PERÚ,Cohorte 2025,BECARIO(A) ACTIVO,Universidad de Ingeniería y Tecnología (UTEC),Ciencia de Datos,Segundo semestre,Scholar-04425F9E,2025-03,5,2029,2024,Secundaria,Secundaria,Masculino,Ninguno,,La Libertad,Lima,Pending,ESCALO,NO,Not applicable for this semester,Not applicable for this semester,MATRICULADO(A),MATRICULADO(A),MATRICULADO(A),MATRICULADO(A),201,0,0,20,26,Pending,,46,0,SATISFACTORIO,0,0,18.75,17.7,,18.8,B2,Puntaje IB,N/A,35,ESCALA DE INGRESOS,N/A,WIP,ALTA,"$1,500",19.3,0,,0,,0,0,,,,,,0,,,,,,NO HA INICIADO,4,B2,Sin información,Sin información,Sin información,Sin información,Sin información,Sin información,B2,,0,0,0,0,0,0,,0,0,0,0,0,0,,5,12,11,0,28,0,SIN ALERTAS,,,,,,,,,
SCHOLAR-D33A02509C86,PERÚ,Cohorte 2025,BECARIO(A) ACTIVO,Universidad de Ingeniería y Tecnología (UTEC),Ciencia de Datos,Segundo semestre,Scholar-D33A0250,2025-03,5,2029,2024,Técnico profesional,Secundaria,Masculino,Ninguno,,Lima,Lima,Pending,ESCALO,NO,Not applicable for this semester,Not applicable for this semester,MATRICULADO(A),MATRICULADO(A),MATRICULADO(A),MATRICULADO(A),201,0,0,20,22,Pending,,42,0,SATISFACTORIO,0,0,17.7,17.8,,17.7,B2,Puntaje IB,N/A,31,ESCALA DE INGRESOS,N/A,WIP,ALTA,"$1,500",19.3,0,,0,,0,0,,,,,,0,,,,,,NO HA INICIADO,4,B2,Sin información,Sin información,Sin información,Sin información,Sin información,Sin información,B2,,0,0,0,0,0,0,,0,0,0,0,0,0,,5,12,42,0,59,0,SIN ALERTAS,,,,,,,,,
SCHOLAR-D3D9CC25103A,PERÚ,Cohorte 2025,BECARIO(A) ACTIVO,Universidad de Ingeniería y Tecnología (UTEC),Ciencia de la Computación,Segundo semestre,Scholar-D3D9CC25,2025-03,5,2029,2024,Secundaria,Sin información,Masculino,Ninguno,,Arequipa,Lima,Pending,ESCALO,NO,Not applicable for this semester,Not applicable for this semester,MATRICULADO(A),MATRICULADO(A),MATRICULADO(A),MATRICULADO(A),198,0,0,13,15,Pending,,28,0,SATISFACTORIO,0,0,13.56,13.5,,13.6,A2,Puntaje IB,N/A,22,ESCALA DE INGRESOS,N/A,WIP,ALTA,"$1,500",17.3,0,,0,,2,1,,,,,,2,,,,,,NO HA INICIADO,4,B2,Sin información,Sin información,Sin información,Sin información,Sin información,Sin información,A2,,0,0,0,0,0,0,,0,0,0,0,0,0,,4,12,23,0,39,2,ALERTA ACADÉMICA Y PSICOSOCIAL,,,,,,,,,
SCHOLAR-D51BE5B4CA95,PERÚ,Cohorte 2025,DESERTOR(A),Universidad de Ingeniería y Tecnología (UTEC),Ciencia de la Computación,Primer semestre,Scholar-D51BE5B4,2025-03,Not applicable,,2024,Sin información,Sin información,Masculino,Ninguno,,Sin información,Lima,Pending,Not applicable,Not applicable,Not applicable for this semester,Not applicable for this semester,MATRICULADO(A),Not applicable for this semester,Not applicable for this semester,Not applicable for this semester,198,0,0,0,0,0,0,0,0,SATISFACTORIO,0,0,N/A,,,Pending,Not applicable,Puntaje IB,N/A,19,ESCALA DE INGRESOS,N/A,WIP,ALTA,"$1,500",PENDIENTE,0,,0,,0,,,,,,,0,,,,,,NO HA INICIADO,4,B2,Sin información,Sin información,Sin información,Sin información,Sin información,Sin información,Sin información,,0,0,0,0,0,0,,0,0,0,0,0,0,,0,2,0,0,2,1,ALERTA PSICOSOCIAL,,,,,,,,,
SCHOLAR-961181B4DAF1,PERÚ,Cohorte 2025,BECARIO(A) ACTIVO,Universidad de Ingeniería y Tecnología (UTEC),Ciencia de la Computación,Segundo semestre,Scholar-961181B4,2025-03,5,2029,2024,Sin información,Sin información,Masculino,Ninguno,,Lima,Lima,Pending,ESCALO,NO,Not applicable for this semester,Not applicable for this semester,MATRICULADO(A),MATRICULADO(A),MATRICULADO(A),MATRICULADO(A),198,0,0,20,20,Pending,,40,0,SATISFACTORIO,0,0,17.55,17.03,,17.6,Pending,Puntaje IB,N/A,36,ESCALA DE INGRESOS,N/A,WIP,ALTA,"$1,500",17.3,0,,0,,0,0,,,,,,0,,,,,,NO HA INICIADO,4,B2,Sin información,Sin información,Sin información,Sin información,Sin información,Sin información,#N/A,,0,0,0,0,0,0,,0,0,0,0,0,0,,5,12,0,0,17,0,SIN ALERTAS,,,,,,,,,
SCHOLAR-1086FB9AC7D4,PERÚ,Cohorte 2025,BECARIO(A) ACTIVO,Universidad de Ingeniería y Tecnología (UTEC),Ciencia de la Computación,Segundo semestre,Scholar-1086FB9A,2025-03,5,2029,2024,Secundaria,Secundaria,Masculino,Ninguno,,Lima,Lima,Pending,ESCALO,NO,Not applicable for this semester,Not applicable for this semester,MATRICULADO(A),MATRICULADO(A),MATRICULADO(A),MATRICULADO(A),198,0,0,20,20,Pending,,40,0,SATISFACTORIO,0,0,15.25,13.1,,15.3,A1,Puntaje IB,N/A,23,ESCALA DE INGRESOS,N/A,WIP,ALTA,"$1,500",18,0,,0,,0,0,,,,,,0,,,,,,NO HA INICIADO,4,B2,Sin información,Sin información,Sin información,Sin información,Sin información,Sin información,A1,,0,0,0,0,0,0,,0,0,0,0,0,0,,5,12,48,0,65,0,SIN ALERTAS,,,,,,,,,
SCHOLAR-6392EEAEA273,PERÚ,Cohorte 2025,BECARIO(A) ACTIVO,Universidad de Ingeniería y Tecnología (UTEC),Ciencia de la Computación,Segundo semestre,Scholar-6392EEAE,2025-03,5,2029,2024,Técnico profesional,Universitario,Masculino,Ninguno,,Ancash,Lima,Pending,ESCALO,NO,Not applicable for this semester,Not applicable for this semester,MATRICULADO(A),MATRICULADO(A),MATRICULADO(A),MATRICULADO(A),198,0,0,17,13,Pending,,30,0,SATISFACTORIO,0,0,14.94,15.06,,14.9,B1,Puntaje IB,N/A,23,ESCALA DE INGRESOS,N/A,WIP,ALTA,"$1,500",17.3,0,,0,,1,0,,,,,,1,,,,,,NO HA INICIADO,4,B2,Sin información,Sin información,Sin información,Sin información,Sin información,Sin información,B1,,0,0,0,0,0,0,,0,0,0,0,0,0,,5,15,52,0,72,2,ALERTA ACADÉMICA Y PSICOSOCIAL,,,,,,,,,
SCHOLAR-501E7442BCB5,PERÚ,Cohorte 2025,BECARIO(A) ACTIVO,Universidad de Ingeniería y Tecnología (UTEC),Ciencia de la Computación,Segundo semestre,Scholar-501E7442,2025-03,5,2029,2024,Secundaria,Secundaria,Masculino,Ninguno,,Junín,Lima,Pending,ESCALO,NO,Not applicable for this semester,Not applicable for this semester,MATRICULADO(A),MATRICULADO(A),MATRICULADO(A),MATRICULADO(A),198,0,0,20,20,Pending,,40,0,SATISFACTORIO,0,0,15.55,14.9,,15.6,Pending,Puntaje IB,N/A,28,ESCALA DE INGRESOS,N/A,WIP,ALTA,"$1,500",20,0,,0,,0,0,,,,,,0,,,,,,NO HA INICIADO,4,B2,Sin información,Sin información,Sin información,Sin información,Sin información,Sin información,#N/A,,0,0,0,0,0,0,,0,0,0,0,0,0,,5,12,54,0,71,1,ALERTA PSICOSOCIAL,,,,,,,,,
SCHOLAR-789CA47913E8,PERÚ,Cohorte 2025,BECARIO(A) ACTIVO,Universidad de Ingeniería y Tecnología (UTEC),Sistemas de Información,Segundo semestre,Scholar-789CA479,2025-03,5,2029,2024,Técnico profesional,Secundaria,Masculino,Ninguno,,Lima,Lima,Pending,ESCALO,NO,Not applicable for this semester,Not applicable for this semester,MATRICULADO(A),MATRICULADO(A),MATRICULADO(A),MATRICULADO(A),200,0,0,20,26,Pending,,46,0,SATISFACTORIO,0,0,18.05,18.9,,18.1,B1,Puntaje IB,N/A,34,ESCALA DE INGRESOS,N/A,WIP,ALTA,"$1,500",19.3,0,,0,,0,0,,,,,,0,,,,,,NO HA INICIADO,4,B2,Sin información,Sin información,Sin información,Sin información,Sin información,Sin información,B1,,0,0,0,0,0,0,,0,0,0,0,0,0,,5,12,14,0,31,0,SIN ALERTAS,,,,,,,,,
SCHOLAR-0F3F22D1FE39,PERÚ,Cohorte 2025,BECARIO(A) ACTIVO,Universidad de Ingeniería y Tecnología (UTEC),Ciencia de Datos,Segundo semestre,Scholar-0F3F22D1,2025-03,5,2029,2024,Primaria,Secundaria,Masculino,Ninguno,,Piura,Lima,Pending,ESCALO,NO,Not applicable for this semester,Not applicable for this semester,MATRICULADO(A),MATRICULADO(A),MATRICULADO(A),MATRICULADO(A),201,0,0,20,22,Pending,,42,0,SATISFACTORIO,0,0,17.25,16.4,,17.3,Pending,Puntaje IB,N/A,31,ESCALA DE INGRESOS,N/A,WIP,ALTA,"$1,500",15,0,,0,,0,0,,,,,,0,,,,,,NO HA INICIADO,4,B2,Sin información,Sin información,Sin información,Sin información,Sin información,Sin información,#N/A,,0,0,0,0,0,0,,0,0,0,0,0,0,,5,12,0,0,17,0,SIN ALERTAS,,,,,,,,,
SCHOLAR-DC747CFD5A62,PERÚ,Cohorte 2025,BECARIO(A) ACTIVO,Universidad de Ingeniería y Tecnología (UTEC),Ciencia de la Computación,Segundo semestre,Scholar-DC747CFD,2025-03,5,2029,2024,Secundaria,Secundaria,Masculino,Ninguno,,Arequipa,Lima,Pending,ESCALO,NO,Not applicable for this semester,Not applicable for this semester,MATRICULADO(A),MATRICULADO(A),MATRICULADO(A),MATRICULADO(A),198,0,0,20,20,Pending,,40,0,SATISFACTORIO,0,0,17.15,17.9,,17.2,B1,Puntaje IB,N/A,30,ESCALA DE INGRESOS,N/A,WIP,ALTA,"$1,500",19.3,0,,0,,0,0,,,,,,0,,,,,,NO HA INICIADO,4,B2,Sin información,Sin información,Sin información,Sin información,Sin información,Sin información,B1,,0,0,0,0,0,0,,0,0,0,0,0,0,,4,12,0,0,16,0,SIN ALERTAS,,,,,,,,,
SCHOLAR-BDBD545DA848,PERÚ,Cohorte 2025,BECARIO(A) ACTIVO,Universidad de Ingeniería y Tecnología (UTEC),Ciencia de la Computación,Segundo semestre,Scholar-BDBD545D,2025-03,5,2029,2024,Universitario,Secundaria,Masculino,Ninguno,,Lima,Lima,Pending,ESCALO,NO,Not applicable for this semester,Not applicable for this semester,MATRICULADO(A),MATRICULADO(A),MATRICULADO(A),MATRICULADO(A),198,0,0,20,20,Pending,,40,0,SATISFACTORIO,0,0,15.5,16.9,,15.5,Pending,Puntaje IB,N/A,25,ESCALA DE INGRESOS,N/A,WIP,ALTA,"$1,500",18,0,,0,,0,0,,,,,,0,,,,,,NO HA INICIADO,4,B2,Sin información,Sin información,Sin información,Sin información,Sin información,Sin información,#N/A,,0,0,0,0,0,0,,0,0,0,0,0,0,,5,12,54,0,71,0,SIN ALERTAS,,,,,,,,,
SCHOLAR-8994F7868A14,PERÚ,Cohorte 2025,BECARIO(A) ACTIVO,Universidad de Ingeniería y Tecnología (UTEC),Ciencia de Datos,Segundo semestre,Scholar-8994F786,2025-03,5,2029,2024,Secundaria,Universitario,Masculino,Ninguno,,Huánuco,Lima,Pending,ESCALO,NO,Not applicable for this semester,Not applicable for this semester,MATRICULADO(A),MATRICULADO(A),MATRICULADO(A),MATRICULADO(A),201,0,0,20,22,Pending,,42,0,SATISFACTORIO,0,0,17.5,17.2,,17.5,B1,Puntaje IB,N/A,28,ESCALA DE INGRESOS,N/A,WIP,ALTA,"$1,500",18,0,,0,,0,0,,,,,,0,,,,,,NO HA INICIADO,4,B2,Sin información,Sin información,Sin información,Sin información,Sin información,Sin información,B1,,0,0,0,0,0,0,,0,0,0,0,0,0,,5,12,0,0,17,0,SIN ALERTAS,,,,,,,,,
SCHOLAR-76FE709A58E2,PERÚ,Cohorte 2025,DESERTOR(A),Universidad de Ingeniería y Tecnología (UTEC),Ciencia de la Computación,Segundo semestre,Scholar-76FE709A,2025-03,Not applicable,,2024,Sin información,Sin información,Masculino,Ninguno,,Sin información,Lima,Pending,Not applicable,Not applicable,Not applicable for this semester,Not applicable for this semester,MATRICULADO(A),Not applicable for this semester,Not applicable for this semester,Not applicable for this semester,198,0,0,20,20,0,0,40,0,SATISFACTORIO,0,0,19.1,,,19.1,Not applicable,N/A,N/A,N/A,ESCALA DE INGRESOS,N/A,WIP,ALTA,"$1,500",PENDIENTE,0,,0,,0,,,,,,,0,,,,,,NO HA INICIADO,4,B2,Sin información,Sin información,Sin información,Sin información,Sin información,Sin información,Sin información,,0,0,0,0,0,0,,0,0,0,0,0,0,,4,12,23,0,39,0,SIN ALERTAS,,,,,,,,,
SCHOLAR-AA568987758D,PERÚ,Cohorte 2025,BECARIO(A) ACTIVO,Universidad de Ingeniería y Tecnología (UTEC),Ciencia de la Computación,Segundo semestre,Scholar-AA568987,2025-03,5,2029,2024,Técnico profesional,Técnico profesional,Masculino,Ninguno,,Ica,Lima,Pending,ESCALO,NO,Not applicable for this semester,Not applicable for this semester,MATRICULADO(A),MATRICULADO(A),MATRICULADO(A),MATRICULADO(A),198,0,0,20,20,Pending,,40,0,SATISFACTORIO,0,0,16.35,15.4,,16.4,Pending,N/A,N/A,N/A,ESCALA DE INGRESOS,N/A,WIP,ALTA,"$1,500",18.7,0,,0,,0,0,,,,,,0,,,,,,NO HA INICIADO,4,B2,Sin información,Sin información,Sin información,Sin información,Sin información,Sin información,#N/A,,0,0,0,0,0,0,,0,0,0,0,0,0,,5,12,4,0,21,0,SIN ALERTAS,,,,,,,,,
SCHOLAR-8C7E864C6100,PERÚ,Cohorte 2025,DESERTOR(A),Universidad de Ingeniería y Tecnología (UTEC),Ciencia de la Computación,Primer semestre,Scholar-8C7E864C,2025-03,Not applicable,,2024,Universitario,Universitario,Masculino,Ninguno,,Sin información,Lima,Pending,Not applicable,Not applicable,Not applicable for this semester,Not applicable for this semester,MATRICULADO(A),Not applicable for this semester,Not applicable for this semester,Not applicable for this semester,198,0,0,0,0,Pending,,0,0,SATISFACTORIO,0,0,0,,,0,Not applicable,Puntaje IB,N/A,14,ESCALA DE INGRESOS,N/A,WIP,ALTA,"$1,500",PENDIENTE,0,,0,,0,,,,,,,0,,,,,,NO HA INICIADO,4,B2,Sin información,Sin información,Sin información,Sin información,Sin información,Sin información,Sin información,,0,0,0,0,0,0,,0,0,0,0,0,0,,2,5,0,0,7,1,ALERTA ACADÉMICA,,,,,,,,,
SCHOLAR-74AC0A16AE6C,PERÚ,Cohorte 2025,BECARIO(A) ACTIVO,Universidad de Ingeniería y Tecnología (UTEC),Sistemas de Información,Segundo semestre,Scholar-74AC0A16,2025-03,5,2029,2024,Secundaria,Universitario,Masculino,Ninguno,,Lima,Lima,Pending,ESCALO,NO,Not applicable for this semester,Not applicable for this semester,MATRICULADO(A),MATRICULADO(A),MATRICULADO(A),MATRICULADO(A),200,0,0,20,23,Pending,,43,0,SATISFACTORIO,0,0,16.5,16.08,,16.5,Pending,Puntaje IB,N/A,30,ESCALA DE INGRESOS,N/A,WIP,ALTA,"$1,500",19,0,,0,,0,0,,,,,,0,,,,,,NO HA INICIADO,4,B2,Sin información,Sin información,Sin información,Sin información,Sin información,Sin información,#N/A,,0,0,0,0,0,0,,0,0,0,0,0,0,,5,12,0,0,17,0,SIN ALERTAS,,,,,,,,,
SCHOLAR-FC2EF93CB5BE,PERÚ,Cohorte 2025,BECARIO(A) ACTIVO,Universidad de Ingeniería y Tecnología (UTEC),Ciencia de la Computación,Segundo semestre,Scholar-FC2EF93C,2025-03,5,2029,2024,Técnico profesional,Secundaria,Masculino,Ninguno,,Ancash,Lima,Pending,ESCALO,NO,Not applicable for this semester,Not applicable for this semester,MATRICULADO(A),MATRICULADO(A),MATRICULADO(A),MATRICULADO(A),198,0,0,20,20,Pending,,40,0,SATISFACTORIO,0,0,16.5,17.4,,16.5,A1,Puntaje IB,N/A,24,ESCALA DE INGRESOS,N/A,WIP,ALTA,"$1,500",19,0,,0,,0,0,,,,,,0,,,,,,NO HA INICIADO,4,B2,Sin información,Sin información,Sin información,Sin información,Sin información,Sin información,A1,,0,0,0,0,0,0,,0,0,0,0,0,0,,5,12,10,0,27,0,SIN ALERTAS,,,,,,,,,
SCHOLAR-E737003FF083,COLOMBIA,Cohorte 2026,BECARIO(A) ACTIVO,Universidad EAFIT,Ingeniería de Sistemas,Segundo semestre,Scholar-E737003F,2026-01,4.5,2030,2025,Universitario,Especialización,Masculino,Ninguno,UNDER 18,Sucre,Antioquia,Vulnerabilidad moderada,FATV,NO,Not applicable for this semester,Not applicable for this semester,Not applicable for this semester,Not applicable for this semester,MATRICULADO(A),MATRICULADO(A),151,0,0,0,0,19,,19,0,SATISFACTORIO,0,0,0,0,4.7,,B2,Pruebas saber 11,419,N/A,SISBEN,B4,N/A,ALTA,"$1,684,800",PENDIENTE,0,,0,,0,0,,0,,,,,0,No requiere,NO,N/A,,,,,,,,,Sin información,Sin información,B2,,,,,,,,,,,,,,,,,,,,,,,,,,,,,,,
SCHOLAR-B45E35CA5B04,COLOMBIA,Cohorte 2026,BECARIO(A) ACTIVO,Universidad de Los Andes,Ciencia de Datos,Segundo semestre,Scholar-B45E35CA,2026-01,4,2029,2025,Universitario,Universitario,Masculino,Ninguno,UNDER 18,Cesar,Bogotá,Vulnerabilidad alta,FATV,NO,Not applicable for this semester,Not applicable for this semester,Not applicable for this semester,Not applicable for this semester,MATRICULADO(A),MATRICULADO(A),124,0,0,0,0,17,,17,0,SATISFACTORIO,0,0,0,0,4.33,,B2,Pruebas saber 11,388,N/A,SISBEN,A5,N/A,MEDIA,"$1,053,000",PENDIENTE,0,,0,,0,0,,0,,,,,0,No requiere,NO,N/A,,,,,,,,,Sin información,Sin información,B2,,,,,,,,,,,,,,,,,,,,,,,,,,,,,,,
SCHOLAR-E00880018BE6,COLOMBIA,Cohorte 2026,BECARIO(A) ACTIVO,Pontificia Universidad Javeriana,Ingeniería de Sistemas,Segundo semestre,Scholar-E0088001,2026-01,4,2029,2025,Universitario,Universitario,Masculino,Afrocolombiano(a),UNDER 18,Chocó,Bogotá,Vulnerabilidad moderada,FATV,NO,Not applicable for this semester,Not applicable for this semester,Not applicable for this semester,Not applicable for this semester,MATRICULADO(A),MATRICULADO(A),138,0,0,0,0,18,,18,0,SATISFACTORIO,0,0,0,0,4.3,,B2,Pruebas saber 11,363,N/A,SISBEN,B3,N/A,MEDIA,"$1,053,000",PENDIENTE,0,,0,,0,0,,0,,,,,0,No requiere,NO,N/A,,,,,,,,,Sin información,Sin información,B1,,,,,,,,,,,,,,,,,,,,,,,,,,,,,,,
SCHOLAR-4B880ED2C37E,COLOMBIA,Cohorte 2026,BECARIO(A) ACTIVO,Universidad de Los Andes,Ingeniería Sistemas y Computación,Segundo semestre,Scholar-4B880ED2,2026-01,4,2029,2025,Maestría,Maestría,Masculino,Ninguno,18-20,Cesar,Bogotá,Vulnerabilidad baja,FATV,NO,Not applicable for this semester,Not applicable for this semester,Not applicable for this semester,Not applicable for this semester,MATRICULADO(A),MATRICULADO(A),134,0,0,0,0,16,,16,0,SATISFACTORIO,0,0,0,0,4.15,,B2,Pruebas saber 11,387,N/A,SISBEN,C1,N/A,MEDIA,"$1,053,000",PENDIENTE,0,,0,,0,0,,0,,,,,0,No requiere,NO,N/A,,,,,,,,,Sin información,Sin información,B2,,,,,,,,,,,,,,,,,,,,,,,,,,,,,,,
SCHOLAR-2C8DC370941E,COLOMBIA,Cohorte 2026,BECARIO(A) ACTIVO,Pontificia Universidad Javeriana,Ingeniería de Sistemas,Segundo semestre,Scholar-2C8DC370,2026-01,4,2029,2025,Universitario,Maestría,Masculino,Ninguno,18-20,Boyacá,Bogotá,Vulnerabilidad moderada,FATV,NO,Not applicable for this semester,Not applicable for this semester,Not applicable for this semester,Not applicable for this semester,MATRICULADO(A),MATRICULADO(A),138,0,0,0,0,18,,18,0,SATISFACTORIO,0,0,0,0,3.9,,B1,Pruebas saber 11,420,N/A,SISBEN,B7,N/A,MEDIA,"$1,053,000",PENDIENTE,0,,0,,0,0,,0,,,,,0,No requiere,NO,N/A,,,,,,,,,Sin información,Sin información,B1,,,,,,,,,,,,,,,,,,,,,,,,,,,,,,,
SCHOLAR-D6C9FB2A4F73,COLOMBIA,Cohorte 2026,BECARIO(A) ACTIVO,Universidad de Los Andes,Ingeniería Sistemas y Computación,Segundo semestre,Scholar-D6C9FB2A,2026-01,4,2029,2025,Universitario,Secundaria,Masculino,Ninguno,UNDER 18,Norte de Santander,Bogotá,Vulnerabilidad moderada,FATV,NO,Not applicable for this semester,Not applicable for this semester,Not applicable for this semester,Not applicable for this semester,MATRICULADO(A),MATRICULADO(A),134,0,0,0,0,17,,17,0,SATISFACTORIO,0,0,0,0,4.59,,B1,Pruebas saber 11,413,N/A,SISBEN,B5,N/A,MEDIA,"$1,053,000",PENDIENTE,0,,0,,0,0,,0,,,,,0,No requiere,NO,N/A,,,,,,,,,Sin información,Sin información,C2,,,,,,,,,,,,,,,,,,,,,,,,,,,,,,,
SCHOLAR-A15C1AE2B6A9,COLOMBIA,Cohorte 2026,BECARIO(A) ACTIVO,Pontificia Universidad Javeriana,Ingeniería de Sistemas,Segundo semestre,Scholar-A15C1AE2,2026-01,4,2029,2025,Universitario,Secundaria,Masculino,Afrocolombiano(a),18-20,Bogotá,Bogotá,Vulnerabilidad alta,FATV,NO,Not applicable for this semester,Not applicable for this semester,Not applicable for this semester,Not applicable for this semester,MATRICULADO(A),MATRICULADO(A),138,0,0,0,0,12,,12,2,CRÍTICO,0,0,0,0,3.6,,A1,Pruebas saber 11,337,N/A,SISBEN,A3,N/A,BAJA,"$842,400",PENDIENTE,,,,,,,,2,,,,,2,Intersemestral y sobrecréditos,SÍ,4 semestres,,,,,,,,,Sin información,Sin información,#N/A,,,,,,,,,,,,,,,,,,,,,,,,,,,,,,,
SCHOLAR-A6C0C2B30D02,COLOMBIA,Cohorte 2026,BECARIO(A) ACTIVO,Universidad de Los Andes,Ingeniería Sistemas y Computación,Segundo semestre,Scholar-A6C0C2B3,2026-01,4,2029,2025,Universitario,Técnico profesional,Masculino,Indígena,UNDER 18,Córdoba,Bogotá,Vulnerabilidad moderada,FATV,NO,Not applicable for this semester,Not applicable for this semester,Not applicable for this semester,Not applicable for this semester,MATRICULADO(A),MATRICULADO(A),134,0,0,0,0,17,,17,1,REZAGADO(A),0,0,0,0,3.86,,A2,Pruebas saber 11,418,N/A,SISBEN,B4,N/A,MEDIA,"$1,053,000",PENDIENTE,,,,,,,,1,Rezagado por 1 materia cancelada o perdida,,,,1,Intersemestral,SÍ,2 semestres,,,,,,,,,Sin información,Sin información,A2,,,,,,,,,,,,,,,,,,,,,,,,,,,,,,,
SCHOLAR-EBE4F7E3443F,COLOMBIA,Cohorte 2026,BECARIO(A) ACTIVO,Universidad EAFIT,Ingeniería de Sistemas,Segundo semestre,Scholar-EBE4F7E3,2026-01,4.5,2030,2025,Técnico profesional,Sin información,Masculino,Mulato,18-20,Antioquia,Antioquia,Vulnerabilidad baja,FATV,NO,Not applicable for this semester,Not applicable for this semester,Not applicable for this semester,Not applicable for this semester,MATRICULADO(A),MATRICULADO(A),151,0,0,0,0,19,,19,0,SATISFACTORIO,0,0,0,0,4.2,,A2,Pruebas saber 11,344,N/A,SISBEN,C1,N/A,MEDIA,"$1,053,000",PENDIENTE,0,,0,,0,0,,0,,,,,0,No requiere,NO,N/A,,,,,,,,,Sin información,Sin información,A2,,,,,,,,,,,,,,,,,,,,,,,,,,,,,,,
SCHOLAR-C66A24F332FE,COLOMBIA,Cohorte 2026,BECARIO(A) ACTIVO,Universidad del Norte,Ingeniería Sistemas y Computación,Segundo semestre,Scholar-C66A24F3,2026-01,4.5,2030,2025,Tecnólogo,Universitario,Femenino,Afrocolombiano(a),UNDER 18,La Guajira,Atlántico,Vulnerabilidad alta,FATV,NO,Not applicable for this semester,Not applicable for this semester,Not applicable for this semester,Not applicable for this semester,MATRICULADO(A),MATRICULADO(A),155,0,0,0,0,15,,15,0,SATISFACTORIO,0,0,0,0,"3,69",,A1,Pruebas saber 11,411,N/A,SISBEN,A1,N/A,MEDIA,"$1,053,000",PENDIENTE,0,,0,,0,0,,0,,,,,0,No requiere,NO,N/A,,,,,,,,,Sin información,Sin información,A1,,,,,,,,,,,,,,,,,,,,,,,,,,,,,,,
SCHOLAR-4336817FE207,COLOMBIA,Cohorte 2026,BECARIO(A) ACTIVO,Universidad de Los Andes,Ciencia de Datos,Segundo semestre,Scholar-4336817F,2026-01,4,2029,2025,Doctorado,Técnico profesional,Masculino,Ninguno,18-20,Boyacá,Bogotá,Vulnerabilidad baja,FATV,NO,Not applicable for this semester,Not applicable for this semester,Not applicable for this semester,Not applicable for this semester,MATRICULADO(A),MATRICULADO(A),124,0,0,0,0,16,,16,1,REZAGADO(A),0,0,0,0,3.93,,B2,Pruebas saber 11,335,N/A,SISBEN,C2,N/A,BAJA,"$842,400",PENDIENTE,,,,,,,,1,Rezagado por 1 materia cancelada o perdida,,,,1,Intersemestral,SÍ,2 semestres,,,,,,,,,Sin información,Sin información,B2,,,,,,,,,,,,,,,,,,,,,,,,,,,,,,,
SCHOLAR-3F600267AF20,COLOMBIA,Cohorte 2026,BECARIO(A) ACTIVO,Universidad del Norte,Ingeniería Sistemas y Computación,Segundo semestre,Scholar-3F600267,2026-01,4.5,2030,2025,Técnico profesional,Técnico profesional,Femenino,Ninguno,UNDER 18,Sucre,Atlántico,Vulnerabilidad moderada,FATV,NO,Not applicable for this semester,Not applicable for this semester,Not applicable for this semester,Not applicable for this semester,MATRICULADO(A),MATRICULADO(A),155,0,0,0,0,15,,15,0,SATISFACTORIO,0,0,0,0,"4,44",,B2,Pruebas saber 11,402,N/A,SISBEN,B6,N/A,MEDIA,"$1,053,000",PENDIENTE,0,,0,,0,0,,0,,,,,0,No requiere,NO,N/A,,,,,,,,,Sin información,Sin información,B1,,,,,,,,,,,,,,,,,,,,,,,,,,,,,,,
SCHOLAR-7F665999BA7E,COLOMBIA,Cohorte 2026,BECARIO(A) ACTIVO,Universidad EAFIT,Ingeniería de Sistemas,Segundo semestre,Scholar-7F665999,2026-01,4.5,2030,2024,Secundaria,Primaria,Femenino,Ninguno,UNDER 18,Antioquia,Antioquia,Vulnerabilidad baja,FATV,NO,Not applicable for this semester,Not applicable for this semester,Not applicable for this semester,Not applicable for this semester,MATRICULADO(A),MATRICULADO(A),151,0,0,0,0,19,,19,0,SATISFACTORIO,0,0,0,0,4.6,,A1,Pruebas saber 11,425,N/A,SISBEN,C5,N/A,MEDIA,"$1,053,000",PENDIENTE,0,,0,,0,0,,0,,,,,0,No requiere,NO,N/A,,,,,,,,,Sin información,Sin información,A1,,,,,,,,,,,,,,,,,,,,,,,,,,,,,,,
SCHOLAR-4A80B62A83FB,COLOMBIA,Cohorte 2026,BECARIO(A) ACTIVO,Universidad del Norte,Ingeniería Sistemas y Computación,Segundo semestre,Scholar-4A80B62A,2026-01,4.5,2030,2025,Secundaria,Especialización,Masculino,Ninguno,18-20,Bolívar,Atlántico,Vulnerabilidad alta,FATV,NO,Not applicable for this semester,Not applicable for this semester,Not applicable for this semester,Not applicable for this semester,MATRICULADO(A),MATRICULADO(A),155,0,0,0,0,15,,15,0,SATISFACTORIO,0,0,0,0,"4,0",,A2,Pruebas saber 11,469,N/A,SISBEN,A3,N/A,MEDIA,"$1,053,000",PENDIENTE,0,,0,,0,0,,0,,,,,0,No requiere,NO,N/A,,,,,,,,,Sin información,Sin información,A2,,,,,,,,,,,,,,,,,,,,,,,,,,,,,,,
SCHOLAR-C32FF78A1345,COLOMBIA,Cohorte 2026,BECARIO(A) ACTIVO,Universidad EAFIT,Ingeniería de Sistemas,Segundo semestre,Scholar-C32FF78A,2026-01,4.5,2030,2025,Secundaria,Sin información,Masculino,Ninguno,18-20,Antioquia,Antioquia,Vulnerabilidad baja,FATV,NO,Not applicable for this semester,Not applicable for this semester,Not applicable for this semester,Not applicable for this semester,MATRICULADO(A),MATRICULADO(A),151,0,0,0,0,19,,19,0,SATISFACTORIO,0,0,0,0,4.6,,B1,Pruebas saber 11,358,N/A,SISBEN,C1,N/A,MEDIA,"$1,053,000",PENDIENTE,0,,0,,0,0,,0,,,,,0,No requiere,NO,N/A,,,,,,,,,Sin información,Sin información,B1,,,,,,,,,,,,,,,,,,,,,,,,,,,,,,,
SCHOLAR-95EBB748CD5C,COLOMBIA,Cohorte 2026,BECARIO(A) ACTIVO,Universidad del Norte,Ciencia de Datos,Segundo semestre,Scholar-95EBB748,2026-01,4.5,2030,2025,Universitario,Universitario,Masculino,Ninguno,UNDER 18,Sucre,Atlántico,Vulnerabilidad alta,FATV,NO,Not applicable for this semester,Not applicable for this semester,Not applicable for this semester,Not applicable for this semester,MATRICULADO(A),MATRICULADO(A),138,0,0,0,0,15,,15,0,SATISFACTORIO,0,0,0,0,"4,77",,B!,Pruebas saber 11,423,N/A,SISBEN,A5,N/A,MEDIA,"$1,053,000",PENDIENTE,0,,0,,0,0,,0,,,,,0,No requiere,NO,N/A,,,,,,,,,Sin información,Sin información,B1,,,,,,,,,,,,,,,,,,,,,,,,,,,,,,,
SCHOLAR-51D574D31127,COLOMBIA,Cohorte 2026,BECARIO(A) ACTIVO,Universidad EIA,Ingeniería de Sistemas,Segundo semestre,Scholar-51D574D3,2026-01,4,2029,2025,Secundaria,Primaria,Masculino,Ninguno,18-20,Antioquia,Antioquia,Vulnerabilidad baja,FATV,NO,Not applicable for this semester,Not applicable for this semester,Not applicable for this semester,Not applicable for this semester,MATRICULADO(A),MATRICULADO(A),144,0,0,0,0,18,,18,2,CRÍTICO,0,0,0,0,"3,4",,A1,Pruebas saber 11,317,N/A,SISBEN,C3,N/A,MEDIA,"$1,053,000",PENDIENTE,0,,0,,0,0,,0,,,,,0,No requiere,NO,N/A,,,,,,,,,Sin información,Sin información,B1,,,,,,,,,,,,,,,,,,,,,,,,,,,,,,,
SCHOLAR-41C9694D10B1,COLOMBIA,Cohorte 2026,BECARIO(A) ACTIVO,Universidad de Los Andes,Ingeniería Sistemas y Computación,Segundo semestre,Scholar-41C9694D,2026-01,4,2029,2024,Maestría,Maestría,Masculino,Ninguno,UNDER 18,Norte de Santander,Bogotá,Vulnerabilidad alta,FATV,NO,Not applicable for this semester,Not applicable for this semester,Not applicable for this semester,Not applicable for this semester,MATRICULADO(A),MATRICULADO(A),134,0,0,0,0,16,,16,0,SATISFACTORIO,0,0,0,0,4.47,,B1,Pruebas saber 11,392,N/A,SISBEN,A5,N/A,MEDIA,"$1,053,000",PENDIENTE,0,,0,,0,0,,0,,,,,0,No requiere,NO,N/A,,,,,,,,,Sin información,Sin información,B1,,,,,,,,,,,,,,,,,,,,,,,,,,,,,,,
SCHOLAR-9ADCC4F53F07,COLOMBIA,Cohorte 2026,BECARIO(A) ACTIVO,Universidad EIA,Ingeniería de Sistemas,Segundo semestre,Scholar-9ADCC4F5,2026-01,4,2029,2025,Universitario,Secundaria,Masculino,Ninguno,UNDER 18,Antioquia,Antioquia,Vulnerabilidad alta,FATV,NO,Not applicable for this semester,Not applicable for this semester,Not applicable for this semester,Not applicable for this semester,MATRICULADO(A),MATRICULADO(A),144,0,0,0,0,18,,18,0,SATISFACTORIO,0,0,0,0,"4,3",,B2,Pruebas saber 11,368,N/A,SISBEN,A4,N/A,MEDIA,"$1,053,000",PENDIENTE,0,,0,,0,0,,0,,,,,0,No requiere,NO,N/A,,,,,,,,,Sin información,Sin información,B1,,,,,,,,,,,,,,,,,,,,,,,,,,,,,,,
SCHOLAR-E63E69B15C1C,COLOMBIA,Cohorte 2026,BECARIO(A) ACTIVO,Universidad EAFIT,Ingeniería de Sistemas,Segundo semestre,Scholar-E63E69B1,2026-01,4.5,2030,2025,Secundaria,Sin información,Masculino,Ninguno,UNDER 18,Sucre,Antioquia,Vulnerabilidad alta,FATV,NO,Not applicable for this semester,Not applicable for this semester,Not applicable for this semester,Not applicable for this semester,MATRICULADO(A),MATRICULADO(A),151,0,0,0,0,19,,19,0,SATISFACTORIO,0,0,0,0,4.3,,B1,Pruebas saber 11,367,N/A,SISBEN,A3,N/A,ALTA,"$1,684,800",PENDIENTE,0,,0,,0,0,,0,,,,,0,No requiere,NO,N/A,,,,,,,,,Sin información,Sin información,B1,,,,,,,,,,,,,,,,,,,,,,,,,,,,,,,
SCHOLAR-BD79193EC1DB,COLOMBIA,Cohorte 2026,BECARIO(A) ACTIVO,Universidad EIA,Ingeniería de Sistemas,Segundo semestre,Scholar-BD79193E,2026-01,4,2029,2025,Técnico profesional,Secundaria,Masculino,Ninguno,UNDER 18,Antioquia,Antioquia,Vulnerabilidad baja,FATV,NO,Not applicable for this semester,Not applicable for this semester,Not applicable for this semester,Not applicable for this semester,MATRICULADO(A),MATRICULADO(A),144,0,0,0,0,18,,18,0,SATISFACTORIO,0,0,0,0,"4,2",,A1,Pruebas saber 11,359,N/A,SISBEN,C12,N/A,BAJA,"$842,400",PENDIENTE,0,,0,,0,0,,0,,,,,0,No requiere,NO,N/A,,,,,,,,,Sin información,Sin información,C1,,,,,,,,,,,,,,,,,,,,,,,,,,,,,,,
SCHOLAR-59E61207B8FC,COLOMBIA,Cohorte 2026,BECARIO(A) ACTIVO,Universidad de Los Andes,Ciencia de Datos,Segundo semestre,Scholar-59E61207,2026-01,4,2029,2025,Secundaria,Sin información,Masculino,Afrocolombiano(a),18-20,Cauca,Bogotá,Vulnerabilidad alta,FATV,NO,Not applicable for this semester,Not applicable for this semester,Not applicable for this semester,Not applicable for this semester,MATRICULADO(A),MATRICULADO(A),124,0,0,0,0,16,,16,1,REZAGADO(A),0,0,0,0,3.86,,Pending,Pruebas saber 11,425,N/A,SISBEN,A2,N/A,ALTA,"$1,684,800",PENDIENTE,,,,,,,,1,Rezagado por 1 materia cancelada o perdida,,,,1,Intersemestral,SÍ,2 semestres,,,,,,,,,Sin información,Sin información,A1,,,,,,,,,,,,,,,,,,,,,,,,,,,,,,,
SCHOLAR-FB79569254F5,COLOMBIA,Cohorte 2026,BECARIO(A) ACTIVO,Universidad de Los Andes,Ingeniería Sistemas y Computación,Segundo semestre,Scholar-FB795692,2026-01,4,2029,2025,Técnico profesional,Especialización,Masculino,Afrocolombiano(a),UNDER 18,Bogotá,Bogotá,Vulnerabilidad baja,FATV,NO,Not applicable for this semester,Not applicable for this semester,Not applicable for this semester,Not applicable for this semester,MATRICULADO(A),MATRICULADO(A),134,0,0,0,0,16,,16,0,SATISFACTORIO,0,0,0,0,4.41,,Pending,Pruebas saber 11,377,N/A,SISBEN,C1,N/A,BAJA,"$842,400",PENDIENTE,0,,0,,0,0,,0,,,,,0,No requiere,NO,N/A,,,,,,,,,Sin información,Sin información,A2,,,,,,,,,,,,,,,,,,,,,,,,,,,,,,,
SCHOLAR-571362519677,COLOMBIA,Cohorte 2026,BECARIO(A) ACTIVO,Universidad EAFIT,Ingeniería de Sistemas,Segundo semestre,Scholar-57136251,2026-01,4.5,2030,2025,Secundaria,Secundaria,Masculino,Ninguno,18-20,Antioquia,Antioquia,Vulnerabilidad baja,FATV,NO,Not applicable for this semester,Not applicable for this semester,Not applicable for this semester,Not applicable for this semester,MATRICULADO(A),MATRICULADO(A),151,0,0,0,0,19,,19,0,SATISFACTORIO,0,0,0,0,4.3,,Pending,Pruebas saber 11,321,N/A,SISBEN,C12,N/A,BAJA,"$842,400",PENDIENTE,0,,0,,0,0,,0,,,,,0,No requiere,NO,N/A,,,,,,,,,Sin información,Sin información,B1,,,,,,,,,,,,,,,,,,,,,,,,,,,,,,,
SCHOLAR-CA81132445FA,COLOMBIA,Cohorte 2026,BECARIO(A) ACTIVO,Universidad de Los Andes,Ingeniería Sistemas y Computación,Segundo semestre,Scholar-CA811324,2026-01,4,2029,2025,Universitario,Sin información,Masculino,Ninguno,UNDER 18,Bogotá,Bogotá,Vulnerabilidad baja,FATV,NO,Not applicable for this semester,Not applicable for this semester,Not applicable for this semester,Not applicable for this semester,MATRICULADO(A),MATRICULADO(A),134,0,0,0,0,16,,16,0,SATISFACTORIO,0,0,0,0,4.3,,A2,Pruebas saber 11,397,N/A,SISBEN,C4,N/A,BAJA,"$842,400",PENDIENTE,0,,0,,0,0,,0,,,,,0,No requiere,NO,N/A,,,,,,,,,Sin información,Sin información,B2,,,,,,,,,,,,,,,,,,,,,,,,,,,,,,,
SCHOLAR-9C0DAF60A5DF,COLOMBIA,Cohorte 2026,BECARIO(A) ACTIVO,Universidad del Norte,Ciencia de Datos,Segundo semestre,Scholar-9C0DAF60,2026-01,4.5,2030,2025,Universitario,Secundaria,Femenino,Raizal,18-20,Atlántico,Atlántico,Vulnerabilidad moderada,FATV,NO,Not applicable for this semester,Not applicable for this semester,Not applicable for this semester,Not applicable for this semester,MATRICULADO(A),MATRICULADO(A),138,0,0,0,0,18,,18,0,SATISFACTORIO,0,0,0,0,"4,69",,B2,Pruebas saber 11,392,N/A,SISBEN,B2,N/A,MEDIA,"$1,053,000",PENDIENTE,0,,0,,0,0,,0,,,,,0,No requiere,NO,N/A,,,,,,,,,Sin información,Sin información,C1,,,,,,,,,,,,,,,,,,,,,,,,,,,,,,,
SCHOLAR-1FE0F3F5A9F0,COLOMBIA,Cohorte 2026,BECARIO(A) ACTIVO,Universidad EAFIT,Ingeniería de Sistemas,Segundo semestre,Scholar-1FE0F3F5,2026-01,4.5,2030,2024,Secundaria,Primaria,Masculino,Ninguno,UNDER 18,Antioquia,Antioquia,Vulnerabilidad moderada,FATV,NO,Not applicable for this semester,Not applicable for this semester,Not applicable for this semester,Not applicable for this semester,MATRICULADO(A),MATRICULADO(A),151,0,0,0,0,19,,19,0,SATISFACTORIO,0,0,0,0,4,,Pending,Pruebas saber 11,362,N/A,SISBEN,B2,N/A,MEDIA,"$1,053,000",PENDIENTE,0,,0,,0,0,,0,,,,,0,No requiere,NO,N/A,,,,,,,,,Sin información,Sin información,B2,,,,,,,,,,,,,,,,,,,,,,,,,,,,,,,
SCHOLAR-6F2B28319EE3,COLOMBIA,Cohorte 2026,BECARIO(A) ACTIVO,Universidad EAFIT,Ingeniería de Sistemas,Segundo semestre,Scholar-6F2B2831,2026-01,4.5,2030,2025,Universitario,Universitario,Masculino,Ninguno,UNDER 18,Antioquia,Antioquia,Vulnerabilidad baja,FATV,NO,Not applicable for this semester,Not applicable for this semester,Not applicable for this semester,Not applicable for this semester,MATRICULADO(A),MATRICULADO(A),151,0,0,0,0,19,,19,0,SATISFACTORIO,0,0,0,0,4.8,,Pending,Pruebas saber 11,395,N/A,SISBEN,C12,N/A,BAJA,"$842,400",PENDIENTE,0,,0,,0,0,,0,,,,,0,No requiere,NO,N/A,,,,,,,,,Sin información,Sin información,C1,,,,,,,,,,,,,,,,,,,,,,,,,,,,,,,
SCHOLAR-66309B17C6CD,COLOMBIA,Cohorte 2026,BECARIO(A) ACTIVO,Universidad EAFIT,Ingeniería de Sistemas,Segundo semestre,Scholar-66309B17,2026-01,4.5,2030,2025,Tecnólogo,Sin información,Masculino,Ninguno,18-20,Antioquia,Antioquia,Vulnerabilidad moderada,FATV,NO,Not applicable for this semester,Not applicable for this semester,Not applicable for this semester,Not applicable for this semester,MATRICULADO(A),MATRICULADO(A),151,0,0,0,0,19,,19,0,SATISFACTORIO,0,0,0,0,4.6,,Pending,Pruebas saber 11,373,N/A,SISBEN,B5,N/A,MEDIA,"$1,053,000",PENDIENTE,0,,0,,0,0,,0,,,,,0,No requiere,NO,N/A,,,,,,,,,Sin información,Sin información,B2,,,,,,,,,,,,,,,,,,,,,,,,,,,,,,,
SCHOLAR-544518CE5618,COLOMBIA,Cohorte 2026,BECARIO(A) ACTIVO,Universidad de Los Andes,Ingeniería Sistemas y Computación,Segundo semestre,Scholar-544518CE,2026-01,4,2029,2025,Especialización,Ninguno,Femenino,Ninguno,UNDER 18,Bogotá,Bogotá,Vulnerabilidad moderada,FATV,NO,Not applicable for this semester,Not applicable for this semester,Not applicable for this semester,Not applicable for this semester,MATRICULADO(A),MATRICULADO(A),134,0,0,0,0,16,,16,0,SATISFACTORIO,0,0,0,0,4.74,,Pending,Pruebas saber 11,392,N/A,SISBEN,B4,N/A,MEDIA,"$1,053,000",PENDIENTE,0,,0,,0,0,,0,,,,,0,No requiere,NO,N/A,,,,,,,,,Sin información,Sin información,C1,,,,,,,,,,,,,,,,,,,,,,,,,,,,,,,
SCHOLAR-4E8E47BA2D06,COLOMBIA,Cohorte 2026,BECARIO(A) ACTIVO,Universidad EIA,Ingeniería de Sistemas,Segundo semestre,Scholar-4E8E47BA,2026-01,4,2029,2025,Secundaria,Primaria,Masculino,Ninguno,18-20,Antioquia,Antioquia,Vulnerabilidad baja,FATV,NO,Not applicable for this semester,Not applicable for this semester,Not applicable for this semester,Not applicable for this semester,MATRICULADO(A),MATRICULADO(A),144,0,0,0,0,18,,18,0,SATISFACTORIO,0,0,0,0,"4,4",,A1,Pruebas saber 11,339,N/A,SISBEN,C6,N/A,ALTA,"$1,684,800",PENDIENTE,0,,0,,0,0,,0,,,,,0,No requiere,NO,N/A,,,,,,,,,Sin información,Sin información,B1,,,,,,,,,,,,,,,,,,,,,,,,,,,,,,,
SCHOLAR-E07BF452E864,COLOMBIA,Cohorte 2026,BECARIO(A) ACTIVO,Universidad de Los Andes,Ciencia de Datos,Segundo semestre,Scholar-E07BF452,2026-01,4,2029,2025,Especialización,Especialización,Masculino,Ninguno,UNDER 18,Cesar,Bogotá,Vulnerabilidad alta,FATV,NO,Not applicable for this semester,Not applicable for this semester,Not applicable for this semester,Not applicable for this semester,MATRICULADO(A),MATRICULADO(A),124,0,0,0,0,18,,18,0,SATISFACTORIO,0,0,0,0,4.26,,B2,Pruebas saber 11,431,N/A,SISBEN,A5,N/A,ALTA,"$1,684,800",PENDIENTE,0,,0,,0,0,,0,,,,,0,No requiere,NO,N/A,,,,,,,,,Sin información,Sin información,C2,,,,,,,,,,,,,,,,,,,,,,,,,,,,,,,
SCHOLAR-7E60441A841C,COLOMBIA,Cohorte 2026,BECARIO(A) ACTIVO,Universidad del Norte,Ingeniería Sistemas y Computación,Segundo semestre,Scholar-7E60441A,2026-01,4.5,2030,2025,Técnico profesional,Universitario,Masculino,Ninguno,UNDER 18,Atlántico,Atlántico,Vulnerabilidad moderada,FATV,NO,Not applicable for this semester,Not applicable for this semester,Not applicable for this semester,Not applicable for this semester,MATRICULADO(A),MATRICULADO(A),155,0,0,0,0,15,,15,0,SATISFACTORIO,0,0,0,0,"4,12",,B2,Pruebas saber 11,390,N/A,SISBEN,B4,N/A,MEDIA,"$1,053,000",PENDIENTE,0,,0,,0,0,,0,,,,,0,No requiere,NO,N/A,,,,,,,,,Sin información,Sin información,B2,,,,,,,,,,,,,,,,,,,,,,,,,,,,,,,
SCHOLAR-29CD7490EDBD,COLOMBIA,Cohorte 2026,BECARIO(A) ACTIVO,Universidad de Los Andes,Ciencia de Datos,Segundo semestre,Scholar-29CD7490,2026-01,4,2029,2025,Universitario,Primaria,Masculino,Ninguno,UNDER 18,Bogotá,Bogotá,Vulnerabilidad moderada,FATV,NO,Not applicable for this semester,Not applicable for this semester,Not applicable for this semester,Not applicable for this semester,MATRICULADO(A),MATRICULADO(A),124,0,0,0,0,18,,18,2,CRÍTICO,0,0,0,0,3.39,,B1,Pruebas saber 11,375,N/A,SISBEN,B3,N/A,BAJA,"$842,400",PENDIENTE,0,,0,,0,0,,0,,,,,0,No requiere,NO,N/A,,,,,,,,,Sin información,Sin información,A2,,,,,,,,,,,,,,,,,,,,,,,,,,,,,,,
SCHOLAR-5E36C9F02378,COLOMBIA,Cohorte 2026,BECARIO(A) ACTIVO,Universidad EAFIT,Ingeniería de Sistemas,Segundo semestre,Scholar-5E36C9F0,2026-01,4.5,2030,2025,Universitario,Universitario,Masculino,Ninguno,18-20,Antioquia,Antioquia,Vulnerabilidad baja,FATV,NO,Not applicable for this semester,Not applicable for this semester,Not applicable for this semester,Not applicable for this semester,MATRICULADO(A),MATRICULADO(A),151,0,0,0,0,19,,19,0,SATISFACTORIO,0,0,0,0,4.7,,Pending,Pruebas saber 11,385,N/A,SISBEN,C2,N/A,MEDIA,"$1,053,000",PENDIENTE,0,,0,,0,0,,0,,,,,0,No requiere,NO,N/A,,,,,,,,,Sin información,Sin información,B2,,,,,,,,,,,,,,,,,,,,,,,,,,,,,,,
SCHOLAR-45C99CC4FEA5,COLOMBIA,Cohorte 2026,BECARIO(A) ACTIVO,Universidad EIA,Ciencia de Datos,Segundo semestre,Scholar-45C99CC4,2026-01,4,2029,2025,Tecnólogo,Universitario,Masculino,Ninguno,18-20,Antioquia,Antioquia,Vulnerabilidad moderada,FATV,NO,Not applicable for this semester,Not applicable for this semester,Not applicable for this semester,Not applicable for this semester,MATRICULADO(A),MATRICULADO(A),144,0,0,0,0,18,,18,0,SATISFACTORIO,0,0,0,0,"3,8",,A1,Pruebas saber 11,343,N/A,SISBEN,B6,N/A,MEDIA,"$1,053,000",PENDIENTE,0,,0,,0,0,,0,,,,,0,No requiere,NO,N/A,,,,,,,,,Sin información,Sin información,B2,,,,,,,,,,,,,,,,,,,,,,,,,,,,,,,
SCHOLAR-4415C2A714FC,COLOMBIA,Cohorte 2026,BECARIO(A) ACTIVO,Pontificia Universidad Javeriana,Ingeniería de Sistemas,Segundo semestre,Scholar-4415C2A7,2026-01,4,2029,2025,Técnico profesional,Sin información,Femenino,Ninguno,UNDER 18,Bogotá,Bogotá,Vulnerabilidad baja,FATV,NO,Not applicable for this semester,Not applicable for this semester,Not applicable for this semester,Not applicable for this semester,MATRICULADO(A),MATRICULADO(A),138,0,0,0,0,18,,18,1,REZAGADO(A),0,0,0,0,3.4,,A1,Pruebas saber 11,335,N/A,SISBEN,C7,N/A,BAJA,"$842,400",PENDIENTE,0,,0,,0,0,,0,Rezagado por 1 materia cancelada o perdida,,,,0,No requiere,NO,N/A,,,,,,,,,Sin información,Sin información,A1,,,,,,,,,,,,,,,,,,,,,,,,,,,,,,,
SCHOLAR-27FF2211FD82,COLOMBIA,Cohorte 2026,BECARIO(A) ACTIVO,Universidad Icesi,Ingeniería de Sistemas,Segundo semestre,Scholar-27FF2211,2026-01,Not applicable,2030,2025,Tecnólogo,Sin información,Masculino,Ninguno,UNDER 18,Quindio,Valle del Cauca,Vulnerabilidad alta,FATV,NO,Not applicable for this semester,Not applicable for this semester,Not applicable for this semester,Not applicable for this semester,MATRICULADO(A),MATRICULADO(A),144,0,0,0,0,13,,13,0,SATISFACTORIO,0,0,0,0,"4,6",,B2,Pruebas saber 11,417,N/A,SISBEN,A2,N/A,ALTA,"$1,684,800",PENDIENTE,0,,0,,0,0,,0,,,,,0,No requiere,NO,N/A,,,,,,,,,Sin información,Sin información,C1,,,,,,,,,,,,,,,,,,,,,,,,,,,,,,,
SCHOLAR-2682C8E95D2D,COLOMBIA,Cohorte 2026,BECARIO(A) ACTIVO,Universidad EIA,Ingeniería de Sistemas,Segundo semestre,Scholar-2682C8E9,2026-01,4,2029,2025,Primaria,Primaria,Masculino,Ninguno,UNDER 18,Antioquia,Antioquia,Vulnerabilidad baja,FATV,NO,Not applicable for this semester,Not applicable for this semester,Not applicable for this semester,Not applicable for this semester,MATRICULADO(A),MATRICULADO(A),144,0,0,0,0,18,,18,0,SATISFACTORIO,0,0,0,0,"3,9",,B2,Pruebas saber 11,338,N/A,SISBEN,C12,N/A,BAJA,"$842,400",PENDIENTE,0,,0,,0,0,,0,,,,,0,No requiere,NO,N/A,,,,,,,,,Sin información,Sin información,B1,,,,,,,,,,,,,,,,,,,,,,,,,,,,,,,
SCHOLAR-9AA9F72DF22E,COLOMBIA,Cohorte 2026,BECARIO(A) ACTIVO,Universidad EAFIT,Ingeniería de Sistemas,Segundo semestre,Scholar-9AA9F72D,2026-01,4.5,2030,2025,Sin información,Secundaria,Femenino,Ninguno,18-20,Antioquia,Antioquia,Vulnerabilidad baja,FATV,NO,Not applicable for this semester,Not applicable for this semester,Not applicable for this semester,Not applicable for this semester,MATRICULADO(A),MATRICULADO(A),151,0,0,0,0,19,,19,0,SATISFACTORIO,0,0,0,0,4.1,,Pending,Pruebas saber 11,304,N/A,SISBEN,C12,N/A,BAJA,"$842,400",PENDIENTE,0,,0,,0,0,,0,,,,,0,No requiere,NO,N/A,,,,,,,,,Sin información,Sin información,A1,,,,,,,,,,,,,,,,,,,,,,,,,,,,,,,
SCHOLAR-6A4C7D339FA3,COLOMBIA,Cohorte 2026,BECARIO(A) ACTIVO,Universidad del Norte,Ingeniería Sistemas y Computación,Segundo semestre,Scholar-6A4C7D33,2026-01,4.5,2030,2025,Universitario,Universitario,Masculino,Ninguno,UNDER 18,Bolívar,Atlántico,Vulnerabilidad moderada,FATV,NO,Not applicable for this semester,Not applicable for this semester,Not applicable for this semester,Not applicable for this semester,MATRICULADO(A),MATRICULADO(A),155,0,0,0,0,15,,15,0,SATISFACTORIO,0,0,0,0,"4,56",,B2,Pruebas saber 11,419,N/A,SISBEN,B4,N/A,ALTA,"$1,684,800",PENDIENTE,0,,0,,0,0,,0,,,,,0,No requiere,NO,N/A,,,,,,,,,Sin información,Sin información,B2,,,,,,,,,,,,,,,,,,,,,,,,,,,,,,,
SCHOLAR-04684F12FF44,COLOMBIA,Cohorte 2026,BECARIO(A) ACTIVO,Universidad EIA,Ciencia de Datos,Segundo semestre,Scholar-04684F12,2026-01,4,2029,2024,Ninguno,Ninguno,Masculino,Ninguno,18-20,Magdalena,Antioquia,Vulnerabilidad moderada,FATV,NO,Not applicable for this semester,Not applicable for this semester,Not applicable for this semester,Not applicable for this semester,MATRICULADO(A),MATRICULADO(A),144,0,0,0,0,18,,18,0,SATISFACTORIO,0,0,0,0,"3,9",,A1,Pruebas saber 11,363,N/A,SISBEN,B3,N/A,ALTA,"$1,684,800",PENDIENTE,0,,0,,0,0,,0,,,,,0,No requiere,NO,N/A,,,,,,,,,Sin información,Sin información,A1,,,,,,,,,,,,,,,,,,,,,,,,,,,,,,,
SCHOLAR-9DE424CD7678,COLOMBIA,Cohorte 2026,BECARIO(A) ACTIVO,Universidad EAFIT,Ingeniería de Sistemas,Segundo semestre,Scholar-9DE424CD,2026-01,4.5,2030,2025,Tecnólogo,Universitario,Masculino,Ninguno,UNDER 18,Antioquia,Antioquia,Vulnerabilidad baja,FATV,NO,Not applicable for this semester,Not applicable for this semester,Not applicable for this semester,Not applicable for this semester,MATRICULADO(A),MATRICULADO(A),151,0,0,0,0,19,,19,0,SATISFACTORIO,0,0,0,0,4.5,,Pending,Pruebas saber 11,378,N/A,SISBEN,C16,N/A,BAJA,"$842,400",PENDIENTE,0,,0,,0,0,,0,,,,,0,No requiere,NO,N/A,,,,,,,,,Sin información,Sin información,C2,,,,,,,,,,,,,,,,,,,,,,,,,,,,,,,
SCHOLAR-6F218ED00B12,COLOMBIA,Cohorte 2026,BECARIO(A) ACTIVO,Universidad EAFIT,Ingeniería de Sistemas,Segundo semestre,Scholar-6F218ED0,2026-01,4.5,2030,2025,Maestría,Especialización,Femenino,Afrocolombiano(a),UNDER 18,Chocó,Antioquia,Vulnerabilidad moderada,FATV,NO,Not applicable for this semester,Not applicable for this semester,Not applicable for this semester,Not applicable for this semester,MATRICULADO(A),MATRICULADO(A),151,0,0,0,0,19,,19,1,REZAGADO(A),0,0,0,0,4.2,,Pending,Pruebas saber 11,329,N/A,SISBEN,B7,N/A,ALTA,"$1,684,800",PENDIENTE,,,,,,,,1,Rezagado por 1 materia cancelada o perdida,,,,1,Sobrecréditos,SÍ,2 semestres,,,,,,,,,Sin información,Sin información,B1,,,,,,,,,,,,,,,,,,,,,,,,,,,,,,,
SCHOLAR-63CFB09AFD43,COLOMBIA,Cohorte 2026,BECARIO(A) ACTIVO,Universidad EIA,Ingeniería de Sistemas,Segundo semestre,Scholar-63CFB09A,2026-01,4,2029,2025,Secundaria,Primaria,Masculino,Ninguno,UNDER 18,Antioquia,Antioquia,Vulnerabilidad moderada,FATV,NO,Not applicable for this semester,Not applicable for this semester,Not applicable for this semester,Not applicable for this semester,MATRICULADO(A),MATRICULADO(A),144,0,0,0,0,18,,18,2,CRÍTICO,0,0,0,0,"3,6",,A1,Pruebas saber 11,330,N/A,SISBEN,B3,N/A,ALTA,"$1,684,800",PENDIENTE,,,,,,,,2,,,,,2,Intersemestral,SÍ,4 semestres,,,,,,,,,Sin información,Sin información,A2,,,,,,,,,,,,,,,,,,,,,,,,,,,,,,,
SCHOLAR-0D6EFF02F37B,COLOMBIA,Cohorte 2026,BECARIO(A) ACTIVO,Universidad del Norte,Ciencia de Datos,Segundo semestre,Scholar-0D6EFF02,2026-01,4.5,2030,2025,Universitario,Especialización,Masculino,Ninguno,UNDER 18,Bolívar,Atlántico,Vulnerabilidad moderada,FATV,NO,Not applicable for this semester,Not applicable for this semester,Not applicable for this semester,Not applicable for this semester,MATRICULADO(A),MATRICULADO(A),138,0,0,0,0,18,,18,0,SATISFACTORIO,0,0,0,0,"4,74",,B2,Pruebas saber 11,407,N/A,SISBEN,B4,N/A,ALTA,"$1,684,800",PENDIENTE,0,,0,,0,0,,0,,,,,0,No requiere,NO,N/A,,,,,,,,,Sin información,Sin información,B2,,,,,,,,,,,,,,,,,,,,,,,,,,,,,,,
SCHOLAR-156672C762DF,COLOMBIA,Cohorte 2026,BECARIO(A) ACTIVO,Universidad del Norte,Ciencia de Datos,Segundo semestre,Scholar-156672C7,2026-01,4.5,2030,2024,Universitario,Universitario,Femenino,Ninguno,18-20,Atlántico,Atlántico,Vulnerabilidad alta,FATV,NO,Not applicable for this semester,Not applicable for this semester,Not applicable for this semester,Not applicable for this semester,MATRICULADO(A),MATRICULADO(A),138,0,0,0,0,18,,18,0,SATISFACTORIO,0,0,0,0,"4,38",,B2,Pruebas saber 11,399,N/A,SISBEN,A3,N/A,MEDIA,"$1,053,000",PENDIENTE,0,,0,,0,0,,0,,,,,0,No requiere,NO,N/A,,,,,,,,,Sin información,Sin información,B2,,,,,,,,,,,,,,,,,,,,,,,,,,,,,,,
SCHOLAR-67ED62331A10,COLOMBIA,Cohorte 2026,BECARIO(A) ACTIVO,Universidad de Los Andes,Ciencia de Datos,Segundo semestre,Scholar-67ED6233,2026-01,4,2029,2025,Maestría,Secundaria,Femenino,Ninguno,UNDER 18,Bogotá,Bogotá,Vulnerabilidad alta,FATV,NO,Not applicable for this semester,Not applicable for this semester,Not applicable for this semester,Not applicable for this semester,MATRICULADO(A),MATRICULADO(A),124,0,0,0,0,16,,16,0,SATISFACTORIO,0,0,0,0,4.33,,B1,Pruebas saber 11,379,N/A,SISBEN,A4,N/A,MEDIA,"$1,053,000",PENDIENTE,0,,0,,0,0,,0,,,,,0,No requiere,NO,N/A,,,,,,,,,Sin información,Sin información,B1,,,,,,,,,,,,,,,,,,,,,,,,,,,,,,,
SCHOLAR-E08606C4F71C,COLOMBIA,Cohorte 2026,BECARIO(A) ACTIVO,Universidad EAFIT,Ingeniería de Sistemas,Segundo semestre,Scholar-E08606C4,2026-01,4.5,2030,2025,Universitario,Sin información,Masculino,Afrocolombiano(a),18-20,Antioquia,Antioquia,Vulnerabilidad alta,FATV,NO,Not applicable for this semester,Not applicable for this semester,Not applicable for this semester,Not applicable for this semester,MATRICULADO(A),MATRICULADO(A),151,0,0,0,0,19,,19,0,SATISFACTORIO,0,0,0,0,4.4,,Pending,Pruebas saber 11,367,N/A,SISBEN,A5,N/A,MEDIA,"$1,053,000",PENDIENTE,0,,0,,0,0,,0,,,,,0,No requiere,NO,N/A,,,,,,,,,Sin información,Sin información,B1,,,,,,,,,,,,,,,,,,,,,,,,,,,,,,,
SCHOLAR-9B08957EF9D2,COLOMBIA,Cohorte 2026,BECARIO(A) ACTIVO,Universidad de Los Andes,Ingeniería Sistemas y Computación,Segundo semestre,Scholar-9B08957E,2026-01,4,2029,2025,Universitario,Universitario,Masculino,Ninguno,UNDER 18,Norte de Santander,Bogotá,Vulnerabilidad baja,FATV,NO,Not applicable for this semester,Not applicable for this semester,Not applicable for this semester,Not applicable for this semester,MATRICULADO(A),MATRICULADO(A),134,0,0,0,0,16,,16,1,REZAGADO(A),0,0,0,0,4,,B1,Pruebas saber 11,400,N/A,SISBEN,C7,N/A,ALTA,"$1,684,800",PENDIENTE,,,,,,,,1,Rezagado por 1 materia cancelada o perdida,,,,1,Sobrecréditos,SÍ,2 semestres,,,,,,,,,Sin información,Sin información,A2,,,,,,,,,,,,,,,,,,,,,,,,,,,,,,,
SCHOLAR-D8DB9DF1DFD3,COLOMBIA,Cohorte 2026,BECARIO(A) ACTIVO,Universidad Icesi,Ingeniería de Sistemas,Segundo semestre,Scholar-D8DB9DF1,2026-01,Not applicable,2030,2025,Primaria,Primaria,Femenino,Ninguno,UNDER 18,Norte de Santander,Valle del Cauca,Vulnerabilidad alta,FATV,NO,Not applicable for this semester,Not applicable for this semester,Not applicable for this semester,Not applicable for this semester,MATRICULADO(A),MATRICULADO(A),144,0,0,0,0,13,,13,0,SATISFACTORIO,0,0,0,0,"4,1",,A1,Pruebas saber 11,354,N/A,SISBEN,A5,N/A,ALTA,"$1,684,800",PENDIENTE,0,,0,,0,0,,0,,,,,0,No requiere,NO,N/A,,,,,,,,,Sin información,Sin información,A1,,,,,,,,,,,,,,,,,,,,,,,,,,,,,,,
SCHOLAR-22D5A0051EB0,COLOMBIA,Cohorte 2026,BECARIO(A) ACTIVO,Universidad EAFIT,Ingeniería de Sistemas,Segundo semestre,Scholar-22D5A005,2026-01,4.5,2030,2024,Universitario,Secundaria,Masculino,Ninguno,18-20,Antioquia,Antioquia,Vulnerabilidad baja,FATV,NO,Not applicable for this semester,Not applicable for this semester,Not applicable for this semester,Not applicable for this semester,MATRICULADO(A),MATRICULADO(A),151,0,0,0,0,19,,19,0,SATISFACTORIO,0,0,0,0,4.1,,Pending,Pruebas saber 11,354,N/A,SISBEN,C12,N/A,BAJA,"$842,400",PENDIENTE,0,,0,,0,0,,0,,,,,0,No requiere,NO,N/A,,,,,,,,,Sin información,Sin información,B2,,,,,,,,,,,,,,,,,,,,,,,,,,,,,,,
SCHOLAR-214BF9392549,COLOMBIA,Cohorte 2026,BECARIO(A) ACTIVO,Universidad EIA,Ingeniería de Sistemas,Segundo semestre,Scholar-214BF939,2026-01,4,2029,2025,Secundaria,Secundaria,Masculino,Ninguno,18-20,Antioquia,Antioquia,Vulnerabilidad moderada,FATV,NO,Not applicable for this semester,Not applicable for this semester,Not applicable for this semester,Not applicable for this semester,MATRICULADO(A),MATRICULADO(A),144,0,0,0,0,18,,18,0,SATISFACTORIO,0,0,0,0,"3,8",,A1,Pruebas saber 11,337,N/A,SISBEN,B3,N/A,BAJA,"$842,400",PENDIENTE,0,,0,,0,0,,0,,,,,0,No requiere,NO,N/A,,,,,,,,,Sin información,Sin información,A1,,,,,,,,,,,,,,,,,,,,,,,,,,,,,,,
SCHOLAR-62D8496A04E9,COLOMBIA,Cohorte 2026,BECARIO(A) ACTIVO,Universidad Icesi,Ingeniería de Sistemas,Segundo semestre,Scholar-62D8496A,2026-01,Not applicable,2030,2025,Secundaria,Secundaria,Masculino,Ninguno,18-20,Valle del Cauca,Valle del Cauca,Vulnerabilidad moderada,FATV,NO,Not applicable for this semester,Not applicable for this semester,Not applicable for this semester,Not applicable for this semester,MATRICULADO(A),MATRICULADO(A),144,0,0,0,0,13,,13,0,SATISFACTORIO,0,0,0,0,"4,4",,A2,Pruebas saber 11,362,N/A,SISBEN,B2,N/A,MEDIA,"$1,053,000",PENDIENTE,0,,0,,0,0,,0,,,,,0,No requiere,NO,N/A,,,,,,,,,Sin información,Sin información,A2,,,,,,,,,,,,,,,,,,,,,,,,,,,,,,,
SCHOLAR-F9534C85CC86,COLOMBIA,Cohorte 2026,BECARIO(A) ACTIVO,Universidad EAFIT,Ingeniería de Sistemas,Segundo semestre,Scholar-F9534C85,2026-01,4.5,2030,2024,Tecnólogo,Sin información,Masculino,Ninguno,UNDER 18,Antioquia,Antioquia,Vulnerabilidad baja,FATV,NO,Not applicable for this semester,Not applicable for this semester,Not applicable for this semester,Not applicable for this semester,MATRICULADO(A),MATRICULADO(A),151,0,0,0,0,19,,19,0,SATISFACTORIO,0,0,0,0,4.4,,Pending,Pruebas saber 11,370,N/A,SISBEN,C4,N/A,BAJA,"$842,400",PENDIENTE,0,,0,,0,0,,0,,,,,0,No requiere,NO,N/A,,,,,,,,,Sin información,Sin información,B2,,,,,,,,,,,,,,,,,,,,,,,,,,,,,,,
SCHOLAR-FF4FD3F86085,COLOMBIA,Cohorte 2026,BECARIO(A) ACTIVO,Universidad del Norte,Ingeniería Sistemas y Computación,Segundo semestre,Scholar-FF4FD3F8,2026-01,4.5,2030,2025,Universitario,Universitario,Masculino,Ninguno,18-20,Atlántico,Atlántico,Vulnerabilidad moderada,FATV,NO,Not applicable for this semester,Not applicable for this semester,Not applicable for this semester,Not applicable for this semester,MATRICULADO(A),MATRICULADO(A),155,0,0,0,0,16,,16,0,SATISFACTORIO,0,0,0,0,"4,15",,B2,Pruebas saber 11,405,N/A,SISBEN,B2,N/A,MEDIA,"$1,053,000",PENDIENTE,0,,0,,0,0,,0,,,,,0,No requiere,NO,N/A,,,,,,,,,Sin información,Sin información,C1,,,,,,,,,,,,,,,,,,,,,,,,,,,,,,,
SCHOLAR-6E7210F34B1F,COLOMBIA,Cohorte 2026,BECARIO(A) ACTIVO,Universidad EIA,Ingeniería de Sistemas,Segundo semestre,Scholar-6E7210F3,2026-01,4,2029,2025,Especialización,Especialización,Femenino,Ninguno,UNDER 18,Antioquia,Antioquia,Vulnerabilidad moderada,FATV,NO,Not applicable for this semester,Not applicable for this semester,Not applicable for this semester,Not applicable for this semester,MATRICULADO(A),MATRICULADO(A),144,0,0,0,0,18,,18,0,SATISFACTORIO,0,0,0,0,"3,9",,A1,Pruebas saber 11,394,N/A,SISBEN,B2,N/A,ALTA,"$1,684,800",PENDIENTE,0,,0,,0,0,,0,,,,,0,No requiere,NO,N/A,,,,,,,,,Sin información,Sin información,B1,,,,,,,,,,,,,,,,,,,,,,,,,,,,,,,
SCHOLAR-D89E0A7683D5,COLOMBIA,Cohorte 2026,BECARIO(A) ACTIVO,Universidad EIA,Ingeniería de Sistemas,Segundo semestre,Scholar-D89E0A76,2026-01,4,2029,2024,Secundaria,Técnico profesional,Masculino,Ninguno,18-20,Antioquia,Antioquia,Vulnerabilidad baja,FATV,NO,Not applicable for this semester,Not applicable for this semester,Not applicable for this semester,Not applicable for this semester,MATRICULADO(A),MATRICULADO(A),144,0,0,0,0,18,,18,0,SATISFACTORIO,0,0,0,0,"4,2",,A1,Pruebas saber 11,337,N/A,SISBEN,C6,N/A,MEDIA,"$1,053,000",PENDIENTE,0,,0,,0,0,,0,,,,,0,No requiere,NO,N/A,,,,,,,,,Sin información,Sin información,B1,,,,,,,,,,,,,,,,,,,,,,,,,,,,,,,
SCHOLAR-CB43BB750D92,COLOMBIA,Cohorte 2026,BECARIO(A) ACTIVO,Universidad EAFIT,Ingeniería de Sistemas,Segundo semestre,Scholar-CB43BB75,2026-01,4.5,2030,2024,Secundaria,Técnico profesional,Masculino,Ninguno,18-20,Antioquia,Antioquia,Vulnerabilidad baja,FATV,NO,Not applicable for this semester,Not applicable for this semester,Not applicable for this semester,Not applicable for this semester,MATRICULADO(A),MATRICULADO(A),151,0,0,0,0,19,,19,0,SATISFACTORIO,0,0,0,0,4.8,,Pending,Pruebas saber 11,400,N/A,SISBEN,C13,N/A,BAJA,"$842,400",PENDIENTE,0,,0,,0,0,,0,,,,,0,No requiere,NO,N/A,,,,,,,,,Sin información,Sin información,B1,,,,,,,,,,,,,,,,,,,,,,,,,,,,,,,
SCHOLAR-CF131BA3BF56,COLOMBIA,Cohorte 2026,BECARIO(A) ACTIVO,Universidad de Los Andes,Ingeniería Sistemas y Computación,Segundo semestre,Scholar-CF131BA3,2026-01,4,2029,2025,Primaria,Ninguno,Femenino,Indígena,UNDER 18,Sucre,Bogotá,Vulnerabilidad alta,FATV,NO,Not applicable for this semester,Not applicable for this semester,Not applicable for this semester,Not applicable for this semester,MATRICULADO(A),MATRICULADO(A),134,0,0,0,0,16,,16,0,SATISFACTORIO,0,0,0,0,4.34,,Pending,Pruebas saber 11,378,N/A,SISBEN,A4,N/A,ALTA,"$1,684,800",PENDIENTE,0,,0,,0,0,,0,,,,,0,No requiere,NO,N/A,,,,,,,,,Sin información,Sin información,B1,,,,,,,,,,,,,,,,,,,,,,,,,,,,,,,
SCHOLAR-D7A45779ECCB,COLOMBIA,Cohorte 2026,BECARIO(A) ACTIVO,Universidad EAFIT,Ingeniería de Sistemas,Segundo semestre,Scholar-D7A45779,2026-01,4.5,2030,2025,Secundaria,Secundaria,Femenino,Ninguno,18-20,Valle del Cauca,Antioquia,Vulnerabilidad alta,FATV,NO,Not applicable for this semester,Not applicable for this semester,Not applicable for this semester,Not applicable for this semester,MATRICULADO(A),MATRICULADO(A),151,0,0,0,0,19,,19,0,SATISFACTORIO,0,0,0,0,4.4,,Pending,Pruebas saber 11,390,N/A,SISBEN,A5,N/A,ALTA,"$1,684,800",PENDIENTE,0,,0,,0,0,,0,,,,,0,No requiere,NO,N/A,,,,,,,,,Sin información,Sin información,B2,,,,,,,,,,,,,,,,,,,,,,,,,,,,,,,
SCHOLAR-CEA4A99CC6DF,COLOMBIA,Cohorte 2026,BECARIO(A) ACTIVO,Universidad Icesi,Ingeniería de Sistemas,Segundo semestre,Scholar-CEA4A99C,2026-01,Not applicable,2030,2025,Secundaria,Primaria,Masculino,Afrocolombiano(a),18-20,Valle del Cauca,Valle del Cauca,Vulnerabilidad alta,FATV,NO,Not applicable for this semester,Not applicable for this semester,Not applicable for this semester,Not applicable for this semester,MATRICULADO(A),MATRICULADO(A),144,0,0,0,0,13,,13,1,REZAGADO(A),0,0,0,0,"4,0",,A1,Pruebas saber 11,#N/A,N/A,SISBEN,A5,N/A,ALTA,"$1,684,800",PENDIENTE,,,,,,,,1,Rezagado por 1 materia cancelada o perdida,,,,1,Intersemestral,SÍ,2 semestres,,,,,,,,,Sin información,Sin información,B1,,,,,,,,,,,,,,,,,,,,,,,,,,,,,,,
SCHOLAR-DB8B57916F5B,COLOMBIA,Cohorte 2026,BECARIO(A) ACTIVO,Universidad de Los Andes,Ingeniería Sistemas y Computación,Segundo semestre,Scholar-DB8B5791,2026-01,4,2029,2025,Universitario,Universitario,Femenino,Ninguno,UNDER 18,Valle del Cauca,Bogotá,Vulnerabilidad alta,FATV,NO,Not applicable for this semester,Not applicable for this semester,Not applicable for this semester,Not applicable for this semester,MATRICULADO(A),MATRICULADO(A),134,0,0,0,0,15,,15,0,SATISFACTORIO,0,0,0,0,4.44,,Pending,Pruebas saber 11,393,N/A,SISBEN,A4,N/A,ALTA,"$1,684,800",PENDIENTE,0,,0,,0,0,,0,,,,,0,No requiere,NO,N/A,,,,,,,,,Sin información,Sin información,C1,,,,,,,,,,,,,,,,,,,,,,,,,,,,,,,
SCHOLAR-D4DEBF973796,COLOMBIA,Cohorte 2026,BECARIO(A) ACTIVO,Universidad de Los Andes,Ingeniería Sistemas y Computación,Segundo semestre,Scholar-D4DEBF97,2026-01,4,2029,2025,Universitario,Universitario,Masculino,Ninguno,18-20,Santander,Bogotá,Vulnerabilidad moderada,FATV,NO,Not applicable for this semester,Not applicable for this semester,Not applicable for this semester,Not applicable for this semester,MATRICULADO(A),MATRICULADO(A),134,0,0,0,0,16,,16,0,SATISFACTORIO,0,0,0,0,4.32,,Pending,Pruebas saber 11,377,N/A,SISBEN,B7,N/A,ALTA,"$1,684,800",PENDIENTE,0,,0,,0,0,,0,,,,,0,No requiere,NO,N/A,,,,,,,,,Sin información,Sin información,B1,,,,,,,,,,,,,,,,,,,,,,,,,,,,,,,
SCHOLAR-2A7E5464EF81,COLOMBIA,Cohorte 2026,BECARIO(A) ACTIVO,Pontificia Universidad Javeriana,Ingeniería de Sistemas,Segundo semestre,Scholar-2A7E5464,2026-01,4,2029,2025,Especialización,Maestría,Masculino,Ninguno,18-20,Norte de Santander,Bogotá,Vulnerabilidad moderada,FATV,NO,Not applicable for this semester,Not applicable for this semester,Not applicable for this semester,Not applicable for this semester,MATRICULADO(A),MATRICULADO(A),138,0,0,0,0,18,,18,0,SATISFACTORIO,0,0,0,0,4.2,,A1,Pruebas saber 11,353,N/A,SISBEN,B7,N/A,ALTA,"$1,864,400",PENDIENTE,0,,0,,0,0,,0,,,,,0,No requiere,NO,N/A,,,,,,,,,Sin información,Sin información,A1,,,,,,,,,,,,,,,,,,,,,,,,,,,,,,,
SCHOLAR-B182B7F6CE7E,COLOMBIA,Cohorte 2026,BECARIO(A) ACTIVO,Universidad EAFIT,Ingeniería de Sistemas,Segundo semestre,Scholar-B182B7F6,2026-01,4.5,2030,2025,Universitario,Secundaria,Masculino,Ninguno,18-20,Antioquia,Antioquia,Vulnerabilidad baja,FATV,NO,Not applicable for this semester,Not applicable for this semester,Not applicable for this semester,Not applicable for this semester,MATRICULADO(A),MATRICULADO(A),151,0,0,0,0,19,,19,0,SATISFACTORIO,0,0,0,0,4.4,,Pending,Pruebas saber 11,368,N/A,SISBEN,C4,N/A,BAJA,"$842,400",PENDIENTE,0,,0,,0,0,,0,,,,,0,No requiere,NO,N/A,,,,,,,,,Sin información,Sin información,A1,,,,,,,,,,,,,,,,,,,,,,,,,,,,,,,
SCHOLAR-A4D4B121010B,COLOMBIA,Cohorte 2026,BECARIO(A) ACTIVO,Universidad EIA,Ingeniería de Sistemas,Segundo semestre,Scholar-A4D4B121,2026-01,4,2029,2025,Tecnólogo,Universitario,Masculino,Ninguno,18-20,Antioquia,Antioquia,Vulnerabilidad baja,FATV,NO,Not applicable for this semester,Not applicable for this semester,Not applicable for this semester,Not applicable for this semester,MATRICULADO(A),MATRICULADO(A),144,0,0,0,0,18,,18,0,SATISFACTORIO,0,0,0,0,"4,1",,A1,Pruebas saber 11,341,N/A,SISBEN,C9,N/A,BAJA,"$842,400",PENDIENTE,0,,0,,0,0,,0,,,,,0,No requiere,NO,N/A,,,,,,,,,Sin información,Sin información,C1,,,,,,,,,,,,,,,,,,,,,,,,,,,,,,,
SCHOLAR-4044D3488514,COLOMBIA,Cohorte 2026,BECARIO(A) ACTIVO,Universidad Icesi,Ingeniería de Sistemas,Segundo semestre,Scholar-4044D348,2026-01,Not applicable,2030,2025,Universitario,Técnico profesional,Masculino,Ninguno,18-20,Valle del Cauca,Valle del Cauca,Vulnerabilidad baja,FATV,NO,Not applicable for this semester,Not applicable for this semester,Not applicable for this semester,Not applicable for this semester,MATRICULADO(A),MATRICULADO(A),144,0,0,0,0,13,,13,0,SATISFACTORIO,0,0,0,0,"4,6",,B1,Pruebas saber 11,368,N/A,SISBEN,C6,N/A,BAJA,"$842,400",PENDIENTE,0,,0,,0,0,,0,,,,,0,No requiere,NO,N/A,,,,,,,,,Sin información,Sin información,C1,,,,,,,,,,,,,,,,,,,,,,,,,,,,,,,
SCHOLAR-99933DCF8A02,COLOMBIA,Cohorte 2026,BECARIO(A) ACTIVO,Universidad del Norte,Ingeniería Sistemas y Computación,Segundo semestre,Scholar-99933DCF,2026-01,4.5,2030,2025,Universitario,Universitario,Masculino,Ninguno,UNDER 18,Atlántico,Atlántico,Vulnerabilidad moderada,FATV,NO,Not applicable for this semester,Not applicable for this semester,Not applicable for this semester,Not applicable for this semester,MATRICULADO(A),MATRICULADO(A),155,0,0,0,0,15,,15,0,SATISFACTORIO,0,0,0,0,"4,03",,B1,Pruebas saber 11,398,N/A,SISBEN,B5,N/A,BAJA,"$842,400",PENDIENTE,0,,0,,0,0,,0,,,,,0,No requiere,NO,N/A,,,,,,,,,Sin información,Sin información,B1,,,,,,,,,,,,,,,,,,,,,,,,,,,,,,,
SCHOLAR-22F31806EAEA,COLOMBIA,Cohorte 2026,BECARIO(A) ACTIVO,Universidad Icesi,Ingeniería de Sistemas,Segundo semestre,Scholar-22F31806,2026-01,Not applicable,2030,2025,Primaria,Primaria,Femenino,Ninguno,UNDER 18,Valle del Cauca,Valle del Cauca,Vulnerabilidad moderada,FATV,NO,Not applicable for this semester,Not applicable for this semester,Not applicable for this semester,Not applicable for this semester,MATRICULADO(A),MATRICULADO(A),144,0,0,0,0,13,,13,0,SATISFACTORIO,0,0,0,0,"4,3",,B1,Pruebas saber 11,394,N/A,SISBEN,B6,N/A,MEDIA,"$1,053,000",PENDIENTE,0,,0,,0,0,,0,,,,,0,No requiere,NO,N/A,,,,,,,,,Sin información,Sin información,B1,,,,,,,,,,,,,,,,,,,,,,,,,,,,,,,
SCHOLAR-3A552DA67FE3,COLOMBIA,Cohorte 2026,BECARIO(A) ACTIVO,Universidad EIA,Ingeniería de Sistemas,Segundo semestre,Scholar-3A552DA6,2026-01,4,2029,2025,Maestría,Secundaria,Masculino,Ninguno,UNDER 18,Antioquia,Antioquia,Vulnerabilidad baja,FATV,NO,Not applicable for this semester,Not applicable for this semester,Not applicable for this semester,Not applicable for this semester,MATRICULADO(A),MATRICULADO(A),144,0,0,0,0,18,,18,0,SATISFACTORIO,0,0,0,0,"4,1",,A1,Pruebas saber 11,348,N/A,SISBEN,C10,N/A,ALTA,"$1,684,800",PENDIENTE,0,,0,,0,0,,0,,,,,0,No requiere,NO,N/A,,,,,,,,,Sin información,Sin información,A1,,,,,,,,,,,,,,,,,,,,,,,,,,,,,,,
SCHOLAR-516999CC5F69,COLOMBIA,Cohorte 2026,BECARIO(A) ACTIVO,Universidad Icesi,Ingeniería de Sistemas,Segundo semestre,Scholar-516999CC,2026-01,Not applicable,2030,2025,Primaria,Primaria,Masculino,Ninguno,UNDER 18,Nariño,Valle del Cauca,Vulnerabilidad alta,FATV,NO,Not applicable for this semester,Not applicable for this semester,Not applicable for this semester,Not applicable for this semester,MATRICULADO(A),MATRICULADO(A),144,0,0,0,0,13,,13,0,SATISFACTORIO,0,0,0,0,"4,5",,B1,Pruebas saber 11,368,N/A,SISBEN,A4,N/A,ALTA,"$1,684,800",PENDIENTE,0,,0,,0,0,,0,,,,,0,No requiere,NO,N/A,,,,,,,,,Sin información,Sin información,B1,,,,,,,,,,,,,,,,,,,,,,,,,,,,,,,
SCHOLAR-5E9C12BBF9AB,COLOMBIA,Cohorte 2026,BECARIO(A) ACTIVO,Universidad EAFIT,Ingeniería de Sistemas,Segundo semestre,Scholar-5E9C12BB,2026-01,4.5,2030,2025,Secundaria,Sin información,Masculino,Ninguno,UNDER 18,Antioquia,Antioquia,Vulnerabilidad baja,FATV,NO,Not applicable for this semester,Not applicable for this semester,Not applicable for this semester,Not applicable for this semester,MATRICULADO(A),MATRICULADO(A),151,0,0,0,0,19,,19,0,SATISFACTORIO,0,0,0,0,4.4,,Pending,Pruebas saber 11,360,N/A,SISBEN,C12,N/A,BAJA,"$842,400",PENDIENTE,0,,0,,0,0,,0,,,,,0,No requiere,NO,N/A,,,,,,,,,Sin información,Sin información,A2,,,,,,,,,,,,,,,,,,,,,,,,,,,,,,,
SCHOLAR-C59A9772E6E4,COLOMBIA,Cohorte 2026,BECARIO(A) ACTIVO,Universidad de Los Andes,Ingeniería Sistemas y Computación,Segundo semestre,Scholar-C59A9772,2026-01,4,2029,2025,Técnico profesional,Universitario,Masculino,Ninguno,UNDER 18,Cundinamarca,Bogotá,Vulnerabilidad baja,FATV,NO,Not applicable for this semester,Not applicable for this semester,Not applicable for this semester,Not applicable for this semester,MATRICULADO(A),MATRICULADO(A),134,0,0,0,0,21,,21,0,SATISFACTORIO,0,0,0,0,4.5,,A2,Pruebas saber 11,380,N/A,SISBEN,C4,N/A,MEDIA,"$1,053,000",PENDIENTE,0,,0,,0,0,,0,,,,,0,No requiere,NO,N/A,,,,,,,,,Sin información,Sin información,B1,,,,,,,,,,,,,,,,,,,,,,,,,,,,,,,
SCHOLAR-4B2F294E438C,COLOMBIA,Cohorte 2026,BECARIO(A) ACTIVO,Universidad de Los Andes,Ingeniería Sistemas y Computación,Segundo semestre,Scholar-4B2F294E,2026-01,4,2029,2024,Secundaria,Secundaria,Masculino,Ninguno,18-20,Atlántico,Bogotá,Vulnerabilidad moderada,FATV,NO,Not applicable for this semester,Not applicable for this semester,Not applicable for this semester,Not applicable for this semester,MATRICULADO(A),MATRICULADO(A),134,0,0,0,0,16,,16,0,SATISFACTORIO,0,0,0,0,4.5,,Pending,Pruebas saber 11,378,N/A,SISBEN,B7,N/A,ALTA,"$1,684,800",PENDIENTE,0,,0,,0,0,,0,,,,,0,No requiere,NO,N/A,,,,,,,,,Sin información,Sin información,B2,,,,,,,,,,,,,,,,,,,,,,,,,,,,,,,
SCHOLAR-55AC1457F1F3,COLOMBIA,Cohorte 2026,BECARIO(A) ACTIVO,Universidad de Los Andes,Ingeniería Sistemas y Computación,Segundo semestre,Scholar-55AC1457,2026-01,4,2029,2025,Tecnólogo,Secundaria,Masculino,Ninguno,18-20,Cundinamarca,Bogotá,Vulnerabilidad alta,FATV,NO,Not applicable for this semester,Not applicable for this semester,Not applicable for this semester,Not applicable for this semester,MATRICULADO(A),MATRICULADO(A),134,0,0,0,0,16,,16,1,REZAGADO(A),0,0,0,0,4.55,,Pending,Pruebas saber 11,333,N/A,SISBEN,A4,N/A,ALTA,"$1,684,800",PENDIENTE,0,,0,,0,0,,0,Rezagado por 1 materia cancelada o perdida,,,,0,No requiere,NO,N/A,,,,,,,,,Sin información,Sin información,A2,,,,,,,,,,,,,,,,,,,,,,,,,,,,,,,
SCHOLAR-21D090FC1681,COLOMBIA,Cohorte 2026,BECARIO(A) ACTIVO,Universidad EIA,Ingeniería de Sistemas,Segundo semestre,Scholar-21D090FC,2026-01,4,2029,2025,Primaria,Primaria,Masculino,Ninguno,UNDER 18,Sucre,Antioquia,Vulnerabilidad alta,FATV,NO,Not applicable for this semester,Not applicable for this semester,Not applicable for this semester,Not applicable for this semester,MATRICULADO(A),MATRICULADO(A),144,0,0,0,0,11,,11,1,REZAGADO(A),0,0,0,0,-,,A2,Pruebas saber 11,366,N/A,SISBEN,A4,N/A,BAJA,"$1,684,800",PENDIENTE,0,,0,,0,0,,0,Rezagado por 1 materia cancelada o perdida,,,,0,No requiere,NO,N/A,,,,,,,,,Sin información,Sin información,A2,,,,,,,,,,,,,,,,,,,,,,,,,,,,,,,
SCHOLAR-A7A810E32710,COLOMBIA,Cohorte 2026,BECARIO(A) ACTIVO,Universidad de Los Andes,Ingeniería Sistemas y Computación,Segundo semestre,Scholar-A7A810E3,2026-01,4,2029,2025,Doctorado,Universitario,Femenino,Afrocolombiano(a),UNDER 18,La Guajira,Bogotá,Vulnerabilidad moderada,FATV,NO,Not applicable for this semester,Not applicable for this semester,Not applicable for this semester,Not applicable for this semester,MATRICULADO(A),MATRICULADO(A),134,0,0,0,0,17,,17,0,SATISFACTORIO,0,0,0,0,4.55,,Pending,Pruebas saber 11,350,N/A,SISBEN,B1,N/A,ALTA,"$1,684,800",PENDIENTE,0,,0,,0,0,,0,,,,,0,No requiere,NO,N/A,,,,,,,,,Sin información,Sin información,B1,,,,,,,,,,,,,,,,,,,,,,,,,,,,,,,
SCHOLAR-7656D724ECFE,COLOMBIA,Cohorte 2026,BECARIO(A) ACTIVO,Universidad EAFIT,Ingeniería de Sistemas,Segundo semestre,Scholar-7656D724,2026-01,4.5,2030,2025,Universitario,Técnico profesional,Masculino,Ninguno,UNDER 18,Antioquia,Antioquia,Vulnerabilidad baja,FATV,NO,Not applicable for this semester,Not applicable for this semester,Not applicable for this semester,Not applicable for this semester,MATRICULADO(A),MATRICULADO(A),151,0,0,0,0,19,,19,0,SATISFACTORIO,0,0,0,0,4.4,,Pending,Pruebas saber 11,365,N/A,SISBEN,C17,N/A,BAJA,"$842,400",PENDIENTE,0,,0,,0,0,,0,,,,,0,No requiere,NO,N/A,,,,,,,,,Sin información,Sin información,C1,,,,,,,,,,,,,,,,,,,,,,,,,,,,,,,
SCHOLAR-D4EEA0BF2C7A,COLOMBIA,Cohorte 2026,BECARIO(A) ACTIVO,Universidad EAFIT,Ingeniería de Sistemas,Segundo semestre,Scholar-D4EEA0BF,2026-01,4.5,2030,2025,Técnico profesional,Técnico profesional,Masculino,Ninguno,18-20,Sucre,Antioquia,Vulnerabilidad alta,FATV,NO,Not applicable for this semester,Not applicable for this semester,Not applicable for this semester,Not applicable for this semester,MATRICULADO(A),MATRICULADO(A),151,0,0,0,0,19,,19,0,SATISFACTORIO,0,0,0,0,4.2,,Pending,Pruebas saber 11,348,N/A,SISBEN,A5,N/A,ALTA,"$1,684,800",PENDIENTE,0,,0,,0,0,,0,,,,,0,No requiere,NO,N/A,,,,,,,,,Sin información,Sin información,B1,,,,,,,,,,,,,,,,,,,,,,,,,,,,,,,
SCHOLAR-C5830E265F86,COLOMBIA,Cohorte 2026,BECARIO(A) ACTIVO,Universidad del Norte,Ciencia de Datos,Segundo semestre,Scholar-C5830E26,2026-01,4.5,2030,2025,Maestría,Universitario,Femenino,Ninguno,UNDER 18,Atlántico,Atlántico,Vulnerabilidad moderada,FATV,NO,Not applicable for this semester,Not applicable for this semester,Not applicable for this semester,Not applicable for this semester,MATRICULADO(A),MATRICULADO(A),138,0,0,0,0,18,,18,0,SATISFACTORIO,0,0,0,0,"4,71",,B2,Pruebas saber 11,389,N/A,SISBEN,B3,N/A,BAJA,"$842,400",PENDIENTE,0,,0,,0,0,,0,,,,,0,No requiere,NO,N/A,,,,,,,,,Sin información,Sin información,C1,,,,,,,,,,,,,,,,,,,,,,,,,,,,,,,
SCHOLAR-A3E351C1919F,COLOMBIA,Cohorte 2026,BECARIO(A) ACTIVO,Universidad del Norte,Ingeniería Sistemas y Computación,Segundo semestre,Scholar-A3E351C1,2026-01,4.5,2030,2025,Universitario,Especialización,Masculino,Afrocolombiano(a),UNDER 18,Atlántico,Atlántico,Vulnerabilidad alta,FATV,NO,Not applicable for this semester,Not applicable for this semester,Not applicable for this semester,Not applicable for this semester,MATRICULADO(A),MATRICULADO(A),155,0,0,0,0,15,,15,0,SATISFACTORIO,0,0,0,0,"4,22",,B1,Pruebas saber 11,394,N/A,SISBEN,A2,N/A,MEDIA,"$1,053,000",PENDIENTE,0,,0,,0,0,,0,,,,,0,No requiere,NO,N/A,,,,,,,,,Sin información,Sin información,B1,,,,,,,,,,,,,,,,,,,,,,,,,,,,,,,
SCHOLAR-2AFC3DE5B059,COLOMBIA,Cohorte 2026,BECARIO(A) ACTIVO,Universidad de Los Andes,Ingeniería Sistemas y Computación,Segundo semestre,Scholar-2AFC3DE5,2026-01,4,2029,2025,Tecnólogo,Tecnológico,Masculino,Ninguno,18-20,Magdalena,Bogotá,Vulnerabilidad alta,FATV,NO,Not applicable for this semester,Not applicable for this semester,Not applicable for this semester,Not applicable for this semester,MATRICULADO(A),MATRICULADO(A),134,0,0,0,0,16,,16,1,REZAGADO(A),0,0,0,0,3.62,,Pending,Pruebas saber 11,413,N/A,SISBEN,A2,N/A,ALTA,"$1,684,800",PENDIENTE,,,,,,,,1,Rezagado por 1 materia cancelada o perdida,,,,1,Sobrecréditos,SÍ,2 semestres,,,,,,,,,Sin información,Sin información,B1,,,,,,,,,,,,,,,,,,,,,,,,,,,,,,,
SCHOLAR-713BA4F7EA81,COLOMBIA,Cohorte 2026,BECARIO(A) ACTIVO,Universidad de Los Andes,Ingeniería Sistemas y Computación,Segundo semestre,Scholar-713BA4F7,2026-01,4,2029,2025,Secundaria,Universitario,Masculino,Ninguno,UNDER 18,Casanare,Bogotá,Vulnerabilidad alta,FATV,NO,Not applicable for this semester,Not applicable for this semester,Not applicable for this semester,Not applicable for this semester,MATRICULADO(A),MATRICULADO(A),134,0,0,0,0,18,,18,0,SATISFACTORIO,0,0,0,0,3.89,,Pending,Pruebas saber 11,379,N/A,SISBEN,A3,N/A,ALTA,"$1,684,800",PENDIENTE,0,,0,,0,0,,0,,,,,0,No requiere,NO,N/A,,,,,,,,,Sin información,Sin información,C2,,,,,,,,,,,,,,,,,,,,,,,,,,,,,,,
SCHOLAR-9A37FDDA32C0,COLOMBIA,Cohorte 2026,BECARIO(A) ACTIVO,Universidad EIA,Ingeniería de Sistemas,Segundo semestre,Scholar-9A37FDDA,2026-01,4,2029,2025,Primaria,Secundaria,Masculino,Ninguno,18-20,Antioquia,Antioquia,Vulnerabilidad moderada,FATV,NO,Not applicable for this semester,Not applicable for this semester,Not applicable for this semester,Not applicable for this semester,MATRICULADO(A),MATRICULADO(A),144,0,0,0,0,18,,18,1,REZAGADO(A),0,0,0,0,"3,8",,A1,Pruebas saber 11,356,N/A,SISBEN,B6,N/A,BAJA,"$842,400",PENDIENTE,0,,0,,0,0,,0,Rezagado por 1 materia cancelada o perdida,,,,0,No requiere,NO,N/A,,,,,,,,,Sin información,Sin información,A1,,,,,,,,,,,,,,,,,,,,,,,,,,,,,,,
SCHOLAR-8A9BAA8AD9B4,COLOMBIA,Cohorte 2026,BECARIO(A) ACTIVO,Universidad EAFIT,Ingeniería de Sistemas,Segundo semestre,Scholar-8A9BAA8A,2026-01,4.5,2030,2025,Tecnólogo,Secundaria,Masculino,Ninguno,UNDER 18,Antioquia,Antioquia,Vulnerabilidad baja,FATV,NO,Not applicable for this semester,Not applicable for this semester,Not applicable for this semester,Not applicable for this semester,MATRICULADO(A),MATRICULADO(A),151,0,0,0,0,19,,19,0,SATISFACTORIO,0,0,0,0,4.4,,Pending,Pruebas saber 11,333,N/A,SISBEN,C11,N/A,MEDIA,"$1,053,000",PENDIENTE,0,,0,,0,0,,0,,,,,0,No requiere,NO,N/A,,,,,,,,,Sin información,Sin información,B1,,,,,,,,,,,,,,,,,,,,,,,,,,,,,,,
SCHOLAR-9BC1794EB247,COLOMBIA,Cohorte 2026,BECARIO(A) ACTIVO,Universidad EAFIT,Ingeniería de Sistemas,Segundo semestre,Scholar-9BC1794E,2026-01,4.5,2030,2025,Tecnológico,Tecnológico,Masculino,Ninguno,18-20,Antioquia,Antioquia,Vulnerabilidad baja,FATV,NO,Not applicable for this semester,Not applicable for this semester,Not applicable for this semester,Not applicable for this semester,MATRICULADO(A),MATRICULADO(A),151,0,0,0,0,19,,19,0,SATISFACTORIO,0,0,0,0,4.4,,Pending,Pruebas saber 11,356,N/A,SISBEN,C2,N/A,MEDIA,"$1,053,000",PENDIENTE,0,,0,,0,0,,0,,,,,0,No requiere,NO,N/A,,,,,,,,,Sin información,Sin información,B1,,,,,,,,,,,,,,,,,,,,,,,,,,,,,,,
SCHOLAR-AB492920DCA8,COLOMBIA,Cohorte 2026,BECARIO(A) ACTIVO,Universidad Icesi,Ingeniería de Sistemas,Segundo semestre,Scholar-AB492920,2026-01,Not applicable,2030,2025,Secundaria,Secundaria,Femenino,Ninguno,18-20,Valle del Cauca,Valle del Cauca,Vulnerabilidad baja,FATV,NO,Not applicable for this semester,Not applicable for this semester,Not applicable for this semester,Not applicable for this semester,MATRICULADO(A),MATRICULADO(A),144,0,0,0,0,13,,13,0,SATISFACTORIO,0,0,0,0,"4,9",,A2,Pruebas saber 11,387,N/A,SISBEN,C1,N/A,BAJA,"$842,400",PENDIENTE,0,,0,,0,0,,0,,,,,0,No requiere,NO,N/A,,,,,,,,,Sin información,Sin información,A1,,,,,,,,,,,,,,,,,,,,,,,,,,,,,,,
SCHOLAR-951229521E5E,COLOMBIA,Cohorte 2026,BECARIO(A) ACTIVO,Universidad EIA,Ingeniería de Sistemas,Segundo semestre,Scholar-95122952,2026-01,4,2029,2025,Universitario,Secundaria,Masculino,Ninguno,18-20,Antioquia,Antioquia,Vulnerabilidad baja,FATV,NO,Not applicable for this semester,Not applicable for this semester,Not applicable for this semester,Not applicable for this semester,MATRICULADO(A),MATRICULADO(A),144,0,0,0,0,18,,18,0,SATISFACTORIO,0,0,0,0,"3,8",,A1,Pruebas saber 11,330,N/A,SISBEN,C8,N/A,MEDIA,"$1,053,000",PENDIENTE,0,,0,,0,0,,0,,,,,0,No requiere,NO,N/A,,,,,,,,,Sin información,Sin información,A2,,,,,,,,,,,,,,,,,,,,,,,,,,,,,,,
SCHOLAR-9A653D36E3FE,COLOMBIA,Cohorte 2026,BECARIO(A) ACTIVO,Universidad del Norte,Ciencia de Datos,Segundo semestre,Scholar-9A653D36,2026-01,4.5,2030,2025,Técnico profesional,Universitario,Masculino,Ninguno,UNDER 18,Atlántico,Atlántico,Vulnerabilidad moderada,FATV,NO,Not applicable for this semester,Not applicable for this semester,Not applicable for this semester,Not applicable for this semester,MATRICULADO(A),MATRICULADO(A),138,0,0,0,0,16,,16,0,SATISFACTORIO,0,0,0,0,"4,42",,B1,Pruebas saber 11,401,N/A,SISBEN,B2,N/A,BAJA,"$842,400",PENDIENTE,0,,0,,0,0,,0,,,,,0,No requiere,NO,N/A,,,,,,,,,Sin información,Sin información,B2,,,,,,,,,,,,,,,,,,,,,,,,,,,,,,,
SCHOLAR-D8D8B5A0FD6D,COLOMBIA,Cohorte 2026,DESERTOR(A),Universidad de Los Andes,Ingeniería Sistemas y Computación,Primer semestre,Scholar-D8D8B5A0,2026-01,4,,2025,Técnico profesional,Técnico profesional,Masculino,Ninguno,UNDER 18,Cundinamarca,Bogotá,Vulnerabilidad moderada,FATV,NO,Not applicable for this semester,Not applicable for this semester,Not applicable for this semester,Not applicable for this semester,MATRICULADO(A),MATRICULADO(A),134,0,0,0,0,15,,15,3,Not applicable,0,0,0,0,3.02,,Not applicable,Pruebas saber 11,369,N/A,SISBEN,B4,N/A,MEDIA,"$1,053,000",PENDIENTE,,,,,,,,1,,,,,1,No aplica,NO,,,,,,,,,,Sin información,Sin información,B2,,,,,,,,,,,,,,,,,,,,,,,,,,,,,,,
SCHOLAR-4EB6B3EC0329,COLOMBIA,Cohorte 2026,BECARIO(A) ACTIVO,Universidad del Norte,Ciencia de Datos,Segundo semestre,Scholar-4EB6B3EC,2026-01,4.5,2030,2025,Universitario,Secundaria,Masculino,Ninguno,UNDER 18,Sucre,Atlántico,Vulnerabilidad baja,FATV,NO,Not applicable for this semester,Not applicable for this semester,Not applicable for this semester,Not applicable for this semester,MATRICULADO(A),MATRICULADO(A),138,0,0,0,0,18,,18,0,SATISFACTORIO,0,0,0,0,"3,82",,B1,Pruebas saber 11,392,N/A,SISBEN,C3,N/A,ALTA,"$1,684,800",PENDIENTE,0,,0,,0,0,,0,,,,,0,No requiere,NO,N/A,,,,,,,,,Sin información,Sin información,B1,,,,,,,,,,,,,,,,,,,,,,,,,,,,,,,
SCHOLAR-E04F7B74A302,COLOMBIA,Cohorte 2026,DESERTOR(A),Universidad EIA,Ciencia de Datos,Primer semestre,Scholar-E04F7B74,2026-01,4,2029,2025,Técnico profesional,Técnico profesional,Masculino,Afrocolombiano(a),UNDER 18,Cauca,Antioquia,Vulnerabilidad baja,FATV,NO,Not applicable for this semester,Not applicable for this semester,Not applicable for this semester,Not applicable for this semester,MATRICULADO(A),MATRICULADO(A),144,0,0,0,0,5,,5,4,CRÍTICO,0,0,0,0,-,,A1,Pruebas saber 11,346,N/A,SISBEN,C18,N/A,ALTA,"$1,684,800",PENDIENTE,,,,,,,,4,,,,,4,Sobrecréditos,SÍ,Plan específico,,,,,,,,,Sin información,Sin información,A2,,,,,,,,,,,,,,,,,,,,,,,,,,,,,,,
SCHOLAR-9E879542C5C7,COLOMBIA,Cohorte 2026,BECARIO(A) ACTIVO,Universidad EIA,Ciencia de Datos,Segundo semestre,Scholar-9E879542,2026-01,4,2029,2025,Técnico profesional,Secundaria,Masculino,Ninguno,UNDER 18,Antioquia,Antioquia,Vulnerabilidad moderada,FATV,NO,Not applicable for this semester,Not applicable for this semester,Not applicable for this semester,Not applicable for this semester,MATRICULADO(A),MATRICULADO(A),144,0,0,0,0,18,,18,0,SATISFACTORIO,0,0,0,0,"4,1",,A1,Pruebas saber 11,372,N/A,SISBEN,B6,N/A,MEDIA,"$1,053,000",PENDIENTE,0,,0,,0,0,,0,,,,,0,No requiere,NO,N/A,,,,,,,,,Sin información,Sin información,B2,,,,,,,,,,,,,,,,,,,,,,,,,,,,,,,
SCHOLAR-3C0B86274F76,COLOMBIA,Cohorte 2026,BECARIO(A) ACTIVO,Universidad EIA,Ingeniería de Sistemas,Segundo semestre,Scholar-3C0B8627,2026-01,4,2029,2025,Secundaria,Sin información,Masculino,Ninguno,UNDER 18,Antioquia,Antioquia,Vulnerabilidad moderada,FATV,NO,Not applicable for this semester,Not applicable for this semester,Not applicable for this semester,Not applicable for this semester,MATRICULADO(A),MATRICULADO(A),144,0,0,0,0,18,,18,1,REZAGADO(A),0,0,0,0,"3,5",,B2,Pruebas saber 11,333,N/A,SISBEN,B1,N/A,BAJA,"$842,400",PENDIENTE,,,,,,,,1,Rezagado por 1 materia cancelada o perdida,,,,1,Intersemestral y sobrecréditos,SÍ,2 semestres,,,,,,,,,Sin información,Sin información,B1,,,,,,,,,,,,,,,,,,,,,,,,,,,,,,,
SCHOLAR-28EB462AF432,COLOMBIA,Cohorte 2026,BECARIO(A) ACTIVO,Universidad EAFIT,Ingeniería de Sistemas,Segundo semestre,Scholar-28EB462A,2026-01,4.5,2030,2025,Tecnólogo,Secundaria,Masculino,Ninguno,18-20,Antioquia,Antioquia,Vulnerabilidad baja,FATV,NO,Not applicable for this semester,Not applicable for this semester,Not applicable for this semester,Not applicable for this semester,MATRICULADO(A),MATRICULADO(A),151,0,0,0,0,19,,19,1,REZAGADO(A),0,0,0,0,3.8,,Pending,Pruebas saber 11,327,N/A,SISBEN,C7,N/A,BAJA,"$842,400",PENDIENTE,,,,,,,,1,Rezagado por 1 materia cancelada o perdida,,,,1,Sobrecréditos,SÍ,2 semestres,,,,,,,,,Sin información,Sin información,A2,,,,,,,,,,,,,,,,,,,,,,,,,,,,,,,
SCHOLAR-0BA3C6C4C5F1,COLOMBIA,Cohorte 2026,BECARIO(A) ACTIVO,Universidad de Los Andes,Ingeniería Sistemas y Computación,Segundo semestre,Scholar-0BA3C6C4,2026-01,4,2029,2025,Universitario,Secundaria,Masculino,Ninguno,UNDER 18,Cundinamarca,Bogotá,Vulnerabilidad baja,FATV,NO,Not applicable for this semester,Not applicable for this semester,Not applicable for this semester,Not applicable for this semester,MATRICULADO(A),MATRICULADO(A),134,0,0,0,0,16,,16,0,SATISFACTORIO,0,0,0,0,4.01,,Pending,Pruebas saber 11,377,N/A,SISBEN,C9,N/A,ALTA,"$1,684,800",PENDIENTE,0,,0,,0,0,,0,,,,,0,No requiere,NO,N/A,,,,,,,,,Sin información,Sin información,B2,,,,,,,,,,,,,,,,,,,,,,,,,,,,,,,
SCHOLAR-BD8396D5399B,COLOMBIA,Cohorte 2026,BECARIO(A) ACTIVO,Universidad de Los Andes,Ciencia de Datos,Segundo semestre,Scholar-BD8396D5,2026-01,4,2029,2024,Técnico profesional,Técnico profesional,Masculino,Ninguno,18-20,Cundinamarca,Bogotá,Vulnerabilidad baja,FATV,NO,Not applicable for this semester,Not applicable for this semester,Not applicable for this semester,Not applicable for this semester,MATRICULADO(A),MATRICULADO(A),124,0,0,0,0,16,,16,1,REZAGADO(A),0,0,0,0,3.54,,Pending,Pruebas saber 11,432,N/A,SISBEN,C10,N/A,ALTA,"$1,684,800",PENDIENTE,,,,,,,,1,Rezagado por 1 materia cancelada o perdida,,,,1,Intersemestral,SÍ,2 semestres,,,,,,,,,Sin información,Sin información,B2,,,,,,,,,,,,,,,,,,,,,,,,,,,,,,,
SCHOLAR-792AABE49930,COLOMBIA,Cohorte 2026,BECARIO(A) ACTIVO,Universidad EAFIT,Ingeniería de Sistemas,Segundo semestre,Scholar-792AABE4,2026-01,4.5,2030,2025,Secundaria,Tecnológico,Femenino,Ninguno,18-20,Antioquia,Antioquia,Vulnerabilidad baja,FATV,NO,Not applicable for this semester,Not applicable for this semester,Not applicable for this semester,Not applicable for this semester,MATRICULADO(A),MATRICULADO(A),151,0,0,0,0,19,,19,0,SATISFACTORIO,0,0,0,0,4.6,,Pending,Pruebas saber 11,291,N/A,SISBEN,C13,N/A,BAJA,"$842,400",PENDIENTE,0,,0,,0,0,,0,,,,,0,No requiere,NO,N/A,,,,,,,,,Sin información,Sin información,A2,,,,,,,,,,,,,,,,,,,,,,,,,,,,,,,
SCHOLAR-972BD1298505,COLOMBIA,Cohorte 2026,BECARIO(A) ACTIVO,Universidad de Los Andes,Ingeniería Sistemas y Computación,Segundo semestre,Scholar-972BD129,2026-01,4,2029,2024,Maestría,Secundaria,Femenino,Ninguno,18-20,Norte de Santander,Bogotá,Vulnerabilidad alta,FATV,NO,Not applicable for this semester,Not applicable for this semester,Not applicable for this semester,Not applicable for this semester,MATRICULADO(A),MATRICULADO(A),134,0,0,0,0,16,,16,0,SATISFACTORIO,0,0,0,0,4.44,,B1,Pruebas saber 11,391,N/A,SISBEN,A4,N/A,ALTA,"$1,684,800",PENDIENTE,0,,0,,0,0,,0,,,,,0,No requiere,NO,N/A,,,,,,,,,Sin información,Sin información,B2,,,,,,,,,,,,,,,,,,,,,,,,,,,,,,,
SCHOLAR-57CCCC7DD629,PERÚ,Cohorte 2026,BECARIO(A) ACTIVO,Universidad de Ingeniería y Tecnología (UTEC),Sistemas de Información,Segundo semestre,Scholar-57CCCC7D,2026-03,5,2030,2025,Técnico profesional,Primaria,Masculino,Sin información,,Lima,Lima,Vulnerabilidad moderada,ESCALO,NO,Not applicable for this semester,Not applicable for this semester,Not applicable for this semester,Not applicable for this semester,MATRICULADO(A),MATRICULADO(A),200,0,0,0,0,Pending,,0,,PENDIENTE DE INFO,,,,,,,A1,N/A,N/A,N/A,ESCALA DE INGRESOS,,D,,,16.02,,,,,,,,,,,,,,,,,,,,,,,,,Sin información,Sin información,A1,,,,,,,,,,,,,,,,,,,,,,,,,,,,,,,
SCHOLAR-40D88C37D1BD,PERÚ,Cohorte 2026,BECARIO(A) ACTIVO,Universidad de Ingeniería y Tecnología (UTEC),Ciencia de la Computación,Segundo semestre,Scholar-40D88C37,2026-03,5,2030,2025,Universitario,Universitario,Masculino,Sin información,,Callao,Lima,Vulnerabilidad moderada,ESCALO,NO,Not applicable for this semester,Not applicable for this semester,Not applicable for this semester,Not applicable for this semester,MATRICULADO(A),MATRICULADO(A),198,0,0,0,0,Pending,,0,,PENDIENTE DE INFO,,,,,,,B1,N/A,N/A,N/A,ESCALA DE INGRESOS,,D,,,14.7,,,,,,,,,,,,,,,,,,,,,,,,,Sin información,Sin información,B1,,,,,,,,,,,,,,,,,,,,,,,,,,,,,,,
SCHOLAR-3407AC3E7A8C,PERÚ,Cohorte 2026,BECARIO(A) ACTIVO,Universidad de Ingeniería y Tecnología (UTEC),Ciencia de la Computación,Segundo semestre,Scholar-3407AC3E,2026-03,5,2030,2025,Secundaria,Técnico profesional,Masculino,Sin información,,Lima,Lima,Vulnerabilidad baja,ESCALO,NO,Not applicable for this semester,Not applicable for this semester,Not applicable for this semester,Not applicable for this semester,MATRICULADO(A),MATRICULADO(A),198,0,0,0,0,Pending,,0,,PENDIENTE DE INFO,,,,,,,A2,N/A,N/A,N/A,ESCALA DE INGRESOS,,C,,,15.99,,,,,,,,,,,,,,,,,,,,,,,,,Sin información,Sin información,A2,,,,,,,,,,,,,,,,,,,,,,,,,,,,,,,
SCHOLAR-E74263B6AA29,PERÚ,Cohorte 2026,BECARIO(A) ACTIVO,Universidad de Ingeniería y Tecnología (UTEC),Ciencia de la Computación,Segundo semestre,Scholar-E74263B6,2026-03,5,2030,2024,Secundaria,Secundaria,Masculino,Sin información,,Lima,Lima,Vulnerabilidad moderada,ESCALO,NO,Not applicable for this semester,Not applicable for this semester,Not applicable for this semester,Not applicable for this semester,MATRICULADO(A),MATRICULADO(A),198,0,0,0,0,Pending,,0,,PENDIENTE DE INFO,,,,,,,B1,N/A,N/A,N/A,ESCALA DE INGRESOS,,D,,,14.29,,,,,,,,,,,,,,,,,,,,,,,,,Sin información,Sin información,B1,,,,,,,,,,,,,,,,,,,,,,,,,,,,,,,
SCHOLAR-9AA8AEB86834,PERÚ,Cohorte 2026,BECARIO(A) ACTIVO,Universidad de Ingeniería y Tecnología (UTEC),Ciencia de la Computación,Segundo semestre,Scholar-9AA8AEB8,2026-03,5,2030,2025,Secundaria,Secundaria,Femenino,Sin información,,Piura,Lima,Vulnerabilidad alta,ESCALO,NO,Not applicable for this semester,Not applicable for this semester,Not applicable for this semester,Not applicable for this semester,MATRICULADO(A),MATRICULADO(A),198,0,0,0,0,Pending,,0,,PENDIENTE DE INFO,,,,,,,A1,N/A,N/A,N/A,ESCALA DE INGRESOS,,E,,,16.68,,,,,,,,,,,,,,,,,,,,,,,,,Sin información,Sin información,A1,,,,,,,,,,,,,,,,,,,,,,,,,,,,,,,
SCHOLAR-332F2306A213,PERÚ,Cohorte 2026,BECARIO(A) ACTIVO,Universidad de Ingeniería y Tecnología (UTEC),Ciencia de la Computación,Segundo semestre,Scholar-332F2306,2026-03,5,2030,2025,Universitario,Secundaria,Masculino,Sin información,,Junín,Lima,Vulnerabilidad baja,ESCALO,NO,Not applicable for this semester,Not applicable for this semester,Not applicable for this semester,Not applicable for this semester,MATRICULADO(A),MATRICULADO(A),198,0,0,0,0,Pending,,0,,PENDIENTE DE INFO,,,,,,,B2,N/A,N/A,N/A,ESCALA DE INGRESOS,,C,,,18.79,,,,,,,,,,,,,,,,,,,,,,,,,Sin información,Sin información,B2,,,,,,,,,,,,,,,,,,,,,,,,,,,,,,,
SCHOLAR-2D123CE78CA1,PERÚ,Cohorte 2026,BECARIO(A) ACTIVO,Universidad de Ingeniería y Tecnología (UTEC),Ciencia de la Computación,Segundo semestre,Scholar-2D123CE7,2026-03,5,2030,2024,Secundaria,Ninguno,Masculino,Sin información,,Madre de Dios,Lima,Vulnerabilidad baja,ESCALO,NO,Not applicable for this semester,Not applicable for this semester,Not applicable for this semester,Not applicable for this semester,MATRICULADO(A),MATRICULADO(A),198,0,0,0,0,Pending,,0,,PENDIENTE DE INFO,,,,,,,Pending,N/A,N/A,N/A,ESCALA DE INGRESOS,,C,,,16.89,,,,,,,,,,,,,,,,,,,,,,,,,Sin información,Sin información,#N/A,,,,,,,,,,,,,,,,,,,,,,,,,,,,,,,
SCHOLAR-14CCBC5C230A,PERÚ,Cohorte 2026,BECARIO(A) ACTIVO,Universidad de Ingeniería y Tecnología (UTEC),Sistemas de Información,Segundo semestre,Scholar-14CCBC5C,2026-03,5,2030,2025,Ninguno,Secundaria,Masculino,Sin información,,Puno,Lima,Vulnerabilidad baja,ESCALO,NO,Not applicable for this semester,Not applicable for this semester,Not applicable for this semester,Not applicable for this semester,MATRICULADO(A),MATRICULADO(A),200,0,0,0,0,Pending,,0,,PENDIENTE DE INFO,,,,,,,Pending,N/A,N/A,N/A,ESCALA DE INGRESOS,,C,,,17.41,,,,,,,,,,,,,,,,,,,,,,,,,Sin información,Sin información,B1,,,,,,,,,,,,,,,,,,,,,,,,,,,,,,,
SCHOLAR-39682DD89146,PERÚ,Cohorte 2026,BECARIO(A) ACTIVO,Universidad de Ingeniería y Tecnología (UTEC),Ciencia de la Computación,Segundo semestre,Scholar-39682DD8,2026-03,5,2030,2024,Primaria,Universitario,Masculino,Sin información,,Ancash,Lima,Vulnerabilidad alta,ESCALO,NO,Not applicable for this semester,Not applicable for this semester,Not applicable for this semester,Not applicable for this semester,MATRICULADO(A),MATRICULADO(A),198,0,0,0,0,Pending,,0,,PENDIENTE DE INFO,,,,,,,Pending,N/A,N/A,N/A,ESCALA DE INGRESOS,,E,,,14.28,,,,,,,,,,,,,,,,,,,,,,,,,Sin información,Sin información,A1,,,,,,,,,,,,,,,,,,,,,,,,,,,,,,,
SCHOLAR-890C11AEB427,PERÚ,Cohorte 2026,BECARIO(A) ACTIVO,Universidad de Ingeniería y Tecnología (UTEC),Ciencia de la Computación,Segundo semestre,Scholar-890C11AE,2026-03,5,2030,2025,Secundaria,Primaria,Masculino,Sin información,,Lima,Lima,Vulnerabilidad alta,ESCALO,NO,Not applicable for this semester,Not applicable for this semester,Not applicable for this semester,Not applicable for this semester,MATRICULADO(A),MATRICULADO(A),198,0,0,0,0,Pending,,0,,PENDIENTE DE INFO,,,,,,,Pending,N/A,N/A,N/A,ESCALA DE INGRESOS,,E,,,15.56,,,,,,,,,,,,,,,,,,,,,,,,,Sin información,Sin información,A2,,,,,,,,,,,,,,,,,,,,,,,,,,,,,,,
SCHOLAR-A66771C4EE89,PERÚ,Cohorte 2026,BECARIO(A) ACTIVO,Universidad de Ingeniería y Tecnología (UTEC),Ciencia de la Computación,Segundo semestre,Scholar-A66771C4,2026-03,5,2030,2025,Ninguno,Primaria,Masculino,Sin información,,San Martín,Lima,Vulnerabilidad alta,ESCALO,NO,Not applicable for this semester,Not applicable for this semester,Not applicable for this semester,Not applicable for this semester,MATRICULADO(A),MATRICULADO(A),198,0,0,0,0,Pending,,0,,PENDIENTE DE INFO,,,,,,,Pending,N/A,N/A,N/A,ESCALA DE INGRESOS,,E,,,11.61,,,,,,,,,,,,,,,,,,,,,,,,,Sin información,Sin información,A2,,,,,,,,,,,,,,,,,,,,,,,,,,,,,,,
SCHOLAR-08BA80B929D9,PERÚ,Cohorte 2026,BECARIO(A) ACTIVO,Universidad de Ingeniería y Tecnología (UTEC),Ciencia de la Computación,Segundo semestre,Scholar-08BA80B9,2026-03,5,2030,2024,Universitario,Universitario,Masculino,Sin información,,Lambayeque,Lima,Vulnerabilidad baja,ESCALO,NO,Not applicable for this semester,Not applicable for this semester,Not applicable for this semester,Not applicable for this semester,MATRICULADO(A),MATRICULADO(A),198,0,0,0,0,Pending,,0,,PENDIENTE DE INFO,,,,,,,Pending,N/A,N/A,N/A,ESCALA DE INGRESOS,,C,,,11.4,,,,,,,,,,,,,,,,,,,,,,,,,Sin información,Sin información,B2,,,,,,,,,,,,,,,,,,,,,,,,,,,,,,,
SCHOLAR-6B9F12C94947,PERÚ,Cohorte 2026,BECARIO(A) ACTIVO,Universidad de Ingeniería y Tecnología (UTEC),Ciencia de la Computación,Segundo semestre,Scholar-6B9F12C9,2026-03,5,2030,2025,Universitario,Universitario,Masculino,Sin información,,Lima,Lima,Vulnerabilidad baja,ESCALO,NO,Not applicable for this semester,Not applicable for this semester,Not applicable for this semester,Not applicable for this semester,MATRICULADO(A),MATRICULADO(A),198,0,0,0,0,Pending,,0,,PENDIENTE DE INFO,,,,,,,Pending,N/A,N/A,N/A,ESCALA DE INGRESOS,,C,,,13.97,,,,,,,,,,,,,,,,,,,,,,,,,Sin información,Sin información,B1,,,,,,,,,,,,,,,,,,,,,,,,,,,,,,,
SCHOLAR-B734C1A3FC28,PERÚ,Cohorte 2026,BECARIO(A) ACTIVO,Universidad de Ingeniería y Tecnología (UTEC),Ciencia de la Computación,Segundo semestre,Scholar-B734C1A3,2026-03,5,2030,2025,Universitario,Universitario,Masculino,Sin información,,Puno,Lima,Vulnerabilidad moderada,ESCALO,NO,Not applicable for this semester,Not applicable for this semester,Not applicable for this semester,Not applicable for this semester,MATRICULADO(A),MATRICULADO(A),198,0,0,0,0,Pending,,0,,PENDIENTE DE INFO,,,,,,,Pending,N/A,N/A,N/A,ESCALA DE INGRESOS,,D,,,14.57,,,,,,,,,,,,,,,,,,,,,,,,,Sin información,Sin información,B1,,,,,,,,,,,,,,,,,,,,,,,,,,,,,,,
SCHOLAR-9630BAFC29CB,PERÚ,Cohorte 2026,BECARIO(A) ACTIVO,Universidad de Ingeniería y Tecnología (UTEC),Ciencia de la Computación,Segundo semestre,Scholar-9630BAFC,2026-03,5,2030,2025,Primaria,Primaria,Masculino,Sin información,,Ancash,Lima,Vulnerabilidad alta,ESCALO,NO,Not applicable for this semester,Not applicable for this semester,Not applicable for this semester,Not applicable for this semester,MATRICULADO(A),MATRICULADO(A),198,0,0,0,0,Pending,,0,,PENDIENTE DE INFO,,,,,,,Pending,N/A,N/A,N/A,ESCALA DE INGRESOS,,E,,,14.57,,,,,,,,,,,,,,,,,,,,,,,,,Sin información,Sin información,B1,,,,,,,,,,,,,,,,,,,,,,,,,,,,,,,
SCHOLAR-FE55906F889A,PERÚ,Cohorte 2026,BECARIO(A) ACTIVO,Universidad de Ingeniería y Tecnología (UTEC),Ciencia de la Computación,Segundo semestre,Scholar-FE55906F,2026-03,5,2030,2025,Secundaria,Universitario,Masculino,Sin información,,Puno,Lima,Vulnerabilidad moderada,ESCALO,NO,Not applicable for this semester,Not applicable for this semester,Not applicable for this semester,Not applicable for this semester,MATRICULADO(A),MATRICULADO(A),198,0,0,0,0,Pending,,0,,PENDIENTE DE INFO,,,,,,,A1,N/A,N/A,N/A,ESCALA DE INGRESOS,,D,,,11.18,,,,,,,,,,,,,,,,,,,,,,,,,Sin información,Sin información,A1,,,,,,,,,,,,,,,,,,,,,,,,,,,,,,,
SCHOLAR-CB4F9C8F1563,PERÚ,Cohorte 2026,BECARIO(A) ACTIVO,Universidad de Ingeniería y Tecnología (UTEC),Ciencia de la Computación,Segundo semestre,Scholar-CB4F9C8F,2026-03,5,2030,2024,Técnico profesional,Universitario,Masculino,Sin información,,Lambayeque,Lima,Vulnerabilidad baja,ESCALO,NO,Not applicable for this semester,Not applicable for this semester,Not applicable for this semester,Not applicable for this semester,MATRICULADO(A),MATRICULADO(A),198,0,0,0,0,Pending,,0,,PENDIENTE DE INFO,,,,,,,B1,N/A,N/A,N/A,ESCALA DE INGRESOS,,C,,,17,,,,,,,,,,,,,,,,,,,,,,,,,Sin información,Sin información,B1,,,,,,,,,,,,,,,,,,,,,,,,,,,,,,,
SCHOLAR-7179796D0E16,PERÚ,Cohorte 2026,BECARIO(A) ACTIVO,Universidad de Ingeniería y Tecnología (UTEC),Ciencia de la Computación,Segundo semestre,Scholar-7179796D,2026-03,5,2030,2022,Primaria,Secundaria,Masculino,Sin información,,Lima,Lima,Vulnerabilidad moderada,ESCALO,NO,Not applicable for this semester,Not applicable for this semester,Not applicable for this semester,Not applicable for this semester,MATRICULADO(A),MATRICULADO(A),198,0,0,0,0,Pending,,0,,PENDIENTE DE INFO,,,,,,,B1,N/A,N/A,N/A,ESCALA DE INGRESOS,,D,,,10.98,,,,,,,,,,,,,,,,,,,,,,,,,Sin información,Sin información,B1,,,,,,,,,,,,,,,,,,,,,,,,,,,,,,,
SCHOLAR-10B46089B441,PERÚ,Cohorte 2026,BECARIO(A) ACTIVO,UPC - Universidad Peruana de Ciencias Aplicadas,Ingeniería de sistemas de información,Segundo semestre,Scholar-10B46089,2026-03,5,2030,2024,Primaria,Secundaria,Masculino,Sin información,,Lima,Lima,Vulnerabilidad alta,ESCALO,NO,Not applicable for this semester,Not applicable for this semester,Not applicable for this semester,Not applicable for this semester,MATRICULADO(A),MATRICULADO(A),200,0,0,0,0,Pending,,0,,PENDIENTE DE INFO,,,,,,,A1,N/A,N/A,N/A,ESCALA DE INGRESOS,,E,,,18.62,,,,,,,,,,,,,,,,,,,,,,,,,Sin información,Sin información,A1,,,,,,,,,,,,,,,,,,,,,,,,,,,,,,,
SCHOLAR-C0187E788A92,PERÚ,Cohorte 2026,BECARIO(A) ACTIVO,UPC - Universidad Peruana de Ciencias Aplicadas,Ingeniería de sistemas de información,Segundo semestre,Scholar-C0187E78,2026-03,5,2030,2025,Primaria,Secundaria,Masculino,Sin información,,Lima,Lima,Vulnerabilidad moderada,ESCALO,NO,Not applicable for this semester,Not applicable for this semester,Not applicable for this semester,Not applicable for this semester,MATRICULADO(A),MATRICULADO(A),200,0,0,0,0,Pending,,0,,PENDIENTE DE INFO,,,,,,,B2,N/A,N/A,N/A,ESCALA DE INGRESOS,,D,,,18.55,,,,,,,,,,,,,,,,,,,,,,,,,Sin información,Sin información,B2,,,,,,,,,,,,,,,,,,,,,,,,,,,,,,,
SCHOLAR-18CF4DD2175F,PERÚ,Cohorte 2026,BECARIO(A) ACTIVO,UPC - Universidad Peruana de Ciencias Aplicadas,Ingeniería de sistemas de información,Segundo semestre,Scholar-18CF4DD2,2026-03,5,2030,2025,Secundaria,Secundaria,Masculino,Sin información,,Lima,Lima,Vulnerabilidad baja,ESCALO,NO,Not applicable for this semester,Not applicable for this semester,Not applicable for this semester,Not applicable for this semester,MATRICULADO(A),MATRICULADO(A),200,0,0,0,0,Pending,,0,,PENDIENTE DE INFO,,,,,,,A1,N/A,N/A,N/A,ESCALA DE INGRESOS,,C,,,14.35,,,,,,,,,,,,,,,,,,,,,,,,,Sin información,Sin información,A1,,,,,,,,,,,,,,,,,,,,,,,,,,,,,,,
SCHOLAR-EC255A8BCA86,PERÚ,Cohorte 2026,BECARIO(A) ACTIVO,UPC - Universidad Peruana de Ciencias Aplicadas,Ingeniería de sistemas de información,Segundo semestre,Scholar-EC255A8B,2026-03,5,2030,2025,Secundaria,Secundaria,Femenino,Sin información,,Lima,Lima,Vulnerabilidad alta,ESCALO,NO,Not applicable for this semester,Not applicable for this semester,Not applicable for this semester,Not applicable for this semester,MATRICULADO(A),MATRICULADO(A),200,0,0,0,0,Pending,,0,,PENDIENTE DE INFO,,,,,,,Pending,N/A,N/A,N/A,ESCALA DE INGRESOS,,E,,,18.45,,,,,,,,,,,,,,,,,,,,,,,,,Sin información,Sin información,#N/A,,,,,,,,,,,,,,,,,,,,,,,,,,,,,,,
SCHOLAR-23C6001851F2,PERÚ,Cohorte 2026,BECARIO(A) ACTIVO,UPC - Universidad Peruana de Ciencias Aplicadas,Ciencia de la Computación,Segundo semestre,Scholar-23C60018,2026-03,5,2030,2024,Técnico profesional,Técnico profesional,Masculino,Sin información,,Ayacucho,Lima,Vulnerabilidad alta,ESCALO,NO,Not applicable for this semester,Not applicable for this semester,Not applicable for this semester,Not applicable for this semester,MATRICULADO(A),MATRICULADO(A),200,0,0,0,0,Pending,,0,,PENDIENTE DE INFO,,,,,,,B1,N/A,N/A,N/A,ESCALA DE INGRESOS,,E,,,14.07,,,,,,,,,,,,,,,,,,,,,,,,,Sin información,Sin información,B1,,,,,,,,,,,,,,,,,,,,,,,,,,,,,,,
SCHOLAR-345DE22A8898,PERÚ,Cohorte 2026,BECARIO(A) ACTIVO,UPC - Universidad Peruana de Ciencias Aplicadas,Ingeniería de sistemas de información,Segundo semestre,Scholar-345DE22A,2026-03,5,2030,2024,Secundaria,Secundaria,Masculino,Sin información,,Lima,Lima,Vulnerabilidad moderada,ESCALO,NO,Not applicable for this semester,Not applicable for this semester,Not applicable for this semester,Not applicable for this semester,MATRICULADO(A),MATRICULADO(A),200,0,0,0,0,Pending,,0,,PENDIENTE DE INFO,,,,,,,A2,N/A,N/A,N/A,ESCALA DE INGRESOS,,D,,,14.5,,,,,,,,,,,,,,,,,,,,,,,,,Sin información,Sin información,A2,,,,,,,,,,,,,,,,,,,,,,,,,,,,,,,
SCHOLAR-9A556828AB5A,PERÚ,Cohorte 2026,BECARIO(A) ACTIVO,UPC - Universidad Peruana de Ciencias Aplicadas,Ciencia de la Computación,Segundo semestre,Scholar-9A556828,2026-03,5,2030,2025,Universitario,Técnico profesional,Masculino,Sin información,,Arequipa,Lima,Vulnerabilidad moderada,ESCALO,NO,Not applicable for this semester,Not applicable for this semester,Not applicable for this semester,Not applicable for this semester,MATRICULADO(A),MATRICULADO(A),200,0,0,0,0,Pending,,0,,PENDIENTE DE INFO,,,,,,,A2,N/A,N/A,N/A,ESCALA DE INGRESOS,,D,,,14.08,,,,,,,,,,,,,,,,,,,,,,,,,Sin información,Sin información,A2,,,,,,,,,,,,,,,,,,,,,,,,,,,,,,,
SCHOLAR-C81A3A12EEEC,PERÚ,Cohorte 2026,BECARIO(A) ACTIVO,UPC - Universidad Peruana de Ciencias Aplicadas,Ingeniería de software,Segundo semestre,Scholar-C81A3A12,2026-03,5,2030,2025,Universitario,Universitario,Masculino,Sin información,,Arequipa,Lima,Vulnerabilidad baja,ESCALO,NO,Not applicable for this semester,Not applicable for this semester,Not applicable for this semester,Not applicable for this semester,MATRICULADO(A),MATRICULADO(A),200,0,0,0,0,Pending,,0,,PENDIENTE DE INFO,,,,,,,B1,N/A,N/A,N/A,ESCALA DE INGRESOS,,C,,,16.2,,,,,,,,,,,,,,,,,,,,,,,,,Sin información,Sin información,B1,,,,,,,,,,,,,,,,,,,,,,,,,,,,,,,
SCHOLAR-1A7473B708C3,PERÚ,Cohorte 2026,BECARIO(A) ACTIVO,UPC - Universidad Peruana de Ciencias Aplicadas,Ciencia de la Computación,Segundo semestre,Scholar-1A7473B7,2026-03,5,2030,2024,Secundaria,Secundaria,Masculino,Sin información,,Lima,Lima,Vulnerabilidad alta,ESCALO,NO,Not applicable for this semester,Not applicable for this semester,Not applicable for this semester,Not applicable for this semester,MATRICULADO(A),MATRICULADO(A),200,0,0,0,0,Pending,,0,,PENDIENTE DE INFO,,,,,,,A1,N/A,N/A,N/A,ESCALA DE INGRESOS,,E,,,18.65,,,,,,,,,,,,,,,,,,,,,,,,,Sin información,Sin información,A1,,,,,,,,,,,,,,,,,,,,,,,,,,,,,,,
SCHOLAR-C27DF9CAB61F,PERÚ,Cohorte 2026,BECARIO(A) ACTIVO,UPC - Universidad Peruana de Ciencias Aplicadas,Ingeniería de software,Segundo semestre,Scholar-C27DF9CA,2026-03,5,2030,2024,Técnico profesional,Secundaria,Masculino,Sin información,,Arequipa,Lima,Vulnerabilidad moderada,ESCALO,NO,Not applicable for this semester,Not applicable for this semester,Not applicable for this semester,Not applicable for this semester,MATRICULADO(A),MATRICULADO(A),200,0,0,0,0,Pending,,0,,PENDIENTE DE INFO,,,,,,,A1,N/A,N/A,N/A,ESCALA DE INGRESOS,,D,,,14.88,,,,,,,,,,,,,,,,,,,,,,,,,Sin información,Sin información,A1,,,,,,,,,,,,,,,,,,,,,,,,,,,,,,,
SCHOLAR-0D71306A259E,PERÚ,Cohorte 2026,BECARIO(A) ACTIVO,UPC - Universidad Peruana de Ciencias Aplicadas,Ingeniería de software,Segundo semestre,Scholar-0D71306A,2026-03,5,2030,2025,Universitario,Técnico profesional,Femenino,Sin información,,Lima,Lima,Vulnerabilidad baja,ESCALO,NO,Not applicable for this semester,Not applicable for this semester,Not applicable for this semester,Not applicable for this semester,MATRICULADO(A),MATRICULADO(A),200,0,0,0,0,Pending,,0,,PENDIENTE DE INFO,,,,,,,B2,N/A,N/A,N/A,ESCALA DE INGRESOS,,C,,,15.23,,,,,,,,,,,,,,,,,,,,,,,,,Sin información,Sin información,B2,,,,,,,,,,,,,,,,,,,,,,,,,,,,,,,
SCHOLAR-0D23AFEE4834,PERÚ,Cohorte 2026,BECARIO(A) ACTIVO,UPC - Universidad Peruana de Ciencias Aplicadas,Ingeniería de sistemas de información,Segundo semestre,Scholar-0D23AFEE,2026-03,5,2030,2025,Técnico profesional,Secundaria,Masculino,Sin información,,San Martin,Lima,Vulnerabilidad alta,ESCALO,NO,Not applicable for this semester,Not applicable for this semester,Not applicable for this semester,Not applicable for this semester,MATRICULADO(A),MATRICULADO(A),200,0,0,0,0,Pending,,0,,PENDIENTE DE INFO,,,,,,,A1,N/A,N/A,N/A,ESCALA DE INGRESOS,,E,,,14.57,,,,,,,,,,,,,,,,,,,,,,,,,Sin información,Sin información,A1,,,,,,,,,,,,,,,,,,,,,,,,,,,,,,,
SCHOLAR-1E121C083BF9,PERÚ,Cohorte 2026,BECARIO(A) ACTIVO,UPC - Universidad Peruana de Ciencias Aplicadas,Ingeniería de sistemas de información,Segundo semestre,Scholar-1E121C08,2026-03,5,2030,2024,Ninguno,Secundaria,Masculino,Sin información,,Callao,Lima,Vulnerabilidad alta,ESCALO,NO,Not applicable for this semester,Not applicable for this semester,Not applicable for this semester,Not applicable for this semester,MATRICULADO(A),MATRICULADO(A),200,0,0,0,0,Pending,,0,,PENDIENTE DE INFO,,,,,,,A1,N/A,N/A,N/A,ESCALA DE INGRESOS,,E,,,15.13,,,,,,,,,,,,,,,,,,,,,,,,,Sin información,Sin información,A1,,,,,,,,,,,,,,,,,,,,,,,,,,,,,,,
SCHOLAR-F8FA5008B8B9,PERÚ,Cohorte 2026,BECARIO(A) ACTIVO,UPC - Universidad Peruana de Ciencias Aplicadas,Ingeniería de sistemas de información,Segundo semestre,Scholar-F8FA5008,2026-03,5,2030,2025,Secundaria,Secundaria,Masculino,Sin información,,Callao,Lima,Vulnerabilidad moderada,ESCALO,NO,Not applicable for this semester,Not applicable for this semester,Not applicable for this semester,Not applicable for this semester,MATRICULADO(A),MATRICULADO(A),200,0,0,0,0,Pending,,0,,PENDIENTE DE INFO,,,,,,,A1,N/A,N/A,N/A,ESCALA DE INGRESOS,,D,,,13.63,,,,,,,,,,,,,,,,,,,,,,,,,Sin información,Sin información,A1,,,,,,,,,,,,,,,,,,,,,,,,,,,,,,,
SCHOLAR-3970789FFE8A,PERÚ,Cohorte 2026,BECARIO(A) ACTIVO,UPC - Universidad Peruana de Ciencias Aplicadas,Ingeniería de software,Segundo semestre,Scholar-3970789F,2026-03,5,2030,2025,Técnico profesional,Secundaria,Masculino,Sin información,,Junín,Lima,Vulnerabilidad alta,ESCALO,NO,Not applicable for this semester,Not applicable for this semester,Not applicable for this semester,Not applicable for this semester,MATRICULADO(A),MATRICULADO(A),200,0,0,0,0,Pending,,0,,PENDIENTE DE INFO,,,,,,,B1,N/A,N/A,N/A,ESCALA DE INGRESOS,,E,,,16.58,,,,,,,,,,,,,,,,,,,,,,,,,Sin información,Sin información,B1,,,,,,,,,,,,,,,,,,,,,,,,,,,,,,,
SCHOLAR-9096440FF2FA,PERÚ,Cohorte 2026,BECARIO(A) ACTIVO,UPC - Universidad Peruana de Ciencias Aplicadas,Ingeniería de software,Segundo semestre,Scholar-9096440F,2026-03,5,2030,2025,Técnico profesional,Secundaria,Masculino,Sin información,,Lima,Lima,Vulnerabilidad alta,ESCALO,NO,Not applicable for this semester,Not applicable for this semester,Not applicable for this semester,Not applicable for this semester,MATRICULADO(A),MATRICULADO(A),200,0,0,0,0,Pending,,0,,PENDIENTE DE INFO,,,,,,,A2,N/A,N/A,N/A,ESCALA DE INGRESOS,,E,,,12.97,,,,,,,,,,,,,,,,,,,,,,,,,Sin información,Sin información,A2,,,,,,,,,,,,,,,,,,,,,,,,,,,,,,,
SCHOLAR-D28DF1329B2F,PERÚ,Cohorte 2026,BECARIO(A) ACTIVO,UPC - Universidad Peruana de Ciencias Aplicadas,Ingeniería de sistemas de información,Segundo semestre,Scholar-D28DF132,2026-03,5,2030,2025,Secundaria,Secundaria,Femenino,Sin información,,Lima,Lima,Vulnerabilidad moderada,ESCALO,NO,Not applicable for this semester,Not applicable for this semester,Not applicable for this semester,Not applicable for this semester,MATRICULADO(A),MATRICULADO(A),200,0,0,0,0,Pending,,0,,PENDIENTE DE INFO,,,,,,,B1,N/A,N/A,N/A,ESCALA DE INGRESOS,,D,,,16.45,,,,,,,,,,,,,,,,,,,,,,,,,Sin información,Sin información,B1,,,,,,,,,,,,,,,,,,,,,,,,,,,,,,,
SCHOLAR-BB47F3C6AA0A,PERÚ,Cohorte 2026,BECARIO(A) ACTIVO,UPC - Universidad Peruana de Ciencias Aplicadas,Ingeniería de software,Segundo semestre,Scholar-BB47F3C6,2026-03,5,2030,2025,Secundaria,Secundaria,Femenino,Sin información,,Lima,Lima,Vulnerabilidad moderada,ESCALO,NO,Not applicable for this semester,Not applicable for this semester,Not applicable for this semester,Not applicable for this semester,MATRICULADO(A),MATRICULADO(A),200,0,0,0,0,Pending,,0,,PENDIENTE DE INFO,,,,,,,A1,N/A,N/A,N/A,ESCALA DE INGRESOS,,D,,,17,,,,,,,,,,,,,,,,,,,,,,,,,Sin información,Sin información,A1,,,,,,,,,,,,,,,,,,,,,,,,,,,,,,,
SCHOLAR-C397B1175E92,PERÚ,Cohorte 2026,BECARIO(A) ACTIVO,UPC - Universidad Peruana de Ciencias Aplicadas,Ingeniería de sistemas de información,Segundo semestre,Scholar-C397B117,2026-03,5,2030,2025,Secundaria,Secundaria,Femenino,Sin información,,Lima,Lima,Vulnerabilidad moderada,ESCALO,NO,Not applicable for this semester,Not applicable for this semester,Not applicable for this semester,Not applicable for this semester,MATRICULADO(A),MATRICULADO(A),200,0,0,0,0,Pending,,0,,PENDIENTE DE INFO,,,,,,,Pending,N/A,N/A,N/A,ESCALA DE INGRESOS,,D,,,13.83,,,,,,,,,,,,,,,,,,,,,,,,,Sin información,Sin información,#N/A,,,,,,,,,,,,,,,,,,,,,,,,,,,,,,,
SCHOLAR-92D2B3C96B51,PERÚ,Cohorte 2026,BECARIO(A) ACTIVO,UPC - Universidad Peruana de Ciencias Aplicadas,Ingeniería de sistemas de información,Segundo semestre,Scholar-92D2B3C9,2026-03,5,2030,2024,Secundaria,Secundaria,Masculino,Sin información,,Lima,Lima,Vulnerabilidad baja,ESCALO,NO,Not applicable for this semester,Not applicable for this semester,Not applicable for this semester,Not applicable for this semester,MATRICULADO(A),MATRICULADO(A),200,0,0,0,0,Pending,,0,,PENDIENTE DE INFO,,,,,,,A1,N/A,N/A,N/A,ESCALA DE INGRESOS,,C,,,15,,,,,,,,,,,,,,,,,,,,,,,,,Sin información,Sin información,A1,,,,,,,,,,,,,,,,,,,,,,,,,,,,,,,